0;0;0;0;land;false;unknown;0
1;252;172;1;land;false;plains;6
2;196;175;1;land;false;plains;6
3;223;202;1;land;false;plains;6
4;227;212;1;land;false;urban;6
5;230;242;1;land;false;plains;6
6;217;213;1;land;false;urban;6
7;224;197;1;land;false;hills;6
8;216;229;1;land;false;plains;6
9;228;222;1;land;false;plains;6
10;206;174;1;land;false;urban;6
11;206;226;1;land;false;plains;6
12;57;44;1;land;false;plains;7
13;10;38;1;land;false;plains;7
14;50;0;1;land;false;plains;7
15;51;11;1;land;false;plains;7
16;88;27;1;land;false;plains;7
17;62;44;1;land;false;plains;7
18;39;36;1;land;false;plains;7
19;79;48;1;land;false;plains;7
20;215;239;1;land;false;plains;7
21;239;230;1;land;false;plains;7
22;190;170;1;land;false;desert;5
23;136;196;1;land;false;plains;5
24;169;193;1;land;false;plains;5
25;152;230;1;land;false;plains;5
26;146;167;1;land;false;plains;5
27;155;183;1;land;false;desert;5
28;173;184;1;land;false;plains;5
29;140;170;1;land;false;desert;5
30;200;160;1;land;false;plains;5
31;188;209;1;land;false;desert;5
32;201;198;1;land;false;plains;5
33;177;200;1;land;false;plains;5
34;209;198;1;land;true;plains;5
35;198;194;1;land;false;plains;5
36;205;166;1;land;false;plains;5
37;161;223;1;land;false;plains;5
38;166;202;1;land;false;plains;5
39;146;230;1;land;false;urban;5
40;200;163;1;land;false;plains;5
41;151;221;1;land;true;plains;5
42;190;223;1;land;false;plains;5
43;164;201;1;land;true;plains;5
44;152;227;1;land;false;plains;5
45;138;194;1;land;false;desert;5
46;201;161;1;land;false;plains;5
47;171;194;1;land;true;plains;5
48;154;185;1;land;false;plains;5
49;167;191;1;land;false;desert;5
50;146;228;1;land;false;plains;5
51;154;199;1;land;false;plains;5
52;172;181;1;land;false;plains;5
53;203;186;1;land;false;plains;5
54;206;210;1;land;false;plains;5
55;197;168;1;land;false;plains;5
56;167;187;1;land;false;desert;5
57;154;201;1;land;false;desert;5
58;188;210;1;land;false;plains;5
59;159;204;1;land;false;plains;5
60;211;196;1;land;false;plains;5
61;160;183;1;land;false;plains;5
62;205;223;1;land;false;desert;5
63;170;219;1;land;false;plains;5
64;166;189;1;land;false;plains;5
65;172;187;1;land;false;plains;5
66;143;167;1;land;false;plains;5
67;205;236;1;land;false;desert;5
68;166;193;1;land;false;plains;5
69;192;163;1;land;false;plains;5
70;185;213;1;land;true;hills;5
71;153;234;1;land;false;plains;5
72;141;216;1;land;true;hills;5
73;165;229;1;land;true;plains;5
74;168;37;1;land;true;plains;6
75;215;154;1;land;true;plains;5
76;195;165;1;land;true;desert;5
77;202;154;1;land;true;plains;5
78;181;136;1;land;true;desert;5
79;167;146;1;land;false;plains;5
80;218;161;1;land;true;desert;5
81;210;171;1;land;true;plains;5
82;171;158;1;land;true;plains;5
83;162;139;1;land;false;desert;5
84;203;139;1;land;false;desert;5
85;161;115;1;land;true;desert;5
86;161;101;1;land;true;plains;5
87;167;126;1;land;true;hills;5
88;174;144;1;land;true;plains;5
89;199;123;1;land;true;plains;5
90;197;120;1;land;true;plains;5
91;203;127;1;land;true;plains;5
92;215;124;1;land;true;plains;5
93;174;162;1;land;true;plains;5
94;212;171;1;land;true;plains;5
95;212;157;1;land;true;desert;5
96;170;143;1;land;true;desert;5
97;230;156;1;land;false;plains;5
98;171;148;1;land;true;plains;5
99;191;142;1;land;false;desert;5
100;182;126;1;land;true;plains;5
101;218;132;1;land;true;plains;5
102;189;116;1;land;false;desert;5
103;226;166;1;land;true;plains;5
104;213;143;1;land;true;plains;5
105;197;122;1;land;false;plains;5
106;189;159;1;land;false;desert;5
107;172;122;1;land;true;desert;5
108;179;157;1;land;true;plains;5
109;230;110;1;land;true;plains;5
110;228;123;1;land;false;desert;5
111;194;121;1;land;false;plains;5
112;172;150;1;land;false;plains;5
113;179;101;1;land;true;plains;5
114;154;105;1;land;true;plains;5
115;205;111;1;land;true;desert;5
116;203;110;1;land;false;plains;5
117;190;150;1;land;true;desert;5
118;151;107;1;land;true;plains;5
119;170;128;1;land;true;plains;5
120;151;128;1;land;true;hills;5
121;155;151;1;land;true;desert;5
122;163;150;1;land;false;plains;5
123;215;150;1;land;true;plains;5
124;219;122;1;land;true;plains;5
125;190;122;1;land;false;desert;5
126;195;173;1;land;true;plains;5
127;184;127;1;land;true;plains;5
128;200;178;1;land;false;desert;5
129;175;172;1;land;true;plains;5
130;173;132;1;land;true;plains;5
131;176;153;1;land;true;plains;5
132;213;110;1;land;false;plains;5
133;161;153;1;land;true;plains;5
134;229;106;1;land;true;desert;5
135;209;137;1;land;false;desert;5
136;200;114;1;land;true;plains;5
137;227;124;1;land;false;plains;5
138;190;174;1;land;false;desert;5
139;173;148;1;land;true;desert;5
140;192;171;1;land;false;plains;5
141;185;153;1;land;true;desert;5
142;228;135;1;land;true;plains;5
143;134;37;1;land;false;plains;6
144;70;96;1;land;false;plains;6
145;146;56;1;land;false;plains;6
146;137;101;1;land;false;plains;6
147;98;88;1;land;false;plains;6
148;106;35;1;land;false;plains;6
149;128;79;1;land;false;plains;6
150;96;91;1;land;false;plains;6
151;4;216;1;land;false;plains;4
152;32;243;1;land;false;plains;4
153;31;194;1;land;false;plains;4
154;91;123;1;land;false;plains;6
155;122;173;1;land;false;plains;6
156;130;97;1;land;false;plains;6
157;143;155;1;land;false;mountain;6
158;91;96;1;land;false;mountain;6
159;110;127;1;land;false;plains;6
160;113;103;1;land;false;hills;6
161;77;102;1;land;false;forest;7
162;109;157;1;land;false;forest;7
163;125;155;1;land;false;forest;7
164;113;164;1;land;false;plains;7
165;120;138;1;land;false;plains;7
166;90;170;1;land;false;plains;7
167;109;170;1;land;false;plains;7
168;95;127;1;land;false;forest;7
169;110;97;1;land;false;forest;7
170;234;230;1;land;false;forest;7
171;231;197;1;land;false;urban;7
172;219;217;1;land;false;urban;7
173;199;179;1;land;false;plains;7
174;150;113;1;land;false;forest;7
175;148;119;1;land;false;hills;7
176;174;134;1;land;false;forest;7
177;112;145;1;land;false;forest;7
178;118;81;1;land;false;forest;7
179;158;135;1;land;false;forest;7
180;159;139;1;land;false;hills;7
181;174;82;1;land;false;forest;7
182;144;89;1;land;false;forest;7
183;151;113;1;land;false;hills;7
184;175;139;1;land;false;forest;7
185;149;87;1;land;false;forest;7
186;168;109;1;land;false;forest;7
187;117;94;1;land;false;forest;7
188;164;89;1;land;false;hills;7
189;183;113;1;land;false;forest;7
190;171;79;1;land;false;forest;7
191;115;118;1;land;false;hills;7
192;183;122;1;land;false;forest;7
193;128;101;1;land;false;forest;7
194;130;113;1;land;false;hills;7
195;136;201;1;land;true;plains;3
196;170;111;1;land;false;plains;7
197;159;155;1;land;false;plains;7
198;167;138;1;land;false;plains;7
199;180;159;1;land;false;plains;7
200;111;122;1;land;false;plains;7
201;202;178;1;land;false;plains;5
202;171;135;1;land;false;plains;5
203;161;170;1;land;false;plains;5
204;205;162;1;land;false;plains;5
205;183;143;1;land;false;plains;5
206;214;104;1;land;true;plains;5
207;161;127;1;land;true;plains;5
208;183;148;1;land;false;plains;5
209;182;119;1;land;false;plains;5
210;156;141;1;land;true;desert;5
211;177;126;1;land;true;plains;5
212;173;179;1;land;true;plains;5
213;163;137;1;land;false;plains;5
214;210;124;1;land;false;plains;5
215;195;120;1;land;true;plains;5
216;205;112;1;land;true;plains;5
217;175;146;1;land;false;urban;5
218;212;128;1;land;false;desert;5
219;146;142;1;land;false;plains;5
220;140;146;1;land;false;plains;5
221;166;182;1;land;false;plains;5
222;214;214;1;land;true;forest;5
223;247;226;1;land;true;forest;5
224;205;216;1;land;true;forest;5
225;88;147;1;land;false;plains;7
226;106;169;1;land;true;plains;7
227;86;140;1;land;false;plains;7
228;77;126;1;land;false;plains;7
229;77;117;1;land;true;plains;7
230;113;108;1;land;true;plains;7
231;102;166;1;land;false;plains;7
232;97;141;1;land;true;plains;7
233;119;151;1;land;false;plains;7
234;85;174;1;land;false;plains;7
235;54;116;1;land;false;plains;7
236;102;133;1;land;false;plains;7
237;119;115;1;land;false;plains;7
238;53;178;1;land;true;plains;7
239;72;154;1;land;true;plains;7
240;164;129;1;land;true;plains;5
241;131;91;1;land;true;plains;5
242;145;124;1;land;true;desert;5
243;134;135;1;land;true;desert;5
244;119;106;1;land;true;plains;5
245;137;100;1;land;true;desert;5
246;161;99;1;land;true;desert;5
247;145;114;1;land;true;desert;5
248;168;99;1;land;true;plains;5
249;135;91;1;land;true;desert;5
250;182;97;1;land;true;hills;5
251;176;124;1;land;true;plains;5
252;161;138;1;land;true;plains;5
253;133;121;1;land;true;plains;5
254;186;125;1;land;true;plains;5
255;154;107;1;land;true;plains;5
256;185;100;1;land;true;hills;5
257;164;131;1;land;true;hills;5
258;168;130;1;land;true;desert;5
259;150;96;1;land;true;desert;5
260;134;110;1;land;true;hills;5
261;189;103;1;land;true;plains;5
262;66;8;1;land;false;hills;7
263;84;20;1;land;false;hills;7
264;108;28;1;land;false;hills;7
265;70;42;1;land;false;plains;7
266;128;2;1;land;false;hills;7
267;68;47;1;land;false;plains;7
268;112;6;1;land;false;plains;7
269;102;26;1;land;false;hills;7
270;107;25;1;land;false;plains;7
271;56;6;1;land;false;hills;6
272;67;83;1;land;false;plains;6
273;61;45;1;land;false;plains;6
274;58;72;1;land;false;plains;6
275;75;46;1;land;false;plains;6
276;90;9;1;land;false;hills;6
277;51;9;1;land;false;plains;6
278;84;40;1;land;false;plains;6
279;187;123;1;land;false;forest;7
280;174;150;1;land;false;forest;7
281;180;175;1;land;false;forest;7
282;124;153;1;land;false;forest;7
283;150;119;1;land;false;forest;7
284;160;156;1;land;false;forest;7
285;110;54;1;land;false;plains;6
286;74;95;1;land;false;plains;6
287;125;86;1;land;false;forest;6
288;83;87;1;land;true;plains;7
289;180;125;1;land;true;hills;6
290;63;55;1;land;true;plains;5
291;98;130;1;land;false;plains;4
292;96;117;1;land;false;plains;6
293;106;104;1;land;true;plains;6
294;101;174;1;land;false;plains;6
295;68;155;1;land;false;plains;6
296;145;105;1;land;false;plains;6
297;145;127;1;land;false;plains;6
298;138;138;1;land;false;plains;6
299;121;101;1;land;false;plains;6
300;141;121;1;land;false;plains;6
301;126;143;1;land;false;plains;6
302;135;117;1;land;true;plains;6
303;116;129;1;land;false;plains;6
304;97;119;1;land;true;plains;6
305;142;135;1;land;false;plains;6
306;128;100;1;land;false;plains;6
307;141;171;1;land;false;plains;6
308;128;159;1;land;false;plains;6
309;113;102;1;land;false;plains;6
310;105;116;1;land;false;plains;6
311;148;112;1;land;false;plains;5
312;134;138;1;land;false;plains;5
313;113;158;1;land;false;plains;5
314;165;142;1;land;false;desert;5
315;160;146;1;land;true;desert;5
316;128;102;1;land;false;desert;5
317;160;154;1;land;true;desert;5
318;159;143;1;land;true;desert;5
319;140;116;1;land;false;desert;5
320;184;128;1;land;true;plains;5
321;176;167;1;land;false;plains;5
322;161;118;1;land;false;plains;5
323;144;109;1;land;false;plains;5
324;178;162;1;land;false;desert;5
325;176;99;1;land;false;desert;5
326;164;127;1;land;false;desert;5
327;183;96;1;land;false;desert;5
328;180;111;1;land;false;plains;5
329;133;140;1;land;false;plains;5
330;133;131;1;land;true;desert;5
331;169;119;1;land;false;plains;5
332;184;96;1;land;false;plains;5
333;134;139;1;land;false;plains;5
334;163;154;1;land;false;plains;5
335;175;131;1;land;true;plains;5
336;109;120;1;land;false;plains;5
337;131;165;1;land;false;desert;5
338;183;139;1;land;true;plains;5
339;134;91;1;land;false;desert;5
340;180;108;1;land;false;plains;5
341;135;164;1;land;true;plains;5
342;136;99;1;land;true;desert;5
343;149;114;1;land;false;plains;5
344;115;105;1;land;false;desert;5
345;141;134;1;land;false;desert;5
346;178;120;1;land;false;plains;5
347;138;115;1;land;false;plains;5
348;137;146;1;land;false;plains;5
349;122;143;1;land;true;desert;5
350;131;237;1;land;true;forest;7
351;137;47;1;land;false;plains;6
352;179;60;1;land;false;plains;6
353;141;75;1;land;false;hills;6
354;1;111;1;land;false;hills;6
355;16;70;1;land;false;forest;6
356;52;129;1;land;false;hills;6
357;140;182;1;land;false;plains;6
358;163;187;1;land;false;plains;6
359;176;218;1;land;false;plains;6
360;178;197;1;land;false;plains;6
361;161;215;1;land;false;plains;6
362;179;221;1;land;true;plains;6
363;116;180;1;land;false;plains;6
364;180;213;1;land;false;forest;6
365;147;84;1;land;false;plains;5
366;169;139;1;land;true;plains;5
367;151;79;1;land;false;plains;5
368;165;60;1;land;true;desert;5
369;149;131;1;land;true;plains;5
370;175;96;1;land;false;plains;5
371;140;107;1;land;true;desert;5
372;174;96;1;land;false;desert;5
373;181;138;1;land;true;plains;5
374;159;138;1;land;true;plains;5
375;216;113;1;land;true;desert;5
376;218;80;1;land;false;desert;5
377;152;137;1;land;false;plains;5
378;211;111;1;land;true;plains;5
379;194;79;1;land;true;desert;5
380;141;70;1;land;true;plains;5
381;154;97;1;land;true;plains;5
382;204;93;1;land;false;plains;5
383;208;97;1;land;true;plains;5
384;142;89;1;land;false;plains;5
385;211;64;1;land;false;plains;5
386;196;91;1;land;false;desert;5
387;126;98;1;land;false;plains;6
388;91;114;1;land;false;plains;6
389;204;141;1;land;true;plains;6
390;134;181;1;land;true;hills;5
391;94;72;1;land;false;hills;6
392;77;107;1;land;false;hills;6
393;83;77;1;land;false;plains;6
394;151;30;1;land;false;plains;6
395;83;32;1;land;false;hills;6
396;90;69;1;land;false;plains;6
397;86;59;1;land;false;mountain;6
398;110;94;1;land;false;mountain;6
399;117;103;1;land;false;hills;6
400;154;85;1;land;false;plains;6
401;151;32;1;land;false;mountain;6
402;84;65;1;land;false;hills;6
403;98;44;1;land;false;plains;6
404;137;88;1;land;false;plains;6
405;91;76;1;land;false;plains;6
406;151;88;1;land;false;hills;6
407;123;36;1;land;false;hills;6
408;145;34;1;land;false;mountain;6
409;116;96;1;land;false;plains;6
410;127;34;1;land;false;plains;6
411;139;206;1;land;false;plains;5
412;121;195;1;land;false;plains;5
413;97;149;1;land;false;plains;5
414;110;167;1;land;false;plains;5
415;157;136;1;land;false;desert;5
416;112;131;1;land;false;desert;5
417;97;179;1;land;true;plains;5
418;165;171;1;land;true;desert;5
419;101;158;1;land;false;desert;5
420;102;172;1;land;false;plains;5
421;132;198;1;land;true;desert;5
422;133;189;1;land;false;plains;5
423;126;185;1;land;true;plains;5
424;140;175;1;land;true;plains;5
425;112;156;1;land;true;desert;5
426;125;134;1;land;false;desert;5
427;166;139;1;land;false;plains;5
428;155;133;1;land;false;desert;5
429;109;210;1;land;true;hills;5
430;123;155;1;land;false;plains;5
431;104;166;1;land;false;plains;5
432;115;198;1;land;false;desert;5
433;116;142;1;land;false;plains;5
434;132;210;1;land;true;plains;5
435;119;177;1;land;false;desert;5
436;169;150;1;land;false;desert;5
437;168;166;1;land;false;plains;5
438;123;163;1;land;true;desert;5
439;112;203;1;land;false;plains;5
440;141;206;1;land;true;hills;5
441;144;209;1;land;false;desert;5
442;103;184;1;land;true;plains;5
443;101;153;1;land;false;desert;5
444;130;131;1;land;true;desert;5
445;129;162;1;land;false;plains;5
446;100;159;1;land;true;desert;5
447;94;138;1;land;false;plains;5
448;162;134;1;land;false;plains;5
449;111;177;1;land;false;desert;5
450;219;169;1;land;false;desert;5
451;236;188;1;land;false;plains;5
452;162;148;1;land;false;desert;5
453;227;219;1;land;false;plains;5
454;229;215;1;land;true;plains;5
455;182;206;1;land;true;desert;5
456;208;154;1;land;false;plains;5
457;182;149;1;land;false;plains;5
458;200;171;1;land;true;plains;5
459;237;146;1;land;true;plains;5
460;207;183;1;land;true;plains;5
461;193;190;1;land;false;desert;5
462;193;199;1;land;false;plains;5
463;190;201;1;land;true;plains;5
464;174;175;1;land;true;plains;5
465;212;205;1;land;false;plains;5
466;195;185;1;land;false;plains;5
467;165;197;1;land;true;plains;5
468;204;173;1;land;true;plains;5
469;200;219;1;land;true;desert;5
470;217;144;1;land;false;plains;5
471;219;187;1;land;true;plains;5
472;182;171;1;land;true;plains;5
473;187;220;1;land;false;plains;5
474;188;150;1;land;false;plains;5
475;226;219;1;land;false;plains;5
476;187;211;1;land;true;plains;5
477;195;186;1;land;true;plains;5
478;198;160;1;land;false;plains;5
479;171;213;1;land;false;plains;5
480;233;207;1;land;false;plains;5
481;209;220;1;land;true;plains;5
482;200;155;1;land;false;plains;5
483;163;159;1;land;false;plains;5
484;233;189;1;land;true;plains;5
485;172;165;1;land;false;plains;5
486;201;166;1;land;true;hills;5
487;161;189;1;land;true;plains;5
488;213;158;1;land;false;desert;5
489;176;147;1;land;false;plains;5
490;236;165;1;land;true;desert;5
491;217;189;1;land;false;plains;5
492;193;159;1;land;false;plains;5
493;222;215;1;land;true;plains;5
494;168;203;1;land;true;plains;5
495;228;191;1;land;false;plains;5
496;199;196;1;land;false;plains;5
497;201;188;1;land;true;hills;5
498;218;180;1;land;false;plains;5
499;168;218;1;land;false;plains;5
500;190;162;1;land;true;plains;5
501;211;145;1;land;true;plains;5
502;210;190;1;land;true;plains;5
503;236;160;1;land;true;plains;5
504;229;196;1;land;false;plains;5
505;163;216;1;land;false;plains;5
506;176;202;1;land;false;desert;5
507;173;167;1;land;true;plains;5
508;228;179;1;land;false;desert;5
509;199;201;1;land;false;plains;5
510;233;198;1;land;true;desert;5
511;234;171;1;land;false;plains;5
512;207;175;1;land;false;plains;5
513;228;216;1;land;false;plains;5
514;234;193;1;land;false;desert;5
515;30;25;1;land;true;plains;6
516;91;51;1;land;true;plains;6
517;218;186;1;land;false;plains;6
518;211;160;1;land;true;plains;6
519;223;176;1;land;true;plains;6
520;214;165;1;land;true;plains;6
521;231;169;1;land;true;plains;6
522;131;10;1;land;false;plains;4
523;74;28;1;land;false;plains;4
524;66;34;1;land;true;plains;4
525;128;167;1;land;true;desert;5
526;120;117;1;land;false;plains;5
527;121;136;1;land;false;desert;5
528;113;170;1;land;false;plains;5
529;107;154;1;land;false;plains;5
530;120;144;1;land;false;plains;5
531;151;162;1;land;false;desert;5
532;157;129;1;land;false;desert;5
533;140;125;1;land;true;plains;5
534;109;108;1;land;true;desert;5
535;168;110;1;land;true;plains;5
536;167;121;1;land;false;desert;5
537;100;162;1;land;true;plains;5
538;154;159;1;land;false;desert;5
539;138;139;1;land;false;desert;5
540;138;152;1;land;false;plains;5
541;127;154;1;land;false;plains;5
542;157;148;1;land;true;plains;5
543;102;164;1;land;true;desert;5
544;146;154;1;land;false;desert;5
545;168;158;1;land;true;plains;5
546;121;160;1;land;true;plains;5
547;157;115;1;land;false;plains;5
548;136;162;1;land;true;plains;5
549;142;166;1;land;true;desert;5
550;100;134;1;land;false;desert;5
551;122;116;1;land;false;plains;5
552;109;124;1;land;false;desert;5
553;160;99;1;land;true;desert;5
554;121;118;1;land;true;plains;5
555;105;99;1;land;false;plains;5
556;106;165;1;land;false;desert;5
557;110;125;1;land;true;hills;5
558;113;145;1;land;false;plains;5
559;107;143;1;land;false;desert;5
560;174;97;1;land;true;desert;5
561;111;105;1;land;false;desert;5
562;137;111;1;land;false;plains;5
563;101;116;1;land;false;desert;5
564;159;157;1;land;true;plains;5
565;117;155;1;land;true;desert;5
566;115;109;1;land;true;plains;5
567;123;103;1;land;true;plains;5
568;145;136;1;land;false;desert;5
569;136;127;1;land;false;plains;5
570;110;129;1;land;false;desert;5
571;108;151;1;land;true;plains;5
572;126;128;1;land;true;plains;5
573;107;149;1;land;false;desert;5
574;120;156;1;land;false;plains;5
575;117;98;1;land;true;plains;5
576;109;160;1;land;false;plains;5
577;148;101;1;land;true;plains;5
578;179;115;1;land;false;plains;5
579;159;128;1;land;true;desert;5
580;177;106;1;land;false;plains;5
581;117;112;1;land;false;desert;5
582;159;169;1;land;false;plains;5
583;139;91;1;land;true;desert;5
584;133;139;1;land;true;plains;5
585;114;139;1;land;false;desert;5
586;115;104;1;land;false;desert;5
587;134;166;1;land;false;plains;6
588;191;137;1;land;false;plains;6
589;124;176;1;land;false;plains;6
590;180;132;1;land;false;plains;6
591;128;126;1;land;false;plains;6
592;106;146;1;land;false;plains;6
593;84;164;1;land;true;hills;7
594;165;163;1;land;true;plains;6
595;182;194;1;land;true;plains;6
596;178;135;1;land;true;hills;6
597;182;187;1;land;true;plains;6
598;203;200;1;land;true;plains;6
599;144;186;1;land;true;plains;5
600;121;205;1;land;false;desert;5
601;195;188;1;land;false;desert;5
602;151;218;1;land;false;plains;5
603;176;179;1;land;true;plains;5
604;130;206;1;land;true;desert;5
605;160;198;1;land;true;plains;5
606;163;165;1;land;true;plains;5
607;157;193;1;land;false;desert;5
608;156;179;1;land;true;desert;5
609;151;166;1;land;true;desert;5
610;197;193;1;land;false;plains;5
611;171;223;1;land;true;desert;5
612;122;231;1;land;true;plains;5
613;158;178;1;land;false;plains;5
614;133;167;1;land;true;plains;5
615;159;184;1;land;true;plains;5
616;133;206;1;land;false;desert;5
617;165;193;1;land;false;desert;5
618;144;208;1;land;true;desert;5
619;175;180;1;land;true;plains;5
620;166;156;1;land;false;desert;5
621;167;170;1;land;true;plains;5
622;168;223;1;land;true;plains;5
623;168;212;1;land;true;desert;5
624;176;207;1;land;false;plains;5
625;166;166;1;land;true;plains;5
626;193;178;1;land;false;plains;5
627;144;158;1;land;false;desert;5
628;130;194;1;land;false;plains;5
629;181;169;1;land;true;desert;5
630;123;223;1;land;false;plains;5
631;153;197;1;land;false;desert;5
632;164;181;1;land;false;plains;5
633;177;224;1;land;false;plains;5
634;163;224;1;land;true;desert;5
635;171;206;1;land;true;desert;5
636;122;189;1;land;true;plains;5
637;147;187;1;land;true;plains;5
638;156;203;1;land;false;desert;5
639;168;226;1;land;false;desert;5
640;165;207;1;land;true;plains;5
641;157;189;1;land;true;desert;5
642;177;162;1;land;true;plains;5
643;158;206;1;land;true;desert;5
644;134;215;1;land;false;desert;5
645;157;179;1;land;true;hills;5
646;129;207;1;land;false;desert;5
647;185;163;1;land;true;plains;5
648;184;164;1;land;true;desert;5
649;187;180;1;land;true;hills;5
650;131;192;1;land;true;plains;5
651;174;179;1;land;false;plains;5
652;126;223;1;land;false;desert;5
653;122;195;1;land;true;desert;5
654;151;156;1;land;true;desert;5
655;196;160;1;land;true;plains;5
656;166;155;1;land;false;plains;5
657;121;196;1;land;true;hills;5
658;145;158;1;land;false;desert;5
659;131;190;1;land;false;plains;5
660;194;203;1;land;true;desert;5
661;165;170;1;land;false;desert;5
662;150;152;1;land;false;plains;5
663;109;196;1;land;true;plains;5
664;174;152;1;land;false;desert;5
665;151;193;1;land;false;plains;5
666;146;174;1;land;false;desert;5
667;163;176;1;land;true;plains;5
668;134;230;1;land;false;plains;5
669;153;168;1;land;true;desert;5
670;112;220;1;land;false;plains;5
671;114;184;1;land;true;desert;5
672;184;192;1;land;true;plains;5
673;126;178;1;land;false;plains;5
674;107;164;1;land;false;plains;5
675;172;207;1;land;true;plains;5
676;175;169;1;land;false;plains;5
677;148;189;1;land;true;desert;5
678;138;227;1;land;true;plains;5
679;183;185;1;land;false;plains;5
680;129;219;1;land;false;plains;5
681;159;226;1;land;false;plains;5
682;161;193;1;land;false;urban;5
683;137;197;1;land;false;plains;5
684;143;185;1;land;false;desert;5
685;182;203;1;land;false;plains;5
686;140;172;1;land;false;plains;5
687;110;198;1;land;true;desert;5
688;181;208;1;land;false;desert;5
689;132;202;1;land;true;plains;5
690;136;222;1;land;false;urban;5
691;179;153;1;land;false;plains;5
692;128;202;1;land;false;plains;5
693;120;186;1;land;false;plains;5
694;137;177;1;land;true;plains;5
695;150;195;1;land;true;plains;5
696;164;209;1;land;true;plains;5
697;151;185;1;land;false;plains;5
698;140;231;1;land;true;plains;5
699;126;197;1;land;true;plains;5
700;156;168;1;land;true;desert;5
701;162;215;1;land;true;plains;5
702;119;226;1;land;true;plains;5
703;136;158;1;land;false;desert;5
704;182;222;1;land;false;plains;5
705;153;156;1;land;false;plains;5
706;105;170;1;land;false;desert;5
707;133;172;1;land;true;plains;5
708;173;153;1;land;true;plains;5
709;156;169;1;land;false;plains;5
710;142;182;1;land;false;desert;5
711;145;200;1;land;false;plains;5
712;150;177;1;land;false;plains;5
713;152;160;1;land;true;plains;5
714;118;198;1;land;false;plains;5
715;156;173;1;land;false;plains;5
716;161;204;1;land;false;plains;5
717;182;216;1;land;false;plains;5
718;110;156;1;land;false;plains;5
719;180;162;1;land;false;plains;5
720;156;224;1;land;false;plains;5
721;108;220;1;land;false;urban;5
722;148;192;1;land;false;plains;5
723;170;152;1;land;true;plains;5
724;169;165;1;land;false;plains;5
725;144;162;1;land;false;plains;5
726;129;179;1;land;false;plains;5
727;117;161;1;land;true;plains;5
728;166;186;1;land;true;plains;5
729;182;207;1;land;false;plains;5
730;169;211;1;land;true;plains;5
731;172;161;1;land;false;plains;7
732;107;152;1;land;false;plains;7
733;116;176;1;land;false;plains;7
734;143;165;1;land;false;plains;7
735;154;123;1;land;true;plains;7
736;125;122;1;land;false;plains;7
737;170;115;1;land;true;plains;7
738;156;143;1;land;true;desert;7
739;104;142;1;land;true;plains;7
740;103;112;1;land;true;plains;7
741;109;127;1;land;false;plains;7
742;164;132;1;land;false;plains;7
743;135;115;1;land;false;plains;7
744;136;108;1;land;true;desert;7
745;101;140;1;land;false;plains;7
746;215;240;1;land;true;plains;7
747;67;15;1;land;false;plains;6
748;152;174;1;land;true;plains;7
749;40;179;1;land;false;plains;6
750;233;174;1;land;false;plains;5
751;254;201;1;land;true;plains;5
752;214;215;1;land;true;desert;5
753;209;173;1;land;false;desert;5
754;229;145;1;land;false;desert;5
755;217;199;1;land;false;desert;5
756;220;187;1;land;true;desert;5
757;202;186;1;land;true;plains;5
758;200;147;1;land;true;desert;5
759;193;145;1;land;true;plains;5
760;194;142;1;land;false;desert;5
761;244;170;1;land;true;plains;5
762;242;144;1;land;true;plains;5
763;228;198;1;land;true;plains;5
764;252;161;1;land;true;plains;5
765;244;146;1;land;true;plains;5
766;213;187;1;land;true;plains;5
767;250;163;1;land;true;plains;5
768;186;182;1;land;true;plains;5
769;235;152;1;land;false;desert;5
770;232;182;1;land;true;desert;5
771;204;181;1;land;true;plains;5
772;238;189;1;land;false;desert;5
773;193;219;1;land;true;plains;5
774;235;142;1;land;false;desert;5
775;205;172;1;land;true;plains;5
776;220;190;1;land;false;plains;5
777;222;178;1;land;true;plains;5
778;249;169;1;land;true;plains;5
779;199;190;1;land;true;plains;5
780;214;190;1;land;true;hills;5
781;195;219;1;land;true;plains;5
782;229;185;1;land;false;plains;5
783;206;175;1;land;false;desert;5
784;253;219;1;land;true;plains;5
785;222;211;1;land;true;desert;5
786;198;187;1;land;true;desert;5
787;195;183;1;land;false;desert;5
788;218;173;1;land;false;desert;5
789;195;177;1;land;true;plains;5
790;198;210;1;land;true;desert;5
791;166;190;1;land;true;plains;5
792;150;140;1;land;false;plains;5
793;203;170;1;land;true;desert;5
794;216;201;1;land;true;plains;5
795;153;210;1;land;true;plains;5
796;221;143;1;land;false;plains;5
797;183;204;1;land;true;plains;5
798;168;142;1;land;true;plains;5
799;220;164;1;land;true;hills;5
800;208;160;1;land;true;desert;5
801;160;177;1;land;true;plains;5
802;225;182;1;land;true;plains;5
803;132;122;1;land;false;plains;6
804;91;126;1;land;false;forest;6
805;83;80;1;land;false;plains;6
806;82;131;1;land;false;plains;6
807;88;126;1;land;false;plains;6
808;141;72;1;land;false;forest;6
809;149;132;1;land;false;plains;5
810;194;152;1;land;false;plains;5
811;174;185;1;land;false;desert;5
812;143;202;1;land;false;desert;5
813;138;175;1;land;true;plains;5
814;176;185;1;land;true;plains;5
815;158;197;1;land;true;plains;5
816;122;178;1;land;true;plains;5
817;191;147;1;land;true;plains;5
818;162;168;1;land;false;plains;5
819;138;155;1;land;true;desert;5
820;174;146;1;land;false;plains;5
821;151;195;1;land;false;desert;5
822;143;136;1;land;false;plains;5
823;136;138;1;land;true;plains;5
824;168;188;1;land;true;plains;5
825;143;194;1;land;false;plains;5
826;123;162;1;land;true;plains;5
827;138;172;1;land;false;desert;5
828;139;177;1;land;true;plains;5
829;142;152;1;land;false;plains;5
830;133;162;1;land;true;plains;5
831;167;161;1;land;false;plains;5
832;152;194;1;land;false;plains;5
833;143;183;1;land;false;plains;5
834;136;210;1;land;false;desert;5
835;186;179;1;land;true;desert;5
836;163;175;1;land;true;plains;5
837;196;204;1;land;true;plains;5
838;155;195;1;land;true;desert;5
839;183;160;1;land;true;desert;5
840;165;210;1;land;false;plains;5
841;130;193;1;land;false;plains;5
842;159;161;1;land;false;desert;5
843;160;169;1;land;true;desert;5
844;187;186;1;land;true;plains;5
845;160;188;1;land;false;plains;5
846;151;151;1;land;true;hills;5
847;162;198;1;land;true;plains;5
848;168;144;1;land;false;plains;5
849;194;185;1;land;true;plains;5
850;131;146;1;land;false;plains;5
851;141;165;1;land;false;plains;5
852;157;169;1;land;false;plains;5
853;195;164;1;land;true;plains;5
854;118;163;1;land;false;plains;5
855;138;196;1;land;false;plains;5
856;175;174;1;land;true;plains;5
857;194;200;1;land;true;plains;5
858;178;187;1;land;false;plains;5
859;164;196;1;land;true;plains;5
860;134;199;1;land;false;desert;5
861;152;211;1;land;false;plains;5
862;153;208;1;land;false;plains;5
863;189;158;1;land;false;plains;5
864;123;194;1;land;true;plains;5
865;161;200;1;land;false;desert;5
866;132;208;1;land;false;plains;5
867;180;154;1;land;false;plains;5
868;187;170;1;land;false;desert;5
869;108;234;1;land;false;plains;7
870;121;177;1;land;false;plains;7
871;96;225;1;land;false;plains;7
872;172;206;1;land;false;plains;7
873;119;176;1;land;false;desert;5
874;148;108;1;land;false;desert;5
875;142;115;1;land;false;plains;5
876;128;104;1;land;false;desert;5
877;176;145;1;land;true;desert;5
878;130;160;1;land;true;plains;5
879;134;128;1;land;true;desert;5
880;131;169;1;land;true;plains;5
881;188;177;1;land;true;plains;5
882;197;166;1;land;false;desert;5
883;137;125;1;land;true;desert;5
884;166;175;1;land;false;plains;5
885;161;109;1;land;true;plains;5
886;143;129;1;land;true;desert;5
887;160;119;1;land;false;plains;5
888;120;176;1;land;false;desert;5
889;127;152;1;land;true;plains;5
890;123;152;1;land;true;plains;5
891;142;121;1;land;false;plains;5
892;129;168;1;land;true;plains;5
893;173;134;1;land;false;plains;5
894;126;151;1;land;false;plains;5
895;198;167;1;land;false;desert;5
896;161;150;1;land;false;desert;5
897;131;176;1;land;true;desert;5
898;163;161;1;land;true;plains;5
899;142;140;1;land;true;plains;5
900;159;154;1;land;false;desert;5
901;164;158;1;land;false;plains;5
902;142;172;1;land;true;plains;5
903;195;114;1;land;true;desert;5
904;195;154;1;land;false;desert;5
905;121;140;1;land;true;plains;5
906;119;172;1;land;true;desert;5
907;156;142;1;land;false;plains;5
908;122;171;1;land;true;desert;5
909;182;164;1;land;true;desert;5
910;147;113;1;land;false;plains;5
911;145;137;1;land;false;desert;5
912;180;149;1;land;false;desert;5
913;196;117;1;land;false;plains;5
914;162;103;1;land;false;desert;5
915;69;94;1;land;false;mountain;6
916;126;36;1;land;false;hills;6
917;81;99;1;land;false;mountain;6
918;140;101;1;land;false;hills;6
919;103;54;1;land;false;mountain;6
920;115;64;1;land;false;mountain;6
921;106;40;1;land;false;mountain;6
922;115;36;1;land;false;mountain;6
923;134;75;1;land;false;hills;6
924;81;61;1;land;false;hills;6
925;95;27;1;land;false;hills;6
926;70;68;1;land;false;mountain;6
927;83;106;1;land;false;plains;6
928;117;30;1;land;true;hills;6
929;130;80;1;land;true;hills;6
930;64;60;1;land;true;plains;6
931;67;63;1;land;true;plains;6
932;87;43;1;land;true;hills;6
933;130;108;1;land;false;plains;6
934;84;87;1;land;false;hills;6
935;89;107;1;land;true;mountain;6
936;120;82;1;land;false;plains;6
937;96;53;1;land;true;hills;6
938;129;30;1;land;true;mountain;6
939;212;60;1;land;false;plains;5
940;217;129;1;land;false;plains;5
941;249;111;1;land;false;desert;5
942;203;138;1;land;false;desert;5
943;244;120;1;land;false;desert;5
944;243;67;1;land;false;plains;5
945;243;135;1;land;false;plains;5
946;230;101;1;land;false;plains;5
947;192;123;1;land;false;desert;5
948;209;117;1;land;false;desert;5
949;224;124;1;land;false;desert;5
950;219;82;1;land;false;plains;5
951;227;96;1;land;false;plains;5
952;236;111;1;land;false;plains;5
953;192;67;1;land;false;plains;5
954;214;84;1;land;false;desert;5
955;205;74;1;land;false;plains;5
956;230;117;1;land;false;plains;5
957;250;71;1;land;false;desert;5
958;245;104;1;land;false;desert;5
959;192;66;1;land;false;desert;5
960;196;130;1;land;false;plains;5
961;252;128;1;land;false;desert;5
962;241;72;1;land;false;plains;5
963;222;102;1;land;false;desert;5
964;212;96;1;land;false;plains;5
965;217;60;1;land;false;plains;5
966;235;137;1;land;false;desert;5
967;245;127;1;land;false;desert;5
968;189;135;1;land;false;plains;5
969;205;78;1;land;false;desert;5
970;166;230;1;land;false;plains;6
971;125;187;1;land;false;plains;6
972;144;200;1;land;true;plains;6
973;87;182;1;land;true;plains;3
974;128;128;1;land;true;plains;3
975;139;121;1;land;false;plains;3
976;81;134;1;land;false;plains;3
977;123;158;1;land;false;plains;3
978;123;133;1;land;false;plains;3
979;108;140;1;land;false;plains;3
980;61;142;1;land;true;plains;3
981;62;167;1;land;false;plains;3
982;70;34;1;land;true;plains;1
983;184;159;1;land;false;desert;7
984;219;186;1;land;false;plains;7
985;201;206;1;land;false;plains;7
986;146;191;1;land;false;plains;7
987;161;198;1;land;false;plains;7
988;209;237;1;land;false;plains;7
989;191;204;1;land;false;plains;7
990;172;193;1;land;false;desert;7
991;218;231;1;land;false;plains;7
992;196;162;1;land;false;plains;7
993;211;186;1;land;false;desert;7
994;181;198;1;land;false;plains;7
995;194;177;1;land;false;desert;7
996;150;203;1;land;false;desert;7
997;189;227;1;land;false;plains;7
998;215;193;1;land;false;plains;7
999;210;227;1;land;false;plains;7
1000;218;169;1;land;false;plains;7
1001;208;181;1;land;false;plains;7
1002;187;194;1;land;false;desert;7
1003;224;206;1;land;false;plains;7
1004;146;159;1;land;false;plains;7
1005;171;209;1;land;false;desert;7
1006;167;197;1;land;false;plains;7
1007;172;203;1;land;false;plains;7
1008;175;234;1;land;false;plains;7
1009;166;184;1;land;false;plains;7
1010;217;200;1;land;false;plains;7
1011;196;189;1;land;false;plains;7
1012;194;226;1;land;false;plains;7
1013;189;184;1;land;false;desert;7
1014;210;235;1;land;false;desert;7
1015;165;141;1;land;false;plains;5
1016;129;171;1;land;false;desert;5
1017;138;195;1;land;true;plains;5
1018;147;151;1;land;false;desert;5
1019;138;188;1;land;false;plains;5
1020;177;172;1;land;false;plains;5
1021;191;156;1;land;false;plains;5
1022;183;137;1;land;false;desert;5
1023;206;139;1;land;false;plains;5
1024;141;129;1;land;false;desert;5
1025;156;190;1;land;true;plains;5
1026;132;120;1;land;true;desert;5
1027;176;137;1;land;false;plains;5
1028;204;133;1;land;true;desert;5
1029;136;190;1;land;true;plains;5
1030;194;154;1;land;true;plains;5
1031;148;196;1;land;false;plains;5
1032;182;185;1;land;true;desert;5
1033;203;179;1;land;false;plains;5
1034;157;180;1;land;true;plains;5
1035;202;153;1;land;true;plains;5
1036;152;150;1;land;false;desert;5
1037;142;134;1;land;true;plains;5
1038;201;141;1;land;true;plains;5
1039;167;134;1;land;true;desert;5
1040;134;136;1;land;true;plains;5
1041;164;166;1;land;true;plains;5
1042;175;158;1;land;true;plains;5
1043;194;124;1;land;false;desert;5
1044;153;138;1;land;false;plains;5
1045;170;185;1;land;true;plains;5
1046;178;156;1;land;true;desert;5
1047;181;127;1;land;true;desert;5
1048;189;155;1;land;false;plains;5
1049;189;195;1;land;true;desert;5
1050;137;162;1;land;true;plains;5
1051;133;160;1;land;true;plains;5
1052;141;124;1;land;false;plains;5
1053;144;121;1;land;true;plains;5
1054;181;191;1;land;true;desert;5
1055;160;130;1;land;false;plains;5
1056;189;129;1;land;false;desert;5
1057;146;192;1;land;true;desert;5
1058;190;195;1;land;true;plains;5
1059;160;127;1;land;true;plains;5
1060;179;180;1;land;false;desert;5
1061;162;165;1;land;true;plains;5
1062;134;150;1;land;false;desert;5
1063;152;187;1;land;true;plains;5
1064;160;135;1;land;false;plains;5
1065;194;178;1;land;true;desert;5
1066;138;129;1;land;true;plains;5
1067;153;167;1;land;false;forest;6
1068;161;160;1;land;false;forest;6
1069;100;150;1;land;false;forest;6
1070;170;162;1;land;false;forest;6
1071;200;148;1;land;false;plains;6
1072;163;151;1;land;false;plains;6
1073;204;154;1;land;false;plains;6
1074;151;137;1;land;false;forest;6
1075;178;188;1;land;false;forest;6
1076;215;165;1;land;false;plains;6
1077;147;138;1;land;false;plains;6
1078;147;125;1;land;false;forest;6
1079;170;190;1;land;false;plains;6
1080;205;174;1;land;false;forest;6
1081;186;134;1;land;false;plains;6
1082;125;234;1;land;false;plains;3
1083;151;226;1;land;false;plains;3
1084;122;187;1;land;false;plains;3
1085;125;229;1;land;false;forest;3
1086;136;237;1;land;false;plains;3
1087;140;252;1;land;false;plains;3
1088;189;181;1;land;false;plains;3
1089;153;187;1;land;false;plains;3
1090;175;97;1;land;true;forest;6
1091;123;50;1;land;false;urban;6
1092;89;65;1;land;false;plains;6
1093;34;136;1;land;false;plains;7
1094;48;118;1;land;true;plains;7
1095;15;139;1;land;false;urban;7
1096;71;102;1;land;true;plains;6
1097;152;199;1;land;false;plains;6
1098;211;230;1;land;false;plains;6
1099;153;189;1;land;false;plains;6
1100;222;185;1;land;false;hills;6
1101;198;212;1;land;false;plains;6
1102;225;232;1;land;false;plains;6
1103;211;180;1;land;false;plains;6
1104;196;216;1;land;false;plains;6
1105;182;198;1;land;false;plains;6
1106;199;219;1;land;false;plains;6
1107;170;240;1;land;false;plains;6
1108;90;193;1;land;true;plains;7
1109;45;183;1;land;false;plains;7
1110;172;200;1;land;true;hills;7
1111;227;141;1;land;true;hills;7
1112;229;207;1;land;true;hills;7
1113;206;205;1;land;false;forest;7
1114;197;159;1;land;false;forest;7
1115;170;131;1;land;true;hills;7
1116;167;153;1;land;false;forest;7
1117;165;206;1;land;false;forest;7
1118;209;168;1;land;true;hills;7
1119;165;173;1;land;false;forest;7
1120;196;138;1;land;true;hills;7
1121;21;92;1;land;true;forest;3
1122;21;126;1;land;true;forest;3
1123;45;87;1;land;true;forest;3
1124;33;96;1;land;true;forest;3
1125;76;117;1;land;true;forest;3
1126;108;127;1;land;false;plains;6
1127;116;128;1;land;false;plains;6
1128;111;142;1;land;false;plains;6
1129;89;137;1;land;false;plains;6
1130;121;131;1;land;false;plains;6
1131;82;146;1;land;false;plains;6
1132;131;184;1;land;false;plains;6
1133;127;109;1;land;false;plains;6
1134;97;35;1;land;false;plains;7
1135;121;106;1;land;false;plains;7
1136;84;70;1;land;false;plains;7
1137;88;99;1;land;false;plains;7
1138;119;109;1;land;false;plains;7
1139;156;165;1;land;false;forest;7
1140;120;217;1;land;true;forest;7
1141;138;234;1;land;false;forest;7
1142;123;190;1;land;true;forest;7
1143;141;238;1;land;false;forest;7
1144;62;176;1;land;true;hills;6
1145;86;71;1;land;false;hills;6
1146;142;12;1;land;true;plains;1
1147;183;115;1;land;false;urban;7
1148;193;150;1;land;false;forest;7
1149;213;145;1;land;false;plains;7
1150;198;72;1;land;false;plains;7
1151;236;75;1;land;false;plains;7
1152;184;112;1;land;false;plains;7
1153;216;131;1;land;false;plains;7
1154;172;72;1;land;false;forest;7
1155;177;147;1;land;false;plains;7
1156;120;210;1;land;false;forest;7
1157;189;182;1;land;false;forest;7
1158;179;211;1;land;false;forest;7
1159;140;179;1;land;false;forest;7
1160;180;182;1;land;false;forest;7
1161;138;183;1;land;false;forest;7
1162;184;185;1;land;true;plains;7
1163;52;167;1;land;false;plains;7
1164;56;144;1;land;false;plains;7
1165;100;184;1;land;false;urban;7
1166;150;238;1;land;false;plains;7
1167;144;205;1;land;false;plains;7
1168;107;180;1;land;false;plains;7
1169;132;235;1;land;false;plains;7
1170;171;187;1;land;false;plains;7
1171;113;218;1;land;false;plains;7
1172;30;120;1;land;true;plains;7
1173;42;80;1;land;true;plains;7
1174;52;56;1;land;true;plains;7
1175;14;102;1;land;false;urban;7
1176;80;119;1;land;true;plains;7
1177;56;116;1;land;false;plains;7
1178;200;129;1;land;false;plains;7
1179;244;174;1;land;false;plains;7
1180;232;134;1;land;false;plains;7
1181;252;152;1;land;false;plains;7
1182;234;123;1;land;false;plains;7
1183;224;114;1;land;false;plains;7
1184;243;142;1;land;false;plains;7
1185;195;121;1;land;false;plains;7
1186;187;169;1;land;false;plains;7
1187;245;66;1;land;true;plains;7
1188;202;103;1;land;false;plains;7
1189;82;149;1;land;false;forest;7
1190;52;112;1;land;false;hills;7
1191;42;127;1;land;false;forest;7
1192;32;108;1;land;false;plains;7
1193;102;130;1;land;false;plains;7
1194;71;93;1;land;false;hills;7
1195;42;78;1;land;false;hills;7
1196;55;146;1;land;false;forest;7
1197;68;83;1;land;false;mountain;7
1198;88;108;1;land;false;forest;7
1199;87;115;1;land;false;forest;7
1200;38;124;1;land;false;forest;7
1201;154;191;1;land;false;plains;6
1202;173;158;1;land;false;plains;6
1203;181;199;1;land;false;plains;6
1204;148;133;1;land;false;plains;6
1205;145;176;1;land;false;forest;6
1206;189;206;1;land;false;plains;6
1207;90;105;1;land;false;plains;6
1208;118;65;1;land;false;plains;6
1209;81;96;1;land;false;plains;6
1210;108;100;1;land;false;plains;6
1211;97;87;1;land;false;hills;6
1212;79;82;1;land;false;plains;6
1213;117;54;1;land;false;hills;6
1214;89;239;1;land;false;forest;4
1215;98;85;1;land;false;plains;6
1216;81;91;1;land;false;plains;6
1217;65;195;1;land;false;forest;1
1218;1;125;1;land;false;forest;1
1219;29;173;1;land;false;forest;1
1220;27;149;1;land;false;forest;1
1221;20;119;1;land;false;forest;1
1222;61;159;1;land;false;forest;1
1223;43;158;1;land;false;forest;1
1224;61;150;1;land;false;forest;1
1225;34;126;1;land;false;forest;1
1226;27;125;1;land;false;forest;1
1227;33;194;1;land;false;forest;1
1228;22;165;1;land;false;forest;1
1229;51;159;1;land;false;forest;1
1230;60;161;1;land;false;forest;1
1231;35;191;1;land;false;forest;1
1232;60;136;1;land;false;plains;6
1233;14;122;1;land;false;hills;6
1234;48;161;1;land;false;plains;6
1235;15;107;1;land;false;hills;6
1236;76;162;1;land;false;plains;6
1237;76;149;1;land;false;plains;6
1238;49;157;1;land;false;plains;6
1239;85;147;1;land;false;plains;6
1240;13;175;1;land;false;plains;6
1241;66;148;1;land;false;plains;6
1242;194;169;1;land;false;forest;7
1243;165;181;1;land;false;forest;7
1244;194;196;1;land;false;forest;7
1245;160;144;1;land;false;forest;7
1246;210;126;1;land;true;forest;7
1247;187;133;1;land;false;forest;7
1248;163;83;1;land;true;forest;7
1249;184;133;1;land;false;forest;7
1250;150;71;1;land;false;forest;7
1251;97;133;1;land;false;plains;6
1252;107;103;1;land;false;plains;6
1253;52;118;1;land;false;plains;6
1254;118;113;1;land;false;plains;6
1255;49;122;1;land;false;plains;6
1256;94;145;1;land;false;plains;6
1257;82;92;1;land;false;plains;6
1258;88;69;1;land;false;plains;6
1259;89;112;1;land;false;plains;6
1260;87;116;1;land;false;plains;6
1261;119;116;1;land;false;plains;6
1262;83;122;1;land;false;plains;6
1263;79;86;1;land;false;plains;6
1264;119;107;1;land;false;plains;6
1265;81;110;1;land;false;plains;6
1266;77;87;1;land;false;plains;6
1267;88;118;1;land;false;plains;6
1268;47;110;1;land;false;plains;6
1269;51;82;1;land;false;urban;6
1270;41;113;1;land;false;plains;6
1271;27;114;1;land;false;plains;6
1272;6;110;1;land;false;forest;6
1273;5;113;1;land;false;plains;6
1274;32;140;1;land;false;plains;6
1275;36;109;1;land;false;forest;6
1276;37;95;1;land;false;plains;6
1277;195;48;1;land;true;plains;7
1278;125;47;1;land;true;plains;7
1279;123;92;1;land;true;hills;7
1280;185;81;1;land;true;plains;7
1281;193;88;1;land;true;plains;7
1282;187;94;1;land;true;plains;7
1283;69;217;1;land;false;forest;7
1284;96;183;1;land;false;forest;7
1285;110;166;1;land;false;hills;7
1286;63;197;1;land;false;forest;7
1287;115;193;1;land;false;plains;7
1288;51;178;1;land;false;forest;7
1289;64;225;1;land;false;forest;7
1290;75;236;1;land;false;forest;7
1291;194;207;1;land;false;plains;6
1292;209;235;1;land;true;plains;6
1293;200;183;1;land;true;plains;6
1294;200;204;1;land;false;plains;6
1295;248;207;1;land;true;plains;6
1296;248;222;1;land;true;plains;6
1297;205;179;1;land;true;plains;6
1298;189;233;1;land;true;plains;6
1299;252;244;1;land;false;hills;6
1300;234;250;1;land;true;plains;6
1301;220;247;1;land;true;plains;6
1302;60;22;1;land;true;hills;4
1303;100;92;1;land;false;forest;3
1304;97;103;1;land;true;forest;3
1305;139;38;1;land;false;forest;3
1306;71;77;1;land;false;forest;3
1307;102;66;1;land;true;forest;3
1308;130;81;1;land;false;forest;3
1309;79;115;1;land;false;forest;3
1310;107;75;1;land;false;forest;3
1311;66;68;1;land;false;forest;3
1312;74;117;1;land;true;forest;3
1313;115;80;1;land;true;plains;3
1314;68;52;1;land;false;forest;3
1315;128;90;1;land;false;hills;3
1316;70;91;1;land;true;forest;3
1317;100;115;1;land;true;forest;3
1318;138;80;1;land;false;forest;3
1319;97;64;1;land;true;forest;3
1320;80;89;1;land;true;forest;3
1321;13;200;1;land;false;plains;7
1322;40;229;1;land;false;plains;7
1323;56;230;1;land;false;plains;7
1324;18;191;1;land;false;plains;7
1325;22;162;1;land;false;plains;7
1326;6;210;1;land;false;plains;7
1327;1;221;1;land;false;plains;7
1328;31;185;1;land;false;plains;7
1329;28;67;1;land;false;plains;4
1330;58;130;1;land;false;jungle;4
1331;61;113;1;land;false;forest;4
1332;191;213;1;land;false;plains;7
1333;199;207;1;land;false;plains;7
1334;193;243;1;land;false;plains;7
1335;133;203;1;land;false;forest;6
1336;173;128;1;land;false;plains;6
1337;125;136;1;land;false;plains;6
1338;182;176;1;land;false;plains;6
1339;141;152;1;land;false;urban;6
1340;153;199;1;land;false;plains;6
1341;161;129;1;land;false;plains;6
1342;105;191;1;land;false;forest;6
1343;156;133;1;land;false;forest;6
1344;137;155;1;land;false;forest;6
1345;116;169;1;land;false;forest;6
1346;119;197;1;land;false;plains;6
1347;182;182;1;land;false;forest;6
1348;135;194;1;land;false;plains;6
1349;113;184;1;land;false;plains;6
1350;153;149;1;land;false;plains;6
1351;114;203;1;land;false;hills;6
1352;150;202;1;land;false;forest;6
1353;115;168;1;land;false;plains;6
1354;150;135;1;land;false;plains;6
1355;180;146;1;land;false;forest;6
1356;123;179;1;land;false;plains;6
1357;176;188;1;land;false;urban;6
1358;144;124;1;land;false;forest;6
1359;198;181;1;land;true;forest;5
1360;171;173;1;land;true;forest;5
1361;206;156;1;land;true;jungle;5
1362;224;151;1;land;true;jungle;5
1363;226;187;1;land;true;plains;5
1364;185;210;1;land;true;plains;5
1365;172;141;1;land;true;forest;5
1366;197;136;1;land;true;jungle;5
1367;180;199;1;land;true;forest;5
1368;233;205;1;land;true;plains;5
1369;199;194;1;land;true;plains;5
1370;230;160;1;land;true;jungle;5
1371;205;158;1;land;true;plains;5
1372;230;135;1;land;true;forest;5
1373;53;67;1;land;false;urban;6
1374;15;16;1;land;false;plains;6
1375;83;24;1;land;false;forest;6
1376;57;40;1;land;false;plains;6
1377;67;17;1;land;false;plains;6
1378;65;18;1;land;false;plains;6
1379;15;12;1;land;false;forest;6
1380;17;83;1;land;false;plains;6
1381;57;181;1;land;false;plains;7
1382;128;157;1;land;true;plains;6
1383;75;116;1;land;true;plains;6
1384;137;87;1;land;true;plains;6
1385;141;163;1;land;false;plains;6
1386;134;105;1;land;true;plains;6
1387;92;150;1;land;false;plains;6
1388;141;100;1;land;true;plains;6
1389;75;102;1;land;true;plains;6
1390;97;111;1;land;false;plains;6
1391;73;146;1;land;false;plains;6
1392;80;127;1;land;true;plains;6
1393;129;108;1;land;true;plains;6
1394;101;91;1;land;false;plains;6
1395;117;92;1;land;false;plains;6
1396;102;88;1;land;true;plains;6
1397;123;109;1;land;true;plains;6
1398;120;128;1;land;true;plains;6
1399;88;109;1;land;true;plains;6
1400;127;162;1;land;true;plains;6
1401;119;105;1;land;true;plains;6
1402;123;101;1;land;true;hills;6
1403;138;125;1;land;false;plains;6
1404;81;125;1;land;false;plains;6
1405;89;132;1;land;false;plains;6
1406;118;164;1;land;false;plains;6
1407;78;125;1;land;true;plains;6
1408;129;111;1;land;false;plains;6
1409;92;93;1;land;true;plains;6
1410;140;136;1;land;true;plains;6
1411;198;228;1;land;true;forest;7
1412;5;51;1;land;true;plains;7
1413;22;75;1;land;true;plains;7
1414;230;10;1;land;true;hills;5
1415;212;82;1;land;true;hills;7
1416;69;132;1;land;false;mountain;6
1417;86;94;1;land;false;mountain;6
1418;66;129;1;land;false;hills;6
1419;126;129;1;land;true;urban;7
1420;129;198;1;land;true;plains;7
1421;134;170;1;land;false;plains;7
1422;120;194;1;land;false;plains;7
1423;125;137;1;land;false;plains;7
1424;181;195;1;land;false;plains;6
1425;179;125;1;land;false;plains;6
1426;126;140;1;land;false;plains;6
1427;155;128;1;land;false;plains;6
1428;152;179;1;land;false;plains;6
1429;111;205;1;land;false;plains;4
1430;78;149;1;land;false;plains;4
1431;117;133;1;land;false;plains;3
1432;142;147;1;land;true;plains;3
1433;80;132;1;land;false;plains;3
1434;110;169;1;land;true;plains;3
1435;103;180;1;land;true;plains;3
1436;104;137;1;land;true;plains;3
1437;96;146;1;land;false;plains;3
1438;104;199;1;land;false;plains;3
1439;115;171;1;land;true;plains;3
1440;105;134;1;land;false;plains;3
1441;136;202;1;land;false;plains;3
1442;85;176;1;land;false;plains;3
1443;146;120;1;land;false;plains;7
1444;130;172;1;land;false;plains;7
1445;125;116;1;land;false;plains;7
1446;154;186;1;land;false;plains;7
1447;173;175;1;land;false;plains;7
1448;86;111;1;land;false;mountain;6
1449;76;116;1;land;false;hills;6
1450;178;143;1;land;false;plains;7
1451;210;127;1;land;false;hills;7
1452;209;189;1;land;false;hills;7
1453;189;161;1;land;false;hills;7
1454;208;172;1;land;false;mountain;7
1455;154;132;1;land;false;hills;7
1456;174;136;1;land;false;plains;7
1457;159;121;1;land;false;hills;7
1458;212;167;1;land;false;mountain;7
1459;195;180;1;land;false;mountain;7
1460;143;186;1;land;false;hills;7
1461;186;133;1;land;false;hills;7
1462;180;183;1;land;false;plains;7
1463;208;135;1;land;false;hills;7
1464;6;92;1;land;false;plains;6
1465;75;103;1;land;false;plains;6
1466;15;105;1;land;false;plains;6
1467;14;139;1;land;false;plains;6
1468;52;105;1;land;false;plains;6
1469;56;138;1;land;false;plains;6
1470;55;95;1;land;false;plains;6
1471;77;89;1;land;false;plains;6
1472;41;130;1;land;false;plains;6
1473;22;149;1;land;false;plains;6
1474;53;82;1;land;false;plains;6
1475;8;71;1;land;false;plains;6
1476;19;83;1;land;false;plains;6
1477;40;127;1;land;false;plains;6
1478;53;190;1;land;false;plains;6
1479;43;139;1;land;false;plains;6
1480;106;116;1;land;false;plains;6
1481;81;178;1;land;false;plains;6
1482;47;116;1;land;true;hills;7
1483;90;80;1;land;false;plains;6
1484;197;79;1;land;true;plains;7
1485;126;173;1;land;true;plains;1
1486;132;45;1;land;false;plains;6
1487;123;25;1;land;false;plains;6
1488;80;73;1;land;false;plains;6
1489;112;45;1;land;false;plains;6
1490;91;168;1;land;false;jungle;7
1491;34;152;1;land;false;jungle;7
1492;23;170;1;land;false;jungle;7
1493;21;193;1;land;false;forest;7
1494;83;191;1;land;false;jungle;7
1495;70;156;1;land;true;plains;5
1496;139;113;1;land;false;plains;6
1497;79;111;1;land;false;plains;6
1498;121;104;1;land;false;plains;6
1499;105;147;1;land;false;plains;6
1500;88;103;1;land;true;plains;6
1501;80;140;1;land;true;plains;6
1502;116;88;1;land;false;plains;6
1503;118;135;1;land;false;plains;6
1504;74;135;1;land;false;hills;6
1505;80;128;1;land;false;plains;6
1506;111;124;1;land;true;plains;6
1507;125;87;1;land;false;plains;6
1508;106;143;1;land;false;plains;6
1509;93;134;1;land;false;plains;6
1510;86;78;1;land;false;plains;6
1511;111;94;1;land;false;plains;6
1512;225;229;1;land;false;plains;6
1513;247;239;1;land;false;plains;6
1514;243;225;1;land;false;plains;6
1515;246;212;1;land;false;plains;6
1516;232;206;1;land;false;forest;6
1517;229;247;1;land;false;plains;6
1518;214;233;1;land;false;plains;6
1519;220;238;1;land;false;hills;6
1520;211;246;1;land;false;plains;6
1521;237;245;1;land;false;plains;6
1522;219;212;1;land;false;plains;6
1523;251;203;1;land;false;hills;6
1524;235;249;1;land;false;plains;6
1525;207;234;1;land;false;hills;6
1526;249;249;1;land;false;plains;6
1527;215;199;1;land;false;plains;6
1528;254;230;1;land;false;plains;6
1529;236;212;1;land;false;forest;6
1530;212;236;1;land;false;plains;6
1531;101;151;1;land;false;mountain;7
1532;97;155;1;land;false;hills;7
1533;92;172;1;land;false;mountain;7
1534;64;167;1;land;false;hills;7
1535;28;160;1;land;false;hills;7
1536;91;127;1;land;false;mountain;7
1537;80;173;1;land;false;plains;7
1538;42;141;1;land;false;mountain;7
1539;38;123;1;land;false;hills;7
1540;90;113;1;land;false;mountain;7
1541;99;132;1;land;false;mountain;7
1542;36;172;1;land;false;mountain;7
1543;89;164;1;land;false;hills;7
1544;88;143;1;land;false;mountain;7
1545;245;164;1;land;false;desert;5
1546;226;172;1;land;false;desert;5
1547;237;162;1;land;false;plains;5
1548;221;192;1;land;true;plains;5
1549;222;176;1;land;true;desert;5
1550;254;187;1;land;true;desert;5
1551;180;151;1;land;true;desert;5
1552;192;176;1;land;true;desert;5
1553;182;191;1;land;true;desert;5
1554;224;208;1;land;false;plains;5
1555;229;179;1;land;false;plains;5
1556;203;164;1;land;true;plains;5
1557;225;207;1;land;true;plains;5
1558;244;156;1;land;false;desert;5
1559;208;228;1;land;false;plains;5
1560;215;173;1;land;true;plains;5
1561;242;202;1;land;false;plains;5
1562;226;207;1;land;false;desert;5
1563;245;209;1;land;true;desert;5
1564;188;174;1;land;true;desert;5
1565;206;212;1;land;true;desert;5
1566;177;165;1;land;true;plains;5
1567;217;223;1;land;true;hills;5
1568;186;152;1;land;true;desert;5
1569;208;221;1;land;true;plains;5
1570;252;203;1;land;false;desert;5
1571;175;195;1;land;false;plains;5
1572;217;174;1;land;true;plains;5
1573;249;211;1;land;true;desert;5
1574;182;202;1;land;false;desert;5
1575;201;216;1;land;true;plains;5
1576;201;171;1;land;false;desert;5
1577;231;190;1;land;false;desert;5
1578;234;154;1;land;true;desert;5
1579;215;31;1;land;false;forest;7
1580;215;73;1;land;false;forest;7
1581;207;55;1;land;false;forest;7
1582;210;33;1;land;false;forest;7
1583;221;46;1;land;false;forest;7
1584;164;27;1;land;false;forest;7
1585;165;51;1;land;false;forest;7
1586;169;24;1;land;false;forest;7
1587;186;45;1;land;false;forest;7
1588;191;51;1;land;false;plains;7
1589;201;62;1;land;false;forest;7
1590;224;61;1;land;false;forest;7
1591;166;99;1;land;false;plains;7
1592;131;117;1;land;false;hills;7
1593;168;157;1;land;false;forest;7
1594;138;113;1;land;false;forest;7
1595;182;111;1;land;false;forest;7
1596;150;169;1;land;false;forest;7
1597;145;151;1;land;false;forest;7
1598;170;153;1;land;false;hills;7
1599;144;126;1;land;false;plains;7
1600;203;105;1;land;false;plains;7
1601;162;152;1;land;false;forest;7
1602;162;153;1;land;false;forest;7
1603;155;145;1;land;false;plains;7
1604;207;129;1;land;false;forest;7
1605;143;154;1;land;false;forest;7
1606;188;170;1;land;false;plains;7
1607;164;155;1;land;false;plains;7
1608;171;120;1;land;false;forest;7
1609;174;156;1;land;false;forest;7
1610;203;130;1;land;false;hills;7
1611;179;121;1;land;false;forest;7
1612;137;142;1;land;false;forest;7
1613;205;157;1;land;false;plains;7
1614;137;131;1;land;false;plains;7
1615;157;162;1;land;false;forest;7
1616;208;102;1;land;false;forest;7
1617;197;174;1;land;false;plains;7
1618;198;103;1;land;false;forest;7
1619;133;164;1;land;false;plains;7
1620;171;122;1;land;false;forest;7
1621;163;115;1;land;false;hills;7
1622;202;104;1;land;false;hills;7
1623;192;140;1;land;false;forest;7
1624;186;123;1;land;false;plains;7
1625;200;116;1;land;false;forest;7
1626;172;105;1;land;false;plains;7
1627;128;146;1;land;true;desert;6
1628;47;200;1;land;false;plains;7
1629;48;241;1;land;true;plains;7
1630;24;163;1;land;true;plains;7
1631;50;163;1;land;true;plains;7
1632;29;224;1;land;true;plains;7
1633;73;120;1;land;true;hills;6
1634;147;97;1;land;true;forest;5
1635;159;99;1;land;true;plains;5
1636;134;87;1;land;false;plains;5
1637;94;83;1;land;false;desert;5
1638;154;67;1;land;false;plains;5
1639;113;65;1;land;false;plains;5
1640;138;78;1;land;true;plains;5
1641;154;93;1;land;false;plains;5
1642;147;110;1;land;false;desert;5
1643;177;121;1;land;true;plains;5
1644;215;126;1;land;true;plains;5
1645;206;108;1;land;true;plains;5
1646;197;98;1;land;true;plains;5
1647;181;75;1;land;true;plains;5
1648;199;118;1;land;true;plains;5
1649;214;115;1;land;true;plains;5
1650;200;84;1;land;true;plains;5
1651;93;156;1;land;false;plains;6
1652;150;186;1;land;false;plains;6
1653;155;170;1;land;false;plains;6
1654;144;161;1;land;false;plains;6
1655;89;142;1;land;false;plains;6
1656;88;124;1;land;true;plains;6
1657;90;164;1;land;false;plains;6
1658;134;107;1;land;false;plains;6
1659;130;124;1;land;false;plains;6
1660;85;113;1;land;false;plains;6
1661;95;107;1;land;false;hills;6
1662;144;139;1;land;true;plains;6
1663;86;113;1;land;false;plains;6
1664;124;148;1;land;false;plains;6
1665;153;131;1;land;false;plains;6
1666;110;113;1;land;true;plains;6
1667;47;107;1;land;false;plains;6
1668;125;185;1;land;false;forest;6
1669;95;178;1;land;false;plains;6
1670;102;184;1;land;false;plains;6
1671;108;178;1;land;false;plains;6
1672;95;176;1;land;false;plains;6
1673;84;61;1;land;false;urban;7
1674;59;112;1;land;true;plains;7
1675;103;117;1;land;true;plains;7
1676;106;126;1;land;true;plains;7
1677;39;65;1;land;false;plains;7
1678;58;51;1;land;true;plains;7
1679;45;107;1;land;true;plains;7
1680;97;85;1;land;true;plains;7
1681;39;58;1;land;true;plains;7
1682;89;110;1;land;true;plains;7
1683;63;111;1;land;true;hills;7
1684;87;54;1;land;true;hills;7
1685;71;100;1;land;false;urban;7
1686;29;112;1;land;true;plains;7
1687;75;49;1;land;true;plains;7
1688;97;57;1;land;false;hills;6
1689;165;86;1;land;false;plains;6
1690;90;88;1;land;false;hills;6
1691;164;80;1;land;false;hills;6
1692;98;125;1;land;false;plains;6
1693;105;68;1;land;false;hills;6
1694;109;82;1;land;false;plains;6
1695;180;164;1;land;false;plains;7
1696;177;186;1;land;false;plains;7
1697;156;96;1;land;false;plains;3
1698;99;67;1;land;true;plains;3
1699;166;41;1;land;true;plains;3
1700;163;37;1;land;false;urban;3
1701;107;174;1;land;false;mountain;6
1702;90;159;1;land;false;mountain;6
1703;113;179;1;land;false;hills;6
1704;84;139;1;land;false;mountain;6
1705;50;164;1;land;false;mountain;6
1706;97;148;1;land;false;mountain;6
1707;84;106;1;land;false;mountain;6
1708;78;116;1;land;false;hills;6
1709;109;112;1;land;false;mountain;6
1710;44;143;1;land;false;mountain;6
1711;49;109;1;land;false;mountain;6
1712;73;154;1;land;false;mountain;6
1713;45;131;1;land;false;mountain;6
1714;104;113;1;land;false;hills;6
1715;105;169;1;land;false;mountain;6
1716;54;165;1;land;false;plains;6
1717;54;160;1;land;false;mountain;6
1718;68;123;1;land;false;mountain;6
1719;90;97;1;land;false;urban;6
1720;59;84;1;land;false;plains;6
1721;115;94;1;land;false;plains;6
1722;41;83;1;land;false;plains;6
1723;131;42;1;land;false;plains;6
1724;74;40;1;land;true;forest;6
1725;132;106;1;land;false;plains;7
1726;110;160;1;land;false;plains;7
1727;165;158;1;land;false;plains;7
1728;108;177;1;land;false;plains;7
1729;25;127;1;land;false;plains;1
1730;45;171;1;land;true;plains;1
1731;17;135;1;land;true;forest;1
1732;138;91;1;land;true;hills;6
1733;143;98;1;land;false;hills;6
1734;113;124;1;land;true;plains;6
1735;174;135;1;land;false;mountain;6
1736;145;96;1;land;false;hills;6
1737;164;124;1;land;true;hills;6
1738;111;99;1;land;true;plains;6
1739;163;133;1;land;true;hills;6
1740;177;102;1;land;false;mountain;6
1741;123;117;1;land;false;plains;6
1742;97;124;1;land;false;plains;7
1743;116;147;1;land;false;plains;7
1744;139;198;1;land;false;plains;7
1745;138;134;1;land;false;plains;7
1746;114;150;1;land;false;plains;7
1747;111;150;1;land;false;plains;7
1748;85;146;1;land;false;plains;7
1749;143;196;1;land;false;plains;7
1750;148;167;1;land;false;plains;7
1751;49;97;1;land;true;plains;5
1752;71;25;1;land;true;forest;7
1753;39;25;1;land;true;forest;7
1754;51;15;1;land;false;mountain;7
1755;51;71;1;land;true;forest;7
1756;55;79;1;land;true;forest;7
1757;59;79;1;land;false;mountain;7
1758;34;84;1;land;true;hills;7
1759;60;27;1;land;true;hills;7
1760;106;76;1;land;false;mountain;7
1761;180;139;1;land;true;mountain;6
1762;179;155;1;land;true;hills;6
1763;180;79;1;land;true;plains;7
1764;215;127;1;land;true;hills;4
1765;146;136;1;land;false;plains;6
1766;116;67;1;land;false;plains;6
1767;118;103;1;land;false;plains;6
1768;133;106;1;land;false;plains;6
1769;149;107;1;land;false;plains;6
1770;145;121;1;land;false;plains;6
1771;139;75;1;land;false;plains;6
1772;148;89;1;land;false;plains;6
1773;97;95;1;land;false;plains;6
1774;124;126;1;land;false;plains;6
1775;151;78;1;land;false;plains;6
1776;124;62;1;land;false;urban;6
1777;111;98;1;land;false;plains;6
1778;124;228;1;land;false;plains;6
1779;144;203;1;land;false;plains;6
1780;105;221;1;land;false;plains;6
1781;130;229;1;land;false;plains;6
1782;150;226;1;land;false;plains;6
1783;147;245;1;land;false;plains;6
1784;104;179;1;land;false;plains;6
1785;169;240;1;land;false;plains;6
1786;175;190;1;land;false;plains;6
1787;163;204;1;land;false;plains;6
1788;161;250;1;land;false;plains;6
1789;178;230;1;land;false;plains;6
1790;125;180;1;land;false;plains;6
1791;154;246;1;land;false;plains;6
1792;114;218;1;land;false;plains;6
1793;176;190;1;land;false;plains;6
1794;130;203;1;land;false;plains;6
1795;133;182;1;land;false;plains;6
1796;159;194;1;land;false;hills;6
1797;104;186;1;land;false;plains;6
1798;155;186;1;land;false;plains;6
1799;150;201;1;land;true;forest;7
1800;223;211;1;land;true;forest;7
1801;201;224;1;land;true;plains;7
1802;162;238;1;land;true;plains;7
1803;149;42;1;land;false;desert;6
1804;129;22;1;land;false;desert;6
1805;118;71;1;land;false;desert;6
1806;84;0;1;land;false;plains;6
1807;82;54;1;land;false;plains;6
1808;150;115;1;land;false;plains;6
1809;143;76;1;land;false;plains;6
1810;174;76;1;land;false;plains;6
1811;100;149;1;land;false;mountain;6
1812;139;135;1;land;false;mountain;6
1813;164;123;1;land;false;plains;6
1814;129;73;1;land;false;plains;6
1815;144;103;1;land;false;hills;6
1816;158;179;1;land;false;forest;7
1817;220;198;1;land;false;urban;7
1818;198;176;1;land;false;forest;7
1819;149;170;1;land;false;hills;7
1820;192;177;1;land;false;plains;7
1821;212;214;1;land;false;forest;7
1822;207;201;1;land;false;forest;7
1823;201;223;1;land;false;plains;7
1824;155;185;1;land;false;forest;7
1825;169;196;1;land;false;plains;7
1826;156;178;1;land;true;forest;5
1827;78;99;1;land;true;forest;7
1828;220;124;1;land;false;plains;7
1829;154;140;1;land;true;urban;7
1830;202;160;1;land;true;forest;7
1831;193;107;1;land;false;plains;7
1832;219;127;1;land;false;plains;7
1833;157;147;1;land;false;forest;7
1834;199;153;1;land;true;urban;7
1835;168;149;1;land;false;plains;7
1836;194;97;1;land;false;forest;7
1837;143;112;1;land;true;plains;7
1838;110;151;1;land;true;plains;2
1839;119;180;1;land;true;plains;2
1840;106;131;1;land;true;plains;2
1841;70;151;1;land;true;plains;2
1842;66;186;1;land;true;plains;2
1843;108;174;1;land;true;plains;2
1844;125;128;1;land;true;hills;2
1845;109;151;1;land;false;plains;2
1846;93;108;1;land;true;urban;2
1847;93;166;1;land;true;plains;2
1848;65;185;1;land;true;hills;2
1849;244;85;1;land;false;forest;7
1850;240;138;1;land;false;forest;7
1851;185;98;1;land;false;forest;7
1852;194;150;1;land;false;forest;7
1853;221;157;1;land;false;forest;7
1854;250;138;1;land;false;plains;7
1855;185;154;1;land;false;hills;7
1856;224;104;1;land;false;forest;7
1857;239;155;1;land;false;hills;7
1858;173;101;1;land;false;forest;7
1859;222;94;1;land;false;plains;7
1860;176;83;1;land;false;hills;7
1861;192;101;1;land;false;forest;7
1862;225;106;1;land;false;forest;7
1863;177;132;1;land;false;hills;7
1864;174;90;1;land;false;hills;7
1865;254;203;1;land;true;forest;5
1866;246;218;1;land;true;forest;5
1867;231;162;1;land;true;forest;5
1868;223;159;1;land;true;forest;5
1869;212;215;1;land;true;forest;5
1870;240;167;1;land;true;forest;5
1871;237;153;1;land;true;forest;5
1872;222;154;1;land;true;forest;5
1873;208;173;1;land;true;forest;5
1874;232;184;1;land;true;forest;5
1875;201;217;1;land;true;forest;5
1876;223;223;1;land;true;forest;5
1877;237;208;1;land;true;forest;5
1878;158;231;1;land;true;plains;5
1879;193;188;1;land;true;forest;5
1880;155;196;1;land;true;plains;5
1881;154;211;1;land;true;plains;5
1882;174;67;1;land;false;hills;7
1883;151;125;1;land;false;plains;7
1884;181;124;1;land;false;mountain;7
1885;188;94;1;land;false;hills;7
1886;214;130;1;land;false;hills;7
1887;204;101;1;land;false;plains;7
1888;179;129;1;land;false;plains;7
1889;202;62;1;land;false;hills;7
1890;158;235;1;land;false;urban;6
1891;123;189;1;land;false;plains;6
1892;158;226;1;land;false;forest;6
1893;159;247;1;land;false;urban;6
1894;112;197;1;land;false;forest;6
1895;93;204;1;land;false;plains;6
1896;163;233;1;land;false;forest;6
1897;111;227;1;land;false;forest;6
1898;151;206;1;land;false;plains;6
1899;112;211;1;land;false;plains;6
1900;137;220;1;land;false;plains;6
1901;160;175;1;land;false;forest;6
1902;132;207;1;land;false;urban;6
1903;109;223;1;land;false;forest;6
1904;107;193;1;land;false;plains;6
1905;139;183;1;land;false;plains;6
1906;100;180;1;land;false;forest;6
1907;167;177;1;land;false;forest;6
1908;116;197;1;land;false;plains;6
1909;49;15;1;land;false;plains;7
1910;14;19;1;land;false;forest;7
1911;26;69;1;land;false;forest;7
1912;27;10;1;land;false;forest;7
1913;20;56;1;land;false;forest;7
1914;38;41;1;land;false;jungle;7
1915;22;51;1;land;false;jungle;7
1916;19;39;1;land;false;jungle;7
1917;33;59;1;land;false;plains;7
1918;40;73;1;land;false;forest;7
1919;23;35;1;land;false;jungle;7
1920;28;25;1;land;false;jungle;7
1921;27;78;1;land;false;plains;7
1922;48;56;1;land;false;jungle;7
1923;5;39;1;land;false;forest;7
1924;37;54;1;land;false;jungle;7
1925;213;175;1;land;true;plains;7
1926;37;211;1;land;false;plains;3
1927;33;207;1;land;false;plains;3
1928;56;244;1;land;true;plains;3
1929;87;248;1;land;false;plains;3
1930;94;251;1;land;false;urban;3
1931;64;241;1;land;false;plains;3
1932;163;112;1;land;true;forest;7
1933;127;142;1;land;true;hills;7
1934;155;140;1;land;true;forest;7
1935;111;212;1;land;false;plains;4
1936;108;230;1;land;false;plains;4
1937;119;221;1;land;false;plains;4
1938;79;233;1;land;false;plains;4
1939;83;202;1;land;false;plains;4
1940;85;200;1;land;false;plains;4
1941;140;221;1;land;false;plains;4
1942;76;210;1;land;false;plains;4
1943;77;242;1;land;false;hills;4
1944;135;248;1;land;false;plains;4
1945;120;254;1;land;false;plains;4
1946;94;200;1;land;false;plains;4
1947;138;117;1;land;true;plains;7
1948;121;122;1;land;true;plains;7
1949;94;144;1;land;true;plains;7
1950;130;182;1;land;true;plains;7
1951;122;153;1;land;false;plains;7
1952;65;146;1;land;false;plains;7
1953;139;158;1;land;false;plains;7
1954;71;146;1;land;false;plains;7
1955;105;125;1;land;true;plains;7
1956;126;171;1;land;true;plains;7
1957;116;166;1;land;false;plains;7
1958;125;168;1;land;false;plains;7
1959;70;39;1;land;true;plains;7
1960;203;141;1;land;true;plains;6
1961;196;136;1;land;true;forest;6
1962;178;175;1;land;false;plains;6
1963;155;123;1;land;true;plains;6
1964;196;159;1;land;false;plains;6
1965;165;111;1;land;false;forest;7
1966;123;143;1;land;true;forest;7
1967;176;154;1;land;false;forest;7
1968;171;96;1;land;false;forest;7
1969;192;126;1;land;false;forest;7
1970;202;126;1;land;false;forest;7
1971;169;96;1;land;false;forest;7
1972;191;130;1;land;false;hills;7
1973;160;168;1;land;true;forest;7
1974;126;153;1;land;false;forest;7
1975;190;132;1;land;true;hills;7
1976;171;103;1;land;false;forest;7
1977;126;158;1;land;false;hills;7
1978;184;150;1;land;true;forest;7
1979;161;102;1;land;false;forest;7
1980;156;122;1;land;false;forest;7
1981;139;101;1;land;false;forest;7
1982;194;160;1;land;false;forest;7
1983;134;190;1;land;false;forest;7
1984;110;208;1;land;false;forest;7
1985;168;199;1;land;false;forest;7
1986;124;133;1;land;false;forest;7
1987;36;130;1;land;false;forest;7
1988;73;106;1;land;false;forest;7
1989;86;163;1;land;false;forest;7
1990;77;147;1;land;false;forest;7
1991;28;144;1;land;false;forest;7
1992;138;166;1;land;true;plains;5
1993;207;182;1;land;false;forest;7
1994;253;174;1;land;false;hills;7
1995;242;171;1;land;false;forest;7
1996;209;208;1;land;false;forest;7
1997;250;158;1;land;false;hills;7
1998;223;173;1;land;false;forest;7
1999;212;152;1;land;false;forest;7
2000;208;182;1;land;false;hills;7
2001;206;177;1;land;false;forest;7
2002;235;200;1;land;false;forest;7
2003;248;201;1;land;false;forest;7
2004;247;178;1;land;false;forest;7
2005;215;227;1;land;true;plains;7
2006;79;127;1;land;false;mountain;7
2007;112;106;1;land;false;plains;7
2008;108;88;1;land;false;hills;7
2009;137;140;1;land;false;plains;7
2010;132;174;1;land;false;forest;7
2011;121;159;1;land;false;forest;7
2012;90;123;1;land;false;plains;7
2013;70;195;1;land;false;plains;7
2014;79;173;1;land;false;plains;7
2015;102;150;1;land;false;forest;7
2016;68;142;1;land;false;plains;7
2017;89;161;1;land;false;plains;7
2018;188;88;1;land;false;plains;7
2019;199;93;1;land;false;plains;7
2020;163;117;1;land;false;plains;7
2021;178;87;1;land;false;plains;7
2022;193;103;1;land;false;plains;7
2023;150;114;1;land;false;plains;7
2024;156;92;1;land;false;plains;7
2025;201;138;1;land;false;forest;7
2026;179;94;1;land;false;hills;7
2027;189;89;1;land;false;hills;7
2028;176;66;1;land;false;mountain;7
2029;141;82;1;land;false;hills;7
2030;171;140;1;land;false;mountain;7
2031;97;201;1;land;false;forest;4
2032;168;200;1;land;false;forest;4
2033;130;190;1;land;false;forest;4
2034;125;172;1;land;false;forest;4
2035;98;201;1;land;false;forest;4
2036;150;172;1;land;false;forest;4
2037;135;212;1;land;false;forest;4
2038;121;216;1;land;false;forest;4
2039;158;203;1;land;false;forest;4
2040;120;199;1;land;false;forest;4
2041;131;145;1;land;false;plains;4
2042;147;188;1;land;true;forest;5
2043;177;78;1;land;true;urban;7
2044;232;114;1;land;true;plains;7
2045;171;95;1;land;false;forest;7
2046;170;48;1;land;true;plains;7
2047;211;88;1;land;false;plains;7
2048;184;118;1;land;false;plains;7
2049;200;99;1;land;false;urban;7
2050;171;58;1;land;true;plains;7
2051;241;82;1;land;true;plains;7
2052;170;42;1;land;false;plains;7
2053;171;235;1;land;false;plains;6
2054;174;217;1;land;true;plains;6
2055;207;221;1;land;true;forest;6
2056;201;234;1;land;false;forest;6
2057;196;236;1;land;true;plains;6
2058;208;229;1;land;false;urban;6
2059;134;124;1;land;false;plains;6
2060;134;179;1;land;false;plains;6
2061;141;187;1;land;false;plains;6
2062;131;133;1;land;false;plains;6
2063;150;192;1;land;false;hills;6
2064;199;147;1;land;false;hills;6
2065;162;167;1;land;false;plains;6
2066;205;189;1;land;false;plains;6
2067;152;143;1;land;false;hills;6
2068;197;164;1;land;false;plains;6
2069;169;155;1;land;false;plains;6
2070;206;192;1;land;false;plains;6
2071;133;199;1;land;false;plains;6
2072;195;166;1;land;false;plains;6
2073;154;156;1;land;false;plains;6
2074;166;160;1;land;false;plains;6
2075;156;176;1;land;false;plains;6
2076;187;125;1;land;false;plains;6
2077;182;155;1;land;false;hills;6
2078;131;124;1;land;false;plains;6
2079;204;137;1;land;false;hills;6
2080;73;145;1;land;false;plains;3
2081;116;100;1;land;true;plains;3
2082;54;134;1;land;true;plains;3
2083;46;132;1;land;false;plains;3
2084;115;143;1;land;false;plains;3
2085;46;106;1;land;false;plains;3
2086;121;126;1;land;false;forest;7
2087;122;123;1;land;true;forest;7
2088;118;116;1;land;true;forest;7
2089;136;167;1;land;false;forest;7
2090;148;158;1;land;false;forest;7
2091;156;123;1;land;true;forest;7
2092;160;153;1;land;false;forest;7
2093;107;189;1;land;true;forest;7
2094;148;141;1;land;false;forest;7
2095;125;200;1;land;true;plains;6
2096;114;214;1;land;true;plains;6
2097;102;220;1;land;true;plains;6
2098;106;77;1;land;true;forest;7
2099;93;64;1;land;false;mountain;7
2100;108;66;1;land;false;mountain;7
2101;104;65;1;land;true;hills;7
2102;124;41;1;land;true;hills;7
2103;71;97;1;land;true;hills;7
2104;59;57;1;land;true;hills;7
2105;68;86;1;land;true;hills;7
2106;89;91;1;land;true;hills;7
2107;108;194;1;land;true;hills;6
2108;112;202;1;land;true;plains;6
2109;123;203;1;land;true;hills;6
2110;166;174;1;land;true;hills;6
2111;108;204;1;land;false;hills;6
2112;140;171;1;land;false;hills;6
2113;113;246;1;land;true;hills;6
2114;182;177;1;land;false;forest;6
2115;139;196;1;land;true;hills;6
2116;181;204;1;land;true;hills;6
2117;42;53;1;land;true;plains;1
2118;24;166;1;land;true;plains;1
2119;208;202;1;land;false;forest;7
2120;163;230;1;land;false;forest;7
2121;230;182;1;land;false;forest;7
2122;235;166;1;land;false;forest;7
2123;185;224;1;land;false;forest;7
2124;220;176;1;land;false;urban;7
2125;69;91;1;land;false;plains;6
2126;41;128;1;land;false;plains;6
2127;16;99;1;land;false;mountain;6
2128;75;144;1;land;false;mountain;6
2129;56;129;1;land;false;plains;6
2130;69;86;1;land;false;plains;6
2131;48;86;1;land;false;mountain;6
2132;11;129;1;land;false;hills;6
2133;79;142;1;land;false;hills;6
2134;12;119;1;land;false;plains;6
2135;158;240;1;land;false;plains;7
2136;101;235;1;land;false;plains;7
2137;126;231;1;land;false;plains;7
2138;145;198;1;land;false;forest;7
2139;95;210;1;land;false;plains;7
2140;116;217;1;land;false;plains;7
2141;113;173;1;land;false;forest;7
2142;97;187;1;land;false;plains;7
2143;147;211;1;land;false;plains;7
2144;118;201;1;land;false;plains;7
2145;108;211;1;land;false;forest;7
2146;209;106;1;land;false;forest;7
2147;153;136;1;land;false;forest;7
2148;200;83;1;land;false;forest;7
2149;184;98;1;land;false;hills;7
2150;204;83;1;land;false;hills;7
2151;166;105;1;land;false;forest;7
2152;181;161;1;land;false;forest;7
2153;182;150;1;land;false;forest;7
2154;137;143;1;land;false;forest;7
2155;176;173;1;land;false;urban;7
2156;124;178;1;land;false;urban;7
2157;122;184;1;land;false;forest;7
2158;122;208;1;land;false;forest;7
2159;175;224;1;land;false;forest;7
2160;138;229;1;land;false;forest;7
2161;142;217;1;land;false;forest;7
2162;151;214;1;land;false;forest;7
2163;242;154;1;land;true;plains;7
2164;207;136;1;land;true;plains;1
2165;98;37;1;land;false;plains;6
2166;36;38;1;land;true;plains;1
2167;199;137;1;land;false;plains;7
2168;130;98;1;land;false;plains;7
2169;161;163;1;land;false;plains;7
2170;146;105;1;land;false;plains;7
2171;159;127;1;land;false;plains;7
2172;193;140;1;land;false;plains;7
2173;157;93;1;land;false;plains;7
2174;179;118;1;land;false;plains;7
2175;175;130;1;land;false;plains;7
2176;135;111;1;land;false;plains;7
2177;144;115;1;land;false;plains;7
2178;149;140;1;land;false;plains;7
2179;138;164;1;land;false;plains;7
2180;135;119;1;land;false;plains;7
2181;232;156;1;land;true;hills;7
2182;209;140;1;land;true;plains;7
2183;205;159;1;land;true;forest;7
2184;246;161;1;land;false;forest;7
2185;244;142;1;land;false;forest;7
2186;121;62;1;land;false;plains;6
2187;160;42;1;land;true;plains;6
2188;158;66;1;land;false;plains;6
2189;90;214;1;land;false;hills;7
2190;99;162;1;land;false;plains;7
2191;130;177;1;land;false;mountain;7
2192;137;215;1;land;false;hills;7
2193;82;183;1;land;false;mountain;7
2194;59;151;1;land;false;mountain;7
2195;77;153;1;land;false;plains;7
2196;95;202;1;land;false;hills;7
2197;103;198;1;land;false;hills;7
2198;110;204;1;land;false;mountain;7
2199;83;169;1;land;false;hills;7
2200;115;145;1;land;false;plains;7
2201;87;214;1;land;false;hills;7
2202;107;173;1;land;false;hills;7
2203;67;189;1;land;false;plains;7
2204;89;185;1;land;false;mountain;7
2205;104;147;1;land;false;mountain;7
2206;120;160;1;land;false;hills;7
2207;110;210;1;land;false;mountain;7
2208;110;157;1;land;true;plains;4
2209;161;126;1;land;true;plains;6
2210;134;115;1;land;true;plains;6
2211;148;151;1;land;false;plains;6
2212;144;178;1;land;false;plains;6
2213;120;178;1;land;true;plains;6
2214;91;69;1;land;true;plains;6
2215;175;183;1;land;false;forest;7
2216;223;124;1;land;true;forest;7
2217;188;140;1;land;false;plains;7
2218;224;119;1;land;true;plains;3
2219;195;199;1;land;false;plains;6
2220;177;140;1;land;true;plains;6
2221;204;179;1;land;false;plains;6
2222;172;153;1;land;true;plains;6
2223;212;155;1;land;false;plains;6
2224;201;148;1;land;false;plains;6
2225;207;139;1;land;false;plains;6
2226;134;211;1;land;true;plains;6
2227;177;194;1;land;false;plains;6
2228;167;178;1;land;false;plains;6
2229;203;201;1;land;false;plains;6
2230;178;174;1;land;false;plains;6
2231;54;95;1;land;false;forest;4
2232;66;85;1;land;false;forest;4
2233;81;89;1;land;false;forest;4
2234;89;44;1;land;false;forest;4
2235;46;75;1;land;false;forest;4
2236;34;29;1;land;false;forest;4
2237;69;78;1;land;false;forest;4
2238;101;74;1;land;false;forest;4
2239;119;198;1;land;false;plains;6
2240;112;102;1;land;true;plains;6
2241;79;58;1;land;true;plains;1
2242;148;176;1;land;false;plains;6
2243;123;156;1;land;false;plains;6
2244;151;131;1;land;false;urban;6
2245;138;170;1;land;false;plains;6
2246;119;123;1;land;true;plains;6
2247;164;134;1;land;false;plains;6
2248;125;125;1;land;true;plains;6
2249;190;161;1;land;false;plains;6
2250;190;121;1;land;false;urban;6
2251;169;153;1;land;true;plains;6
2252;115;147;1;land;false;plains;6
2253;176;191;1;land;true;plains;6
2254;166;185;1;land;false;plains;6
2255;135;163;1;land;false;plains;6
2256;128;156;1;land;false;plains;6
2257;196;161;1;land;true;forest;7
2258;249;205;1;land;true;hills;7
2259;217;135;1;land;true;forest;7
2260;193;174;1;land;true;plains;7
2261;233;145;1;land;true;hills;7
2262;97;24;1;land;false;urban;6
2263;155;61;1;land;false;plains;6
2264;118;31;1;land;false;plains;6
2265;105;57;1;land;false;plains;6
2266;119;65;1;land;false;plains;6
2267;105;62;1;land;false;plains;6
2268;102;41;1;land;false;urban;6
2269;109;45;1;land;false;plains;6
2270;131;62;1;land;false;plains;6
2271;103;74;1;land;false;urban;6
2272;109;94;1;land;false;plains;6
2273;59;6;1;land;true;forest;3
2274;103;33;1;land;true;forest;3
2275;122;19;1;land;true;forest;3
2276;201;153;1;land;true;plains;5
2277;106;168;1;land;true;plains;6
2278;87;124;1;land;true;urban;6
2279;99;140;1;land;true;plains;6
2280;105;121;1;land;true;urban;6
2281;246;238;1;land;false;forest;7
2282;211;220;1;land;true;hills;7
2283;193;226;1;land;false;forest;7
2284;243;176;1;land;false;forest;7
2285;230;215;1;land;false;forest;7
2286;216;192;1;land;true;hills;7
2287;193;180;1;land;false;forest;7
2288;191;210;1;land;false;forest;7
2289;121;152;1;land;false;mountain;7
2290;166;137;1;land;false;mountain;7
2291;16;41;1;land;true;hills;7
2292;124;121;1;land;false;forest;6
2293;159;126;1;land;false;plains;6
2294;118;185;1;land;false;plains;6
2295;124;108;1;land;false;plains;6
2296;138;116;1;land;false;forest;6
2297;159;110;1;land;false;plains;6
2298;182;135;1;land;false;plains;6
2299;201;95;1;land;false;plains;6
2300;211;151;1;land;false;plains;6
2301;173;173;1;land;false;desert;7
2302;218;201;1;land;true;desert;7
2303;170;181;1;land;true;desert;7
2304;219;214;1;land;false;plains;7
2305;180;238;1;land;false;desert;7
2306;176;225;1;land;false;plains;7
2307;200;239;1;land;false;plains;7
2308;152;190;1;land;true;desert;7
2309;223;207;1;land;true;desert;7
2310;197;201;1;land;false;desert;7
2311;163;183;1;land;false;desert;7
2312;152;170;1;land;false;desert;7
2313;160;174;1;land;true;desert;7
2314;209;195;1;land;false;plains;7
2315;173;235;1;land;true;desert;7
2316;220;192;1;land;true;desert;7
2317;200;244;1;land;false;plains;7
2318;222;245;1;land;false;plains;7
2319;154;241;1;land;false;plains;7
2320;189;226;1;land;false;plains;7
2321;208;205;1;land;true;plains;7
2322;208;203;1;land;true;desert;7
2323;171;171;1;land;false;desert;7
2324;187;236;1;land;false;desert;7
2325;206;214;1;land;true;desert;7
2326;179;198;1;land;false;desert;7
2327;155;194;1;land;false;desert;7
2328;185;179;1;land;false;plains;7
2329;177;174;1;land;false;desert;7
2330;157;233;1;land;true;hills;7
2331;167;215;1;land;false;plains;7
2332;179;216;1;land;false;plains;7
2333;172;172;1;land;false;plains;7
2334;185;172;1;land;true;plains;7
2335;206;207;1;land;false;plains;7
2336;142;242;1;land;true;plains;7
2337;148;204;1;land;false;plains;6
2338;119;214;1;land;false;plains;6
2339;148;200;1;land;true;plains;6
2340;117;235;1;land;false;plains;6
2341;155;165;1;land;true;plains;6
2342;187;206;1;land;false;plains;6
2343;179;217;1;land;true;plains;6
2344;160;200;1;land;false;plains;6
2345;150;213;1;land;false;plains;6
2346;170;232;1;land;false;plains;6
2347;191;179;1;land;false;plains;6
2348;190;210;1;land;true;plains;6
2349;164;170;1;land;false;plains;6
2350;142;187;1;land;false;plains;6
2351;127;191;1;land;false;plains;6
2352;212;166;1;land;true;forest;5
2353;222;230;1;land;true;forest;5
2354;195;221;1;land;true;forest;5
2355;221;228;1;land;true;plains;5
2356;108;68;1;land;true;hills;7
2357;171;151;1;land;true;plains;5
2358;82;107;1;land;false;plains;7
2359;70;93;1;land;false;plains;7
2360;39;108;1;land;false;plains;7
2361;77;137;1;land;false;plains;7
2362;80;147;1;land;false;desert;7
2363;103;96;1;land;true;desert;7
2364;60;111;1;land;false;desert;7
2365;68;114;1;land;false;plains;7
2366;87;130;1;land;true;desert;7
2367;50;154;1;land;false;plains;7
2368;68;122;1;land;true;desert;7
2369;49;120;1;land;true;plains;7
2370;37;143;1;land;false;plains;7
2371;45;152;1;land;true;desert;7
2372;112;150;1;land;false;desert;7
2373;92;132;1;land;false;plains;7
2374;103;80;1;land;false;plains;7
2375;73;141;1;land;false;desert;7
2376;178;28;1;land;true;plains;3
2377;193;77;1;land;true;forest;3
2378;161;65;1;land;true;forest;3
2379;198;94;1;land;true;forest;3
2380;158;84;1;land;true;forest;3
2381;191;57;1;land;true;forest;3
2382;161;17;1;land;true;forest;3
2383;189;36;1;land;true;plains;3
2384;149;40;1;land;true;plains;3
2385;150;23;1;land;true;forest;3
2386;149;83;1;land;true;plains;3
2387;107;228;1;land;true;forest;7
2388;91;211;1;land;true;forest;7
2389;137;210;1;land;true;forest;7
2390;117;163;1;land;false;forest;7
2391;167;233;1;land;false;forest;4
2392;233;197;1;land;false;plains;7
2393;190;202;1;land;false;forest;7
2394;196;205;1;land;false;forest;7
2395;230;222;1;land;false;plains;7
2396;214;206;1;land;false;hills;7
2397;206;220;1;land;false;plains;7
2398;230;178;1;land;false;forest;7
2399;204;190;1;land;false;forest;7
2400;202;187;1;land;false;forest;7
2401;196;187;1;land;false;plains;7
2402;214;178;1;land;false;plains;7
2403;224;169;1;land;false;plains;7
2404;131;180;1;land;true;plains;6
2405;133;218;1;land;true;plains;5
2406;151;69;1;land;false;hills;6
2407;129;69;1;land;false;forest;6
2408;150;45;1;land;false;forest;6
2409;193;69;1;land;false;hills;6
2410;134;74;1;land;false;hills;6
2411;155;33;1;land;false;plains;6
2412;203;47;1;land;false;plains;6
2413;171;100;1;land;false;hills;6
2414;182;92;1;land;false;hills;6
2415;153;87;1;land;false;plains;6
2416;168;54;1;land;false;hills;6
2417;159;84;1;land;false;hills;6
2418;188;49;1;land;false;plains;6
2419;162;84;1;land;false;hills;6
2420;184;27;1;land;false;plains;6
2421;177;36;1;land;false;hills;6
2422;149;56;1;land;false;hills;6
2423;176;103;1;land;false;plains;4
2424;212;144;1;land;false;plains;4
2425;171;105;1;land;false;plains;4
2426;196;113;1;land;false;plains;4
2427;145;145;1;land;false;plains;4
2428;211;139;1;land;false;plains;4
2429;148;138;1;land;false;plains;4
2430;159;131;1;land;false;plains;4
2431;154;133;1;land;false;plains;4
2432;184;137;1;land;false;plains;4
2433;161;151;1;land;false;plains;4
2434;166;135;1;land;false;plains;4
2435;173;129;1;land;false;plains;4
2436;199;152;1;land;false;plains;4
2437;157;128;1;land;false;plains;4
2438;196;163;1;land;false;hills;4
2439;149;174;1;land;false;plains;4
2440;36;132;1;land;true;hills;7
2441;211;199;1;land;true;forest;5
2442;231;191;1;land;false;plains;6
2443;236;205;1;land;true;plains;6
2444;227;161;1;land;false;plains;6
2445;197;162;1;land;true;plains;6
2446;195;171;1;land;true;plains;6
2447;243;143;1;land;true;plains;6
2448;228;190;1;land;false;plains;6
2449;218;193;1;land;true;plains;6
2450;206;168;1;land;true;plains;6
2451;225;184;1;land;false;plains;6
2452;198;159;1;land;true;plains;6
2453;231;209;1;land;false;plains;6
2454;254;150;1;land;false;plains;6
2455;210;148;1;land;false;plains;6
2456;236;146;1;land;false;hills;6
2457;63;166;1;land;false;forest;6
2458;103;136;1;land;false;forest;6
2459;217;209;1;land;false;hills;6
2460;240;177;1;land;true;plains;6
2461;200;197;1;land;true;plains;6
2462;221;191;1;land;false;plains;6
2463;198;199;1;land;true;plains;6
2464;231;224;1;land;true;plains;6
2465;219;225;1;land;true;hills;6
2466;229;197;1;land;false;plains;6
2467;213;247;1;land;true;plains;6
2468;232;187;1;land;true;plains;6
2469;231;214;1;land;true;plains;6
2470;221;194;1;land;false;plains;6
2471;190;188;1;land;true;plains;6
2472;218;204;1;land;false;hills;6
2473;198;246;1;land;true;plains;6
2474;201;184;1;land;true;hills;6
2475;207;178;1;land;true;plains;6
2476;185;229;1;land;true;plains;6
2477;234;187;1;land;true;hills;6
2478;243;218;1;land;false;plains;6
2479;254;210;1;land;true;plains;6
2480;183;211;1;land;false;hills;6
2481;243;232;1;land;false;plains;6
2482;245;200;1;land;true;plains;6
2483;191;211;1;land;true;plains;6
2484;144;51;1;land;true;forest;1
2485;110;85;1;land;true;forest;1
2486;177;52;1;land;true;forest;1
2487;130;56;1;land;true;plains;1
2488;135;140;1;land;true;plains;5
2489;139;118;1;land;false;mountain;6
2490;158;111;1;land;false;mountain;6
2491;109;110;1;land;false;hills;6
2492;98;87;1;land;false;hills;6
2493;237;113;1;land;true;plains;6
2494;250;92;1;land;false;plains;6
2495;198;148;1;land;true;urban;6
2496;194;122;1;land;false;urban;6
2497;238;112;1;land;false;plains;6
2498;237;99;1;land;true;urban;6
2499;242;146;1;land;false;plains;6
2500;211;110;1;land;false;plains;6
2501;235;169;1;land;false;plains;6
2502;226;167;1;land;false;plains;6
2503;202;124;1;land;false;plains;7
2504;200;124;1;land;false;plains;7
2505;223;62;1;land;false;urban;7
2506;209;38;1;land;false;plains;7
2507;223;64;1;land;false;plains;7
2508;167;43;1;land;false;plains;7
2509;172;101;1;land;false;forest;7
2510;195;86;1;land;false;plains;7
2511;207;74;1;land;false;plains;7
2512;228;64;1;land;false;plains;7
2513;188;84;1;land;false;plains;7
2514;181;35;1;land;false;forest;7
2515;193;62;1;land;false;plains;7
2516;158;64;1;land;false;forest;7
2517;216;82;1;land;false;plains;7
2518;179;69;1;land;false;plains;7
2519;209;43;1;land;false;plains;7
2520;108;180;1;land;false;plains;2
2521;138;182;1;land;false;plains;2
2522;147;111;1;land;false;forest;2
2523;158;114;1;land;false;plains;2
2524;91;87;1;land;false;plains;6
2525;80;57;1;land;false;plains;6
2526;62;70;1;land;false;urban;6
2527;92;51;1;land;false;plains;6
2528;36;77;1;land;true;plains;6
2529;51;104;1;land;true;plains;6
2530;55;88;1;land;true;plains;6
2531;108;32;1;land;true;plains;6
2532;96;104;1;land;false;plains;6
2533;91;78;1;land;true;plains;6
2534;38;107;1;land;false;urban;6
2535;95;60;1;land;true;plains;6
2536;63;53;1;land;false;plains;6
2537;61;41;1;land;false;plains;6
2538;42;68;1;land;false;plains;6
2539;106;54;1;land;true;hills;3
2540;67;71;1;land;false;plains;6
2541;49;42;1;land;false;plains;6
2542;74;39;1;land;false;plains;6
2543;73;50;1;land;false;plains;6
2544;79;64;1;land;false;hills;6
2545;75;104;1;land;false;plains;6
2546;58;175;1;land;false;plains;7
2547;119;156;1;land;false;plains;7
2548;65;199;1;land;false;plains;7
2549;85;195;1;land;false;plains;7
2550;61;160;1;land;false;forest;7
2551;148;98;1;land;true;hills;7
2552;164;125;1;land;true;forest;6
2553;161;87;1;land;true;plains;6
2554;150;126;1;land;true;plains;6
2555;65;90;1;land;true;hills;7
2556;73;69;1;land;true;hills;7
2557;95;106;1;land;false;mountain;6
2558;38;85;1;land;false;hills;6
2559;80;129;1;land;false;mountain;6
2560;73;130;1;land;false;mountain;6
2561;59;67;1;land;false;plains;6
2562;60;124;1;land;false;plains;6
2563;55;64;1;land;false;plains;6
2564;41;122;1;land;false;plains;6
2565;89;68;1;land;false;plains;6
2566;31;142;1;land;false;hills;6
2567;39;77;1;land;false;mountain;6
2568;77;133;1;land;false;mountain;6
2569;39;82;1;land;false;hills;6
2570;66;133;1;land;false;hills;6
2571;57;75;1;land;false;hills;6
2572;24;95;1;land;false;hills;6
2573;40;106;1;land;false;plains;6
2574;86;91;1;land;false;plains;6
2575;47;68;1;land;false;hills;6
2576;73;94;1;land;false;mountain;6
2577;62;109;1;land;false;plains;6
2578;94;98;1;land;false;plains;6
2579;243;199;1;land;false;forest;7
2580;235;139;1;land;false;forest;7
2581;237;141;1;land;false;forest;7
2582;199;197;1;land;false;mountain;7
2583;233;151;1;land;false;hills;7
2584;204;144;1;land;false;hills;7
2585;218;155;1;land;false;hills;7
2586;227;179;1;land;false;hills;7
2587;254;208;1;land;false;forest;7
2588;207;203;1;land;false;hills;7
2589;53;55;1;land;false;plains;6
2590;47;120;1;land;false;hills;6
2591;23;131;1;land;false;plains;6
2592;72;73;1;land;false;plains;6
2593;189;225;1;land;true;plains;6
2594;120;165;1;land;true;plains;6
2595;186;205;1;land;false;plains;6
2596;170;159;1;land;true;plains;6
2597;135;218;1;land;false;plains;6
2598;170;156;1;land;false;plains;6
2599;124;155;1;land;true;plains;6
2600;172;208;1;land;false;plains;6
2601;179;174;1;land;true;plains;6
2602;146;193;1;land;false;plains;6
2603;192;228;1;land;false;plains;6
2604;154;166;1;land;true;plains;6
2605;51;213;1;land;true;mountain;6
2606;69;167;1;land;false;mountain;6
2607;162;89;1;land;true;plains;3
2608;166;145;1;land;true;forest;3
2609;194;82;1;land;true;forest;3
2610;129;80;1;land;true;plains;3
2611;162;78;1;land;true;forest;3
2612;186;122;1;land;false;plains;7
2613;192;183;1;land;false;plains;7
2614;216;116;1;land;false;plains;7
2615;212;177;1;land;false;urban;7
2616;174;154;1;land;false;plains;7
2617;185;117;1;land;false;jungle;7
2618;191;182;1;land;true;forest;5
2619;58;88;1;land;true;plains;6
2620;45;110;1;land;false;forest;6
2621;90;140;1;land;true;forest;6
2622;74;116;1;land;true;forest;6
2623;84;81;1;land;false;plains;6
2624;163;156;1;land;false;plains;7
2625;144;179;1;land;false;forest;7
2626;148;179;1;land;false;forest;7
2627;218;153;1;land;false;forest;7
2628;117;120;1;land;true;forest;7
2629;72;63;1;land;true;plains;1
2630;182;227;1;land;true;plains;5
2631;109;239;1;land;true;plains;6
2632;127;194;1;land;false;plains;6
2633;150;242;1;land;false;plains;6
2634;149;233;1;land;false;plains;6
2635;164;244;1;land;true;hills;6
2636;161;186;1;land;true;hills;6
2637;42;145;1;land;false;forest;4
2638;66;166;1;land;false;forest;4
2639;61;195;1;land;false;jungle;4
2640;29;144;1;land;false;forest;4
2641;13;203;1;land;false;forest;4
2642;56;50;1;land;false;plains;6
2643;95;57;1;land;false;plains;6
2644;46;16;1;land;true;plains;6
2645;72;53;1;land;true;plains;6
2646;86;38;1;land;false;urban;6
2647;35;11;1;land;true;plains;6
2648;47;29;1;land;false;plains;6
2649;68;3;1;land;false;plains;6
2650;31;55;1;land;true;plains;6
2651;29;64;1;land;true;plains;6
2652;47;65;1;land;true;plains;6
2653;78;5;1;land;false;plains;6
2654;74;61;1;land;true;plains;6
2655;23;68;1;land;true;plains;6
2656;34;6;1;land;false;plains;6
2657;69;23;1;land;false;plains;6
2658;58;12;1;land;false;plains;6
2659;91;20;1;land;true;plains;6
2660;84;44;1;land;true;forest;7
2661;134;45;1;land;true;forest;7
2662;136;12;1;land;true;forest;7
2663;99;123;1;land;false;plains;6
2664;141;140;1;land;false;plains;6
2665;160;112;1;land;false;plains;6
2666;136;113;1;land;false;plains;6
2667;147;87;1;land;false;plains;6
2668;120;87;1;land;false;plains;6
2669;161;152;1;land;false;hills;6
2670;97;120;1;land;false;plains;6
2671;137;119;1;land;false;plains;6
2672;246;172;1;land;true;plains;7
2673;246;220;1;land;true;forest;7
2674;220;233;1;land;false;plains;7
2675;213;195;1;land;false;forest;7
2676;226;186;1;land;true;plains;7
2677;213;185;1;land;true;forest;7
2678;243;240;1;land;true;plains;7
2679;217;173;1;land;false;forest;7
2680;254;207;1;land;false;plains;7
2681;89;119;1;land;false;forest;6
2682;25;74;1;land;false;plains;6
2683;57;111;1;land;false;plains;6
2684;90;138;1;land;false;plains;6
2685;51;124;1;land;false;plains;6
2686;221;93;1;land;false;hills;7
2687;196;99;1;land;false;hills;7
2688;188;99;1;land;false;hills;7
2689;199;155;1;land;false;forest;7
2690;214;134;1;land;false;forest;7
2691;194;95;1;land;false;forest;7
2692;241;87;1;land;false;forest;7
2693;186;117;1;land;false;forest;7
2694;181;157;1;land;false;forest;7
2695;183;132;1;land;false;forest;7
2696;173;99;1;land;false;forest;7
2697;207;128;1;land;false;forest;7
2698;47;98;1;land;true;plains;7
2699;90;33;1;land;false;plains;6
2700;86;53;1;land;false;plains;6
2701;93;31;1;land;false;plains;6
2702;107;88;1;land;false;plains;6
2703;106;61;1;land;false;urban;6
2704;61;64;1;land;true;plains;6
2705;75;84;1;land;false;plains;6
2706;111;74;1;land;false;plains;6
2707;62;51;1;land;false;plains;6
2708;109;91;1;land;false;plains;6
2709;100;61;1;land;false;plains;6
2710;64;81;1;land;true;plains;6
2711;54;71;1;land;true;plains;6
2712;82;29;1;land;false;plains;6
2713;111;103;1;land;true;plains;6
2714;63;86;1;land;true;plains;6
2715;115;66;1;land;false;plains;6
2716;108;37;1;land;false;plains;6
2717;65;44;1;land;false;plains;6
2718;55;75;1;land;false;plains;6
2719;82;102;1;land;false;plains;6
2720;82;62;1;land;true;plains;6
2721;96;71;1;land;false;plains;6
2722;117;84;1;land;false;urban;6
2723;87;180;1;land;false;plains;6
2724;232;101;1;land;false;desert;7
2725;234;105;1;land;true;plains;7
2726;166;130;1;land;true;desert;7
2727;201;118;1;land;true;desert;7
2728;196;123;1;land;false;plains;7
2729;240;88;1;land;false;plains;7
2730;206;71;1;land;false;plains;7
2731;208;117;1;land;false;plains;7
2732;217;85;1;land;false;desert;7
2733;234;128;1;land;true;plains;7
2734;198;114;1;land;false;plains;7
2735;187;72;1;land;true;desert;7
2736;195;72;1;land;false;plains;7
2737;233;143;1;land;true;desert;7
2738;203;150;1;land;false;plains;7
2739;187;90;1;land;false;plains;7
2740;183;116;1;land;true;plains;7
2741;241;130;1;land;false;plains;7
2742;198;83;1;land;true;plains;7
2743;227;94;1;land;false;plains;7
2744;241;99;1;land;false;plains;7
2745;236;142;1;land;false;plains;7
2746;225;96;1;land;false;plains;7
2747;175;104;1;land;true;plains;7
2748;214;78;1;land;true;desert;7
2749;201;114;1;land;true;plains;7
2750;191;104;1;land;false;plains;7
2751;227;106;1;land;false;desert;7
2752;193;139;1;land;false;desert;7
2753;195;115;1;land;true;plains;7
2754;214;119;1;land;false;plains;7
2755;182;140;1;land;false;desert;7
2756;202;148;1;land;false;desert;7
2757;220;74;1;land;true;desert;7
2758;230;109;1;land;false;plains;7
2759;175;80;1;land;true;plains;7
2760;187;97;1;land;true;plains;7
2761;220;110;1;land;false;plains;7
2762;218;111;1;land;false;plains;7
2763;237;138;1;land;false;plains;7
2764;186;16;1;land;false;plains;6
2765;170;55;1;land;false;urban;6
2766;164;48;1;land;false;urban;6
2767;151;48;1;land;false;plains;6
2768;180;83;1;land;false;plains;6
2769;146;30;1;land;false;plains;6
2770;172;52;1;land;false;plains;6
2771;126;54;1;land;false;plains;6
2772;186;20;1;land;false;plains;6
2773;126;66;1;land;false;urban;6
2774;170;58;1;land;false;hills;6
2775;195;69;1;land;false;plains;6
2776;112;85;1;land;false;plains;6
2777;117;85;1;land;false;forest;6
2778;137;96;1;land;false;plains;6
2779;98;116;1;land;false;plains;6
2780;132;173;1;land;true;forest;5
2781;240;185;1;land;true;plains;5
2782;232;158;1;land;true;plains;5
2783;209;159;1;land;true;plains;5
2784;201;160;1;land;true;plains;5
2785;249;181;1;land;true;forest;5
2786;254;194;1;land;true;plains;5
2787;145;129;1;land;false;plains;6
2788;163;145;1;land;true;plains;6
2789;177;105;1;land;true;plains;6
2790;129;117;1;land;false;plains;6
2791;166;103;1;land;true;plains;6
2792;179;164;1;land;false;plains;6
2793;167;110;1;land;false;plains;6
2794;192;109;1;land;false;plains;6
2795;144;93;1;land;false;plains;6
2796;152;166;1;land;true;plains;6
2797;152;104;1;land;true;plains;6
2798;145;103;1;land;true;plains;6
2799;141;113;1;land;false;plains;6
2800;196;128;1;land;true;plains;6
2801;187;129;1;land;false;plains;6
2802;235;227;1;land;false;desert;7
2803;206;233;1;land;false;plains;7
2804;188;200;1;land;false;plains;7
2805;235;196;1;land;false;plains;7
2806;200;166;1;land;false;hills;7
2807;221;178;1;land;false;forest;7
2808;236;225;1;land;false;plains;7
2809;216;202;1;land;false;plains;7
2810;224;210;1;land;false;plains;7
2811;218;202;1;land;false;desert;7
2812;221;195;1;land;false;desert;7
2813;244;214;1;land;false;plains;7
2814;224;177;1;land;false;plains;7
2815;225;189;1;land;false;plains;7
2816;212;234;1;land;false;hills;7
2817;229;172;1;land;false;desert;7
2818;253;205;1;land;false;hills;7
2819;199;199;1;land;false;desert;7
2820;217;214;1;land;false;plains;7
2821;254;237;1;land;false;plains;7
2822;240;218;1;land;false;plains;7
2823;186;211;1;land;false;plains;7
2824;209;210;1;land;false;hills;7
2825;223;167;1;land;false;forest;7
2826;202;161;1;land;false;plains;7
2827;253;167;1;land;false;plains;7
2828;247;225;1;land;false;desert;7
2829;250;197;1;land;false;hills;7
2830;253;164;1;land;false;forest;7
2831;240;219;1;land;false;plains;7
2832;226;232;1;land;false;forest;7
2833;187;225;1;land;false;plains;7
2834;194;184;1;land;false;forest;7
2835;211;232;1;land;false;plains;7
2836;251;188;1;land;false;desert;7
2837;247;198;1;land;false;plains;7
2838;196;184;1;land;false;plains;7
2839;234;180;1;land;false;plains;7
2840;219;208;1;land;false;plains;7
2841;188;218;1;land;false;hills;7
2842;221;181;1;land;false;forest;7
2843;138;242;1;land;true;forest;5
2844;143;223;1;land;true;forest;5
2845;185;244;1;land;true;forest;5
2846;201;197;1;land;true;forest;5
2847;193;230;1;land;true;forest;5
2848;202;218;1;land;true;forest;5
2849;149;195;1;land;true;forest;5
2850;179;208;1;land;true;forest;5
2851;178;221;1;land;true;forest;5
2852;152;236;1;land;true;forest;5
2853;137;196;1;land;true;forest;5
2854;170;244;1;land;true;forest;5
2855;180;209;1;land;true;forest;5
2856;208;224;1;land;true;forest;5
2857;135;235;1;land;true;forest;5
2858;170;233;1;land;true;forest;5
2859;160;219;1;land;true;forest;5
2860;210;224;1;land;true;plains;5
2861;23;234;1;land;true;plains;7
2862;48;239;1;land;true;plains;7
2863;16;245;1;land;true;plains;7
2864;34;192;1;land;true;forest;7
2865;57;245;1;land;true;plains;7
2866;60;195;1;land;true;plains;7
2867;27;221;1;land;true;plains;7
2868;20;226;1;land;true;plains;7
2869;45;249;1;land;true;plains;7
2870;19;237;1;land;true;plains;7
2871;56;252;1;land;true;plains;7
2872;61;241;1;land;true;hills;7
2873;16;250;1;land;true;plains;7
2874;60;228;1;land;true;forest;7
2875;34;244;1;land;true;forest;7
2876;2;217;1;land;true;plains;7
2877;57;182;1;land;true;plains;7
2878;64;214;1;land;true;urban;7
2879;9;209;1;land;true;plains;7
2880;45;235;1;land;true;plains;7
2881;2;254;1;land;true;plains;7
2882;19;222;1;land;true;urban;7
2883;47;216;1;land;true;plains;7
2884;202;168;1;land;true;plains;1
2885;55;177;1;land;true;plains;7
2886;146;59;1;land;false;plains;7
2887;158;89;1;land;false;plains;7
2888;144;26;1;land;false;plains;7
2889;140;29;1;land;false;plains;7
2890;154;193;1;land;false;plains;6
2891;134;80;1;land;false;plains;6
2892;136;106;1;land;false;plains;6
2893;183;65;1;land;false;plains;6
2894;164;120;1;land;false;plains;6
2895;168;64;1;land;false;plains;6
2896;152;100;1;land;false;plains;6
2897;143;120;1;land;false;plains;6
2898;128;120;1;land;false;plains;6
2899;175;66;1;land;true;plains;6
2900;130;114;1;land;false;hills;6
2901;198;62;1;land;false;plains;6
2902;170;61;1;land;false;plains;6
2903;187;150;1;land;true;plains;4
2904;146;125;1;land;false;plains;6
2905;158;96;1;land;false;forest;6
2906;127;124;1;land;false;forest;6
2907;169;156;1;land;false;forest;6
2908;122;154;1;land;false;forest;6
2909;165;131;1;land;false;plains;6
2910;151;252;1;land;true;plains;5
2911;183;152;1;land;true;plains;7
2912;183;155;1;land;true;plains;7
2913;194;88;1;land;false;forest;7
2914;211;116;1;land;false;forest;7
2915;235;146;1;land;false;forest;7
2916;253;142;1;land;true;hills;7
2917;225;110;1;land;false;plains;7
2918;242;145;1;land;true;plains;7
2919;247;139;1;land;false;plains;7
2920;215;136;1;land;false;urban;7
2921;196;88;1;land;true;plains;7
2922;227;105;1;land;false;forest;7
2923;176;215;1;land;false;plains;6
2924;205;198;1;land;false;plains;6
2925;152;188;1;land;false;plains;6
2926;172;247;1;land;false;plains;6
2927;200;175;1;land;false;plains;6
2928;186;227;1;land;false;plains;6
2929;129;194;1;land;false;plains;6
2930;157;228;1;land;false;plains;6
2931;167;174;1;land;false;plains;6
2932;50;78;1;land;false;plains;6
2933;22;118;1;land;false;plains;6
2934;192;116;1;land;false;plains;7
2935;181;93;1;land;false;plains;7
2936;132;68;1;land;false;forest;7
2937;116;95;1;land;false;plains;7
2938;128;88;1;land;false;plains;7
2939;126;119;1;land;false;plains;7
2940;127;179;1;land;false;plains;7
2941;205;95;1;land;true;plains;1
2942;111;22;1;land;true;forest;5
2943;110;44;1;land;true;forest;5
2944;123;26;1;land;true;forest;5
2945;99;25;1;land;true;forest;5
2946;129;6;1;land;true;hills;5
2947;111;11;1;land;true;plains;5
2948;88;1;1;land;true;plains;5
2949;150;153;1;land;false;plains;7
2950;156;110;1;land;false;forest;7
2951;193;153;1;land;false;forest;7
2952;170;110;1;land;false;hills;7
2953;188;106;1;land;false;forest;7
2954;159;129;1;land;false;forest;7
2955;148;93;1;land;false;forest;7
2956;177;91;1;land;false;forest;7
2957;207;131;1;land;false;hills;7
2958;176;88;1;land;false;forest;7
2959;199;157;1;land;false;forest;7
2960;123;146;1;land;false;forest;7
2961;124;216;1;land;false;urban;7
2962;122;205;1;land;false;plains;7
2963;89;212;1;land;false;plains;7
2964;251;117;1;land;true;forest;4
2965;191;58;1;land;false;forest;4
2966;185;67;1;land;false;forest;4
2967;131;150;1;land;false;forest;6
2968;200;134;1;land;false;forest;6
2969;152;133;1;land;false;forest;6
2970;146;148;1;land;false;forest;6
2971;202;133;1;land;false;forest;6
2972;166;152;1;land;false;forest;6
2973;190;143;1;land;false;plains;6
2974;140;167;1;land;false;plains;6
2975;151;127;1;land;false;forest;6
2976;135;138;1;land;false;forest;6
2977;181;109;1;land;false;forest;6
2978;142;124;1;land;false;forest;6
2979;174;122;1;land;false;forest;6
2980;89;135;1;land;false;plains;7
2981;119;144;1;land;false;forest;7
2982;87;147;1;land;false;plains;7
2983;99;206;1;land;false;plains;7
2984;146;146;1;land;false;plains;7
2985;150;170;1;land;false;mountain;7
2986;78;205;1;land;false;mountain;7
2987;71;153;1;land;false;mountain;7
2988;123;176;1;land;false;plains;7
2989;88;194;1;land;false;plains;7
2990;109;185;1;land;false;plains;7
2991;141;181;1;land;false;hills;7
2992;130;207;1;land;false;plains;7
2993;102;160;1;land;false;plains;7
2994;135;175;1;land;false;plains;7
2995;113;175;1;land;false;urban;7
2996;149;186;1;land;false;hills;7
2997;122;160;1;land;false;hills;7
2998;73;206;1;land;false;plains;7
2999;85;204;1;land;false;plains;7
3000;108;133;1;land;false;plains;7
3001;144;159;1;land;false;plains;7
3002;82;182;1;land;false;mountain;7
3003;102;204;1;land;false;plains;7
3004;113;189;1;land;false;plains;7
3005;85;151;1;land;false;hills;7
3006;150;136;1;land;false;plains;7
3007;109;46;1;land;true;forest;1
3008;137;33;1;land;true;hills;1
3009;201;79;1;land;false;forest;6
3010;147;77;1;land;false;plains;6
3011;138;57;1;land;false;plains;6
3012;158;97;1;land;false;plains;6
3013;180;61;1;land;false;urban;6
3014;138;54;1;land;false;plains;6
3015;130;49;1;land;false;urban;6
3016;140;50;1;land;false;plains;6
3017;190;33;1;land;false;urban;6
3018;176;91;1;land;false;plains;6
3019;170;100;1;land;false;forest;6
3020;159;108;1;land;false;plains;6
3021;139;96;1;land;false;plains;6
3022;151;96;1;land;false;urban;6
3023;128;61;1;land;false;urban;6
3024;74;126;1;land;false;plains;7
3025;81;69;1;land;false;plains;7
3026;77;77;1;land;false;hills;7
3027;37;102;1;land;false;hills;7
3028;65;100;1;land;false;hills;7
3029;62;146;1;land;false;plains;7
3030;139;182;1;land;false;plains;2
3031;171;172;1;land;true;plains;2
3032;154;217;1;land;false;hills;2
3033;179;226;1;land;true;plains;2
3034;129;201;1;land;true;plains;2
3035;172;238;1;land;false;plains;2
3036;150;223;1;land;true;plains;2
3037;168;222;1;land;false;forest;2
3038;179;175;1;land;true;plains;5
3039;161;167;1;land;true;forest;5
3040;179;181;1;land;true;plains;5
3041;111;139;1;land;false;plains;6
3042;122;79;1;land;false;plains;6
3043;114;80;1;land;false;plains;7
3044;110;99;1;land;false;plains;7
3045;117;67;1;land;false;plains;7
3046;92;68;1;land;false;plains;7
3047;106;115;1;land;false;hills;7
3048;117;71;1;land;false;plains;7
3049;92;108;1;land;false;plains;7
3050;111;96;1;land;false;hills;7
3051;109;194;1;land;true;urban;6
3052;54;214;1;land;true;plains;6
3053;104;202;1;land;true;urban;6
3054;131;163;1;land;true;plains;6
3055;67;167;1;land;true;plains;6
3056;69;150;1;land;true;urban;6
3057;116;150;1;land;false;forest;6
3058;57;170;1;land;false;plains;6
3059;101;200;1;land;false;forest;6
3060;67;168;1;land;false;forest;6
3061;96;177;1;land;true;plains;6
3062;141;28;1;land;true;plains;6
3063;147;70;1;land;false;plains;6
3064;232;212;1;land;true;plains;7
3065;48;169;1;land;false;hills;6
3066;63;167;1;land;false;plains;6
3067;203;215;1;land;false;forest;7
3068;191;230;1;land;false;forest;7
3069;188;207;1;land;false;forest;7
3070;183;164;1;land;false;forest;7
3071;175;204;1;land;false;forest;7
3072;209;175;1;land;false;forest;7
3073;174;229;1;land;false;forest;7
3074;164;182;1;land;false;forest;7
3075;221;235;1;land;false;forest;7
3076;162;101;1;land;false;forest;7
3077;156;82;1;land;false;forest;7
3078;181;140;1;land;false;forest;7
3079;213;89;1;land;false;forest;7
3080;192;124;1;land;false;forest;7
3081;199;131;1;land;false;forest;7
3082;146;97;1;land;false;forest;7
3083;141;83;1;land;false;forest;7
3084;151;124;1;land;false;forest;7
3085;170;117;1;land;false;hills;7
3086;188;80;1;land;false;forest;7
3087;209;114;1;land;false;plains;7
3088;203;121;1;land;false;forest;7
3089;175;79;1;land;false;hills;7
3090;156;84;1;land;false;hills;7
3091;167;152;1;land;false;forest;7
3092;148;86;1;land;false;hills;7
3093;239;166;1;land;false;plains;6
3094;197;196;1;land;false;plains;6
3095;181;171;1;land;false;forest;6
3096;74;72;1;land;true;plains;3
3097;216;168;1;land;true;plains;7
3098;175;162;1;land;true;plains;7
3099;198;172;1;land;false;hills;7
3100;223;148;1;land;false;hills;7
3101;245;163;1;land;true;plains;7
3102;245;122;1;land;true;plains;7
3103;244;158;1;land;true;plains;7
3104;183;176;1;land;false;hills;7
3105;201;115;1;land;false;hills;7
3106;201;150;1;land;true;plains;7
3107;194;179;1;land;true;plains;7
3108;174;139;1;land;true;hills;7
3109;64;90;1;land;false;forest;7
3110;101;100;1;land;false;mountain;7
3111;45;74;1;land;false;forest;7
3112;117;89;1;land;false;mountain;7
3113;96;74;1;land;false;forest;7
3114;101;128;1;land;false;forest;7
3115;96;118;1;land;false;mountain;7
3116;84;99;1;land;false;urban;7
3117;122;90;1;land;true;plains;7
3118;73;66;1;land;false;forest;7
3119;56;64;1;land;false;plains;7
3120;104;100;1;land;false;urban;7
3121;73;45;1;land;false;forest;7
3122;125;51;1;land;false;plains;6
3123;118;56;1;land;false;hills;6
3124;133;67;1;land;false;forest;6
3125;152;9;1;land;false;plains;6
3126;161;5;1;land;false;plains;6
3127;175;11;1;land;false;hills;6
3128;117;68;1;land;false;plains;6
3129;132;22;1;land;true;plains;7
3130;161;13;1;land;true;plains;7
3131;203;221;1;land;false;plains;6
3132;209;160;1;land;true;plains;6
3133;224;205;1;land;true;plains;6
3134;247;204;1;land;false;plains;6
3135;224;170;1;land;false;mountain;6
3136;196;180;1;land;true;hills;6
3137;210;176;1;land;false;plains;6
3138;231;168;1;land;false;plains;6
3139;249;154;1;land;false;plains;6
3140;192;120;1;land;false;hills;6
3141;165;169;1;land;false;plains;6
3142;168;114;1;land;false;plains;6
3143;187;119;1;land;false;plains;6
3144;149;99;1;land;false;plains;6
3145;171;110;1;land;false;plains;6
3146;178;111;1;land;false;hills;6
3147;165;114;1;land;false;plains;6
3148;146;145;1;land;false;plains;6
3149;189;170;1;land;false;plains;6
3150;153;152;1;land;false;plains;6
3151;115;159;1;land;false;plains;6
3152;119;150;1;land;false;plains;6
3153;138;135;1;land;false;hills;6
3154;153;146;1;land;false;plains;6
3155;188;156;1;land;false;plains;6
3156;191;91;1;land;false;plains;6
3157;181;125;1;land;false;plains;6
3158;192;92;1;land;false;plains;6
3159;119;153;1;land;false;hills;6
3160;138;157;1;land;false;plains;6
3161;126;121;1;land;false;plains;6
3162;146;151;1;land;false;plains;6
3163;161;108;1;land;false;hills;6
3164;116;119;1;land;false;hills;6
3165;129;106;1;land;false;plains;6
3166;143;158;1;land;false;plains;6
3167;131;106;1;land;false;plains;6
3168;147;106;1;land;false;plains;6
3169;183;106;1;land;false;plains;6
3170;176;143;1;land;false;plains;6
3171;158;146;1;land;false;hills;6
3172;161;100;1;land;false;plains;6
3173;186;98;1;land;false;plains;6
3174;181;92;1;land;false;plains;6
3175;132;163;1;land;false;plains;6
3176;135;107;1;land;false;hills;6
3177;129;132;1;land;false;plains;6
3178;182;134;1;land;false;plains;6
3179;159;115;1;land;false;plains;6
3180;126;160;1;land;false;plains;6
3181;172;124;1;land;false;plains;6
3182;166;114;1;land;false;hills;6
3183;123;168;1;land;false;hills;6
3184;193;105;1;land;false;plains;6
3185;134;90;1;land;false;plains;6
3186;189;136;1;land;false;plains;6
3187;72;240;1;land;false;mountain;7
3188;83;209;1;land;false;mountain;7
3189;81;215;1;land;false;hills;7
3190;73;220;1;land;false;mountain;7
3191;168;115;1;land;false;hills;6
3192;126;123;1;land;false;plains;7
3193;164;60;1;land;false;plains;7
3194;192;239;1;land;false;forest;7
3195;136;232;1;land;false;forest;7
3196;151;204;1;land;false;forest;7
3197;170;239;1;land;false;forest;7
3198;168;211;1;land;false;forest;7
3199;135;188;1;land;false;hills;7
3200;1;204;1;land;false;plains;7
3201;11;218;1;land;false;plains;7
3202;41;217;1;land;false;plains;7
3203;55;223;1;land;false;plains;7
3204;27;193;1;land;false;plains;7
3205;111;51;1;land;true;plains;3
3206;77;71;1;land;true;plains;3
3207;38;110;1;land;false;plains;3
3208;93;60;1;land;true;plains;3
3209;46;80;1;land;false;plains;3
3210;114;77;1;land;true;plains;3
3211;88;72;1;land;true;plains;3
3212;39;67;1;land;true;plains;3
3213;161;222;1;land;true;forest;5
3214;216;200;1;land;true;forest;5
3215;175;132;1;land;false;forest;6
3216;148;154;1;land;false;plains;6
3217;117;207;1;land;false;plains;6
3218;144;184;1;land;true;forest;5
3219;160;87;1;land;true;desert;5
3220;203;44;1;land;true;plains;5
3221;164;66;1;land;true;desert;5
3222;201;64;1;land;true;desert;5
3223;206;82;1;land;false;desert;5
3224;137;77;1;land;true;plains;5
3225;169;56;1;land;true;plains;5
3226;170;57;1;land;false;desert;5
3227;145;57;1;land;false;forest;5
3228;147;68;1;land;false;desert;5
3229;177;79;1;land;true;plains;5
3230;150;46;1;land;false;plains;5
3231;66;175;1;land;false;jungle;7
3232;195;159;1;land;false;desert;7
3233;230;147;1;land;false;desert;7
3234;239;176;1;land;false;desert;7
3235;206;130;1;land;true;plains;7
3236;223;153;1;land;false;desert;7
3237;228;142;1;land;false;plains;7
3238;236;172;1;land;false;plains;7
3239;236;109;1;land;false;plains;7
3240;199;125;1;land;false;plains;7
3241;239;171;1;land;false;desert;7
3242;246;110;1;land;false;desert;7
3243;219;150;1;land;true;desert;7
3244;218;178;1;land;false;forest;7
3245;227;167;1;land;false;plains;7
3246;230;146;1;land;false;plains;7
3247;218;164;1;land;false;plains;7
3248;228;155;1;land;false;forest;7
3249;217;132;1;land;false;forest;7
3250;198;149;1;land;false;desert;7
3251;188;172;1;land;false;desert;7
3252;202;128;1;land;false;desert;7
3253;177;155;1;land;false;desert;7
3254;201;109;1;land;false;plains;7
3255;218;177;1;land;false;plains;7
3256;193;151;1;land;false;desert;7
3257;198;108;1;land;true;desert;7
3258;225;129;1;land;false;plains;7
3259;253;171;1;land;false;desert;7
3260;234;144;1;land;false;plains;7
3261;244;159;1;land;false;plains;7
3262;226;175;1;land;false;plains;7
3263;184;142;1;land;false;plains;7
3264;242;133;1;land;false;desert;7
3265;234;173;1;land;false;plains;7
3266;197;167;1;land;false;plains;7
3267;220;149;1;land;false;plains;7
3268;199;161;1;land;true;plains;7
3269;219;154;1;land;false;desert;7
3270;191;107;1;land;false;plains;7
3271;189;118;1;land;false;desert;7
3272;243;131;1;land;false;forest;7
3273;199;163;1;land;true;desert;7
3274;253;109;1;land;false;plains;7
3275;230;173;1;land;false;desert;7
3276;234;113;1;land;false;forest;7
3277;246;153;1;land;true;desert;7
3278;244;103;1;land;false;plains;7
3279;204;145;1;land;false;plains;7
3280;188;163;1;land;false;desert;7
3281;215;146;1;land;false;forest;7
3282;223;118;1;land;false;desert;7
3283;186;137;1;land;false;plains;7
3284;185;106;1;land;false;plains;7
3285;181;148;1;land;false;forest;7
3286;250;136;1;land;false;desert;7
3287;237;137;1;land;false;desert;7
3288;217;155;1;land;false;plains;7
3289;216;127;1;land;false;forest;7
3290;226;156;1;land;false;desert;7
3291;118;53;1;land;false;plains;5
3292;149;23;1;land;true;plains;5
3293;137;46;1;land;false;plains;5
3294;174;40;1;land;false;plains;5
3295;121;83;1;land;false;urban;5
3296;130;13;1;land;false;forest;5
3297;165;68;1;land;true;plains;5
3298;165;36;1;land;false;plains;5
3299;96;80;1;land;true;plains;5
3300;152;63;1;land;true;plains;5
3301;143;53;1;land;true;plains;5
3302;161;36;1;land;false;plains;5
3303;141;62;1;land;false;forest;5
3304;132;72;1;land;false;plains;5
3305;171;66;1;land;false;plains;5
3306;126;68;1;land;false;plains;5
3307;170;29;1;land;true;hills;5
3308;122;55;1;land;false;plains;5
3309;86;90;1;land;false;plains;6
3310;133;68;1;land;false;plains;7
3311;140;96;1;land;false;plains;7
3312;154;69;1;land;false;plains;7
3313;80;86;1;land;false;plains;7
3314;123;45;1;land;false;forest;7
3315;156;102;1;land;false;plains;7
3316;154;37;1;land;false;urban;7
3317;157;84;1;land;false;plains;7
3318;150;70;1;land;false;plains;7
3319;115;86;1;land;false;plains;7
3320;128;82;1;land;false;plains;7
3321;143;25;1;land;false;forest;7
3322;143;56;1;land;false;plains;7
3323;121;96;1;land;false;plains;7
3324;97;42;1;land;false;plains;7
3325;119;89;1;land;false;plains;7
3326;124;93;1;land;false;plains;7
3327;90;28;1;land;false;plains;7
3328;119;99;1;land;false;plains;7
3329;118;76;1;land;false;urban;7
3330;114;62;1;land;false;plains;7
3331;85;30;1;land;false;plains;7
3332;115;33;1;land;false;plains;7
3333;146;67;1;land;false;plains;7
3334;86;33;1;land;false;plains;7
3335;107;113;1;land;true;forest;3
3336;82;57;1;land;true;forest;3
3337;107;81;1;land;true;forest;3
3338;75;76;1;land;true;forest;3
3339;58;128;1;land;true;forest;3
3340;58;67;1;land;true;forest;3
3341;105;107;1;land;true;forest;3
3342;112;60;1;land;true;forest;3
3343;59;82;1;land;false;forest;3
3344;162;170;1;land;false;plains;6
3345;129;174;1;land;false;plains;6
3346;137;205;1;land;false;plains;6
3347;192;142;1;land;false;plains;6
3348;147;182;1;land;false;hills;6
3349;133;208;1;land;false;plains;6
3350;149;141;1;land;false;plains;6
3351;155;143;1;land;false;plains;6
3352;142;198;1;land;false;plains;6
3353;140;201;1;land;true;hills;6
3354;192;196;1;land;false;plains;6
3355;164;212;1;land;false;plains;6
3356;173;205;1;land;false;plains;6
3357;129;184;1;land;false;hills;6
3358;82;199;1;land;true;hills;7
3359;183;193;1;land;false;plains;6
3360;112;174;1;land;false;hills;7
3361;100;214;1;land;false;plains;7
3362;80;216;1;land;false;plains;7
3363;117;231;1;land;false;plains;7
3364;71;195;1;land;false;plains;7
3365;115;203;1;land;false;plains;7
3366;128;229;1;land;false;plains;7
3367;70;246;1;land;false;plains;7
3368;61;248;1;land;false;plains;7
3369;78;92;1;land;true;plains;6
3370;47;91;1;land;true;plains;6
3371;137;179;1;land;true;plains;3
3372;151;14;1;land;false;plains;6
3373;160;41;1;land;true;plains;6
3374;147;73;1;land;false;plains;6
3375;136;75;1;land;false;urban;6
3376;141;57;1;land;false;plains;6
3377;146;65;1;land;true;plains;6
3378;177;170;1;land;false;forest;7
3379;249;157;1;land;false;forest;7
3380;215;182;1;land;false;forest;7
3381;245;143;1;land;false;forest;7
3382;183;187;1;land;false;forest;7
3383;197;165;1;land;false;forest;7
3384;226;181;1;land;false;forest;7
3385;247;141;1;land;false;forest;7
3386;245;135;1;land;false;forest;7
3387;200;130;1;land;false;forest;7
3388;231;131;1;land;false;hills;7
3389;199;141;1;land;false;forest;7
3390;125;123;1;land;false;mountain;7
3391;149;129;1;land;false;plains;7
3392;170;25;1;land;false;plains;7
3393;169;79;1;land;false;plains;7
3394;155;92;1;land;false;plains;7
3395;120;38;1;land;false;plains;7
3396;173;25;1;land;false;plains;7
3397;150;56;1;land;false;plains;7
3398;138;36;1;land;false;plains;7
3399;167;58;1;land;false;plains;7
3400;166;67;1;land;false;plains;7
3401;173;80;1;land;false;plains;7
3402;121;102;1;land;false;plains;7
3403;187;29;1;land;false;plains;7
3404;113;62;1;land;false;plains;6
3405;107;68;1;land;false;plains;6
3406;104;53;1;land;false;plains;6
3407;97;30;1;land;false;plains;6
3408;63;27;1;land;false;plains;6
3409;212;184;1;land;true;forest;5
3410;80;155;1;land;true;plains;6
3411;60;177;1;land;true;plains;6
3412;29;128;1;land;false;plains;6
3413;90;171;1;land;false;plains;6
3414;224;160;1;land;true;plains;6
3415;212;199;1;land;true;plains;6
3416;193;172;1;land;false;plains;6
3417;122;188;1;land;false;plains;6
3418;81;112;1;land;true;plains;7
3419;95;80;1;land;false;plains;7
3420;95;98;1;land;true;plains;7
3421;128;117;1;land;false;plains;7
3422;73;97;1;land;false;plains;7
3423;196;200;1;land;true;forest;5
3424;182;212;1;land;true;forest;5
3425;31;74;1;land;false;plains;6
3426;138;174;1;land;false;forest;6
3427;166;132;1;land;false;forest;6
3428;139;164;1;land;false;plains;6
3429;157;60;1;land;false;plains;6
3430;57;186;1;land;true;plains;1
3431;89;221;1;land;false;forest;7
3432;70;205;1;land;false;plains;7
3433;111;239;1;land;true;forest;7
3434;66;234;1;land;true;forest;7
3435;59;195;1;land;true;forest;7
3436;69;251;1;land;true;plains;7
3437;253;184;1;land;true;plains;3
3438;105;124;1;land;false;plains;6
3439;146;150;1;land;false;hills;6
3440;150;184;1;land;false;plains;6
3441;140;152;1;land;false;plains;6
3442;150;197;1;land;false;plains;6
3443;126;141;1;land;false;plains;6
3444;130;163;1;land;false;plains;6
3445;109;123;1;land;false;plains;6
3446;77;160;1;land;true;plains;6
3447;106;150;1;land;false;plains;6
3448;102;145;1;land;false;plains;6
3449;147;130;1;land;false;plains;6
3450;125;183;1;land;false;hills;6
3451;149;190;1;land;false;plains;6
3452;145;174;1;land;false;plains;6
3453;91;147;1;land;false;hills;6
3454;102;143;1;land;false;plains;6
3455;144;133;1;land;false;hills;6
3456;147;147;1;land;false;plains;6
3457;123;171;1;land;false;plains;6
3458;122;169;1;land;true;plains;6
3459;129;181;1;land;false;plains;6
3460;76;121;1;land;false;forest;6
3461;131;135;1;land;false;plains;6
3462;223;77;1;land;true;forest;3
3463;59;132;1;land;false;hills;7
3464;227;163;1;land;true;plains;7
3465;177;145;1;land;false;plains;7
3466;155;171;1;land;false;plains;7
3467;227;120;1;land;false;plains;7
3468;200;138;1;land;false;plains;7
3469;200;168;1;land;false;plains;7
3470;215;144;1;land;false;plains;7
3471;187;160;1;land;false;plains;7
3472;180;170;1;land;false;plains;7
3473;160;114;1;land;false;plains;7
3474;184;135;1;land;false;plains;7
3475;199;159;1;land;false;plains;7
3476;222;114;1;land;false;plains;7
3477;222;118;1;land;false;desert;7
3478;210;182;1;land;false;plains;7
3479;209;141;1;land;false;desert;7
3480;223;160;1;land;false;desert;7
3481;167;150;1;land;false;plains;7
3482;213;188;1;land;false;plains;7
3483;199;185;1;land;false;plains;7
3484;225;125;1;land;false;plains;7
3485;208;124;1;land;false;plains;7
3486;178;184;1;land;false;plains;7
3487;193;122;1;land;false;plains;7
3488;165;112;1;land;false;plains;7
3489;190;129;1;land;false;plains;7
3490;186;153;1;land;false;plains;7
3491;226;130;1;land;false;plains;7
3492;149;123;1;land;false;plains;7
3493;199;170;1;land;false;plains;7
3494;196;182;1;land;false;plains;7
3495;227;132;1;land;false;plains;7
3496;213;118;1;land;false;plains;7
3497;164;142;1;land;false;desert;7
3498;167;128;1;land;false;plains;7
3499;184;111;1;land;false;plains;7
3500;155;130;1;land;false;plains;7
3501;188;189;1;land;false;plains;7
3502;192;180;1;land;false;plains;7
3503;205;180;1;land;false;plains;7
3504;216;152;1;land;false;plains;7
3505;216;115;1;land;false;desert;7
3506;217;166;1;land;false;plains;7
3507;162;112;1;land;false;plains;7
3508;199;126;1;land;false;plains;7
3509;187;128;1;land;false;plains;7
3510;224;136;1;land;false;plains;7
3511;162;126;1;land;false;plains;7
3512;92;109;1;land;false;plains;6
3513;59;88;1;land;false;plains;6
3514;89;141;1;land;false;hills;6
3515;109;136;1;land;true;mountain;6
3516;39;146;1;land;true;hills;6
3517;43;90;1;land;false;mountain;6
3518;44;126;1;land;false;mountain;6
3519;37;87;1;land;false;hills;6
3520;74;139;1;land;true;hills;6
3521;98;135;1;land;false;plains;6
3522;69;151;1;land;false;mountain;6
3523;87;104;1;land;false;plains;6
3524;60;98;1;land;false;mountain;6
3525;133;98;1;land;false;plains;6
3526;164;145;1;land;false;plains;6
3527;179;143;1;land;true;plains;4
3528;164;152;1;land;true;forest;4
3529;206;111;1;land;false;plains;4
3530;206;116;1;land;false;plains;4
3531;204;164;1;land;false;plains;4
3532;223;161;1;land;false;plains;4
3533;197;156;1;land;true;forest;4
3534;200;173;1;land;false;plains;4
3535;191;131;1;land;false;forest;4
3536;211;167;1;land;false;plains;4
3537;191;106;1;land;false;plains;4
3538;215;130;1;land;false;urban;6
3539;167;141;1;land;false;plains;6
3540;196;132;1;land;false;plains;6
3541;218;126;1;land;false;plains;6
3542;175;171;1;land;false;plains;6
3543;189;217;1;land;true;plains;6
3544;224;73;1;land;false;plains;6
3545;181;57;1;land;false;plains;6
3546;213;35;1;land;false;plains;6
3547;220;42;1;land;false;plains;6
3548;155;89;1;land;false;plains;6
3549;178;14;1;land;false;plains;6
3550;176;41;1;land;false;plains;6
3551;190;70;1;land;false;plains;6
3552;152;53;1;land;false;plains;6
3553;154;28;1;land;false;plains;6
3554;208;38;1;land;false;plains;6
3555;171;63;1;land;false;plains;6
3556;157;40;1;land;false;plains;6
3557;216;59;1;land;false;plains;6
3558;173;19;1;land;false;urban;6
3559;222;49;1;land;false;plains;6
3560;175;89;1;land;false;plains;6
3561;222;47;1;land;false;plains;6
3562;174;58;1;land;false;plains;6
3563;31;140;1;land;false;forest;6
3564;67;136;1;land;false;forest;6
3565;76;83;1;land;false;forest;6
3566;205;123;1;land;false;forest;7
3567;251;149;1;land;false;forest;7
3568;238;137;1;land;false;forest;7
3569;254;135;1;land;false;forest;7
3570;241;127;1;land;false;forest;7
3571;229;130;1;land;false;forest;7
3572;252;174;1;land;false;forest;7
3573;199;154;1;land;false;forest;7
3574;188;194;1;land;false;forest;7
3575;192;166;1;land;false;forest;7
3576;203;120;1;land;false;forest;7
3577;229;189;1;land;false;forest;7
3578;218;137;1;land;false;forest;7
3579;207;142;1;land;false;forest;7
3580;187;139;1;land;false;forest;7
3581;201;122;1;land;false;forest;7
3582;193;200;1;land;false;forest;7
3583;205;169;1;land;false;forest;7
3584;233;163;1;land;false;forest;7
3585;200;199;1;land;false;forest;7
3586;63;80;1;land;false;mountain;6
3587;132;59;1;land;false;hills;6
3588;76;82;1;land;false;hills;6
3589;97;63;1;land;false;hills;6
3590;115;81;1;land;false;plains;6
3591;75;133;1;land;false;hills;6
3592;65;60;1;land;false;forest;6
3593;59;121;1;land;false;hills;6
3594;133;89;1;land;false;hills;6
3595;184;103;1;land;false;plains;4
3596;118;124;1;land;false;plains;4
3597;160;126;1;land;true;plains;4
3598;181;50;1;land;true;plains;4
3599;153;91;1;land;false;plains;4
3600;168;76;1;land;false;plains;4
3601;232;208;1;land;false;plains;7
3602;208;179;1;land;false;plains;7
3603;243;175;1;land;false;plains;7
3604;115;112;1;land;true;hills;7
3605;185;164;1;land;false;mountain;7
3606;143;170;1;land;false;mountain;7
3607;117;168;1;land;false;mountain;7
3608;145;190;1;land;false;hills;7
3609;115;190;1;land;false;mountain;7
3610;91;12;1;land;true;hills;7
3611;166;90;1;land;false;plains;7
3612;169;145;1;land;false;plains;7
3613;179;128;1;land;false;plains;7
3614;169;147;1;land;false;plains;7
3615;151;101;1;land;false;plains;7
3616;157;146;1;land;false;plains;7
3617;137;144;1;land;false;plains;7
3618;28;122;1;land;false;plains;4
3619;63;70;1;land;false;plains;4
3620;40;71;1;land;false;hills;4
3621;66;62;1;land;false;plains;4
3622;79;108;1;land;false;plains;4
3623;99;122;1;land;false;plains;4
3624;130;162;1;land;true;plains;7
3625;161;174;1;land;true;plains;7
3626;110;139;1;land;false;plains;7
3627;132;130;1;land;false;plains;7
3628;163;147;1;land;true;hills;7
3629;157;166;1;land;true;plains;7
3630;118;153;1;land;false;plains;7
3631;253;99;1;land;false;forest;7
3632;242;141;1;land;false;plains;7
3633;192;160;1;land;false;forest;7
3634;230;127;1;land;false;forest;7
3635;232;92;1;land;false;forest;7
3636;202;158;1;land;false;forest;7
3637;225;132;1;land;false;forest;7
3638;190;141;1;land;false;forest;7
3639;198;128;1;land;false;forest;7
3640;205;94;1;land;false;urban;7
3641;247;116;1;land;false;forest;7
3642;175;187;1;land;false;mountain;7
3643;184;182;1;land;false;hills;7
3644;79;213;1;land;false;hills;7
3645;112;191;1;land;false;plains;7
3646;127;160;1;land;false;hills;7
3647;83;179;1;land;false;forest;7
3648;226;183;1;land;false;forest;7
3649;234;241;1;land;false;jungle;7
3650;125;58;1;land;true;plains;5
3651;139;98;1;land;true;plains;5
3652;81;57;1;land;false;forest;5
3653;115;67;1;land;true;urban;5
3654;84;117;1;land;true;urban;5
3655;129;118;1;land;false;forest;5
3656;74;81;1;land;true;forest;5
3657;127;103;1;land;true;forest;5
3658;129;123;1;land;true;forest;5
3659;98;82;1;land;true;forest;5
3660;70;92;1;land;false;forest;5
3661;65;61;1;land;true;forest;5
3662;95;114;1;land;true;plains;5
3663;134;117;1;land;false;forest;5
3664;111;101;1;land;true;plains;5
3665;136;64;1;land;true;forest;5
3666;95;124;1;land;true;forest;5
3667;87;105;1;land;true;forest;5
3668;101;84;1;land;false;forest;5
3669;127;71;1;land;false;forest;5
3670;134;89;1;land;true;forest;5
3671;50;190;1;land;true;plains;3
3672;148;146;1;land;false;hills;7
3673;200;192;1;land;false;forest;7
3674;172;189;1;land;false;plains;7
3675;171;161;1;land;false;forest;7
3676;178;169;1;land;false;hills;7
3677;137;156;1;land;false;forest;7
3678;140;185;1;land;false;forest;7
3679;145;196;1;land;false;forest;7
3680;206;186;1;land;false;forest;7
3681;158;180;1;land;false;forest;7
3682;197;180;1;land;false;forest;7
3683;173;218;1;land;false;forest;7
3684;139;163;1;land;false;forest;7
3685;192;215;1;land;false;forest;7
3686;204;54;1;land;false;forest;7
3687;239;74;1;land;true;forest;7
3688;226;11;1;land;true;plains;7
3689;213;52;1;land;false;forest;7
3690;223;36;1;land;false;forest;7
3691;233;14;1;land;false;urban;7
3692;117;105;1;land;true;plains;4
3693;145;90;1;land;true;forest;4
3694;149;94;1;land;true;forest;4
3695;178;53;1;land;true;forest;4
3696;126;164;1;land;true;plains;6
3697;92;194;1;land;false;plains;6
3698;67;190;1;land;true;plains;6
3699;139;214;1;land;true;plains;6
3700;91;153;1;land;true;plains;6
3701;133;178;1;land;true;plains;6
3702;102;173;1;land;true;plains;6
3703;163;199;1;land;true;plains;6
3704;124;184;1;land;false;hills;4
3705;96;202;1;land;false;plains;4
3706;72;189;1;land;false;plains;4
3707;74;194;1;land;false;plains;4
3708;119;218;1;land;true;hills;4
3709;97;150;1;land;false;plains;6
3710;99;80;1;land;false;plains;6
3711;17;164;1;land;true;hills;6
3712;91;131;1;land;false;forest;1
3713;98;107;1;land;true;forest;1
3714;114;137;1;land;false;forest;1
3715;142;149;1;land;true;forest;1
3716;100;93;1;land;false;forest;1
3717;120;127;1;land;true;forest;1
3718;112;125;1;land;false;forest;1
3719;149;80;1;land;false;forest;1
3720;159;119;1;land;false;forest;1
3721;110;77;1;land;true;forest;1
3722;95;89;1;land;false;forest;1
3723;105;118;1;land;false;forest;1
3724;96;137;1;land;true;forest;1
3725;100;129;1;land;true;forest;1
3726;101;132;1;land;true;forest;1
3727;141;119;1;land;true;forest;1
3728;123;150;1;land;true;forest;1
3729;152;108;1;land;false;forest;1
3730;143;85;1;land;true;hills;1
3731;89;85;1;land;false;forest;1
3732;144;150;1;land;false;forest;1
3733;135;109;1;land;true;forest;1
3734;181;218;1;land;true;hills;7
3735;229;198;1;land;true;hills;7
3736;165;216;1;land;true;plains;7
3737;184;172;1;land;true;plains;7
3738;232;179;1;land;true;plains;7
3739;199;238;1;land;true;plains;7
3740;207;236;1;land;false;hills;7
3741;54;181;1;land;false;forest;7
3742;2;211;1;land;false;forest;7
3743;67;157;1;land;true;forest;7
3744;9;157;1;land;true;forest;7
3745;70;196;1;land;false;forest;7
3746;7;205;1;land;false;forest;7
3747;184;155;1;land;true;plains;6
3748;214;152;1;land;false;plains;7
3749;246;158;1;land;false;plains;7
3750;200;136;1;land;false;urban;7
3751;197;130;1;land;false;forest;7
3752;215;107;1;land;false;plains;7
3753;92;76;1;land;true;plains;3
3754;130;158;1;land;true;mountain;6
3755;54;81;1;land;false;forest;6
3756;41;51;1;land;false;plains;6
3757;75;66;1;land;false;plains;6
3758;93;37;1;land;false;forest;6
3759;92;77;1;land;false;plains;6
3760;34;52;1;land;false;plains;6
3761;39;80;1;land;false;urban;6
3762;45;50;1;land;false;plains;6
3763;59;46;1;land;false;hills;6
3764;49;69;1;land;false;plains;6
3765;40;41;1;land;false;forest;6
3766;207;158;1;land;false;desert;7
3767;233;109;1;land;false;plains;7
3768;228;126;1;land;false;plains;7
3769;221;144;1;land;false;desert;7
3770;219;160;1;land;false;plains;7
3771;252;105;1;land;false;plains;7
3772;223;136;1;land;false;desert;7
3773;243;104;1;land;false;desert;7
3774;209;139;1;land;false;plains;7
3775;186;93;1;land;false;desert;7
3776;248;114;1;land;true;plains;7
3777;225;153;1;land;true;plains;7
3778;210;170;1;land;false;plains;7
3779;227;99;1;land;false;desert;7
3780;235;116;1;land;false;desert;7
3781;187;135;1;land;false;desert;7
3782;205;91;1;land;true;plains;7
3783;196;153;1;land;false;plains;7
3784;254;120;1;land;false;hills;7
3785;194;118;1;land;true;plains;7
3786;240;92;1;land;true;plains;7
3787;235;92;1;land;false;desert;7
3788;186;94;1;land;true;plains;7
3789;206;138;1;land;false;plains;7
3790;249;94;1;land;false;desert;7
3791;184;102;1;land;false;plains;7
3792;227;117;1;land;false;desert;7
3793;203;128;1;land;false;desert;7
3794;208;125;1;land;false;desert;7
3795;194;153;1;land;false;plains;7
3796;220;98;1;land;false;plains;7
3797;252;148;1;land;false;hills;7
3798;216;118;1;land;true;plains;7
3799;251;156;1;land;false;plains;7
3800;223;164;1;land;true;plains;7
3801;246;144;1;land;false;desert;7
3802;181;139;1;land;false;plains;7
3803;237;160;1;land;false;desert;7
3804;225;161;1;land;true;plains;7
3805;91;109;1;land;true;plains;7
3806;20;47;1;land;false;plains;4
3807;20;42;1;land;false;plains;4
3808;1;27;1;land;false;plains;4
3809;0;3;1;land;false;plains;4
3810;31;25;1;land;false;plains;4
3811;6;34;1;land;false;plains;4
3812;55;239;1;land;true;plains;7
3813;107;186;1;land;false;plains;7
3814;89;176;1;land;false;plains;7
3815;101;164;1;land;false;plains;7
3816;60;199;1;land;false;plains;7
3817;97;162;1;land;false;plains;7
3818;93;223;1;land;false;plains;7
3819;75;120;1;land;false;plains;7
3820;112;143;1;land;false;plains;7
3821;118;133;1;land;false;plains;7
3822;74;144;1;land;false;plains;7
3823;93;160;1;land;false;jungle;7
3824;69;147;1;land;false;plains;7
3825;98;177;1;land;false;hills;7
3826;114;119;1;land;false;plains;7
3827;69;114;1;land;false;hills;7
3828;84;172;1;land;false;forest;7
3829;62;129;1;land;false;plains;7
3830;98;179;1;land;false;forest;7
3831;65;175;1;land;false;forest;7
3832;92;120;1;land;false;plains;7
3833;100;122;1;land;false;forest;7
3834;63;139;1;land;false;plains;7
3835;141;192;1;land;false;plains;6
3836;135;130;1;land;false;plains;6
3837;102;136;1;land;false;plains;6
3838;162;177;1;land;false;plains;6
3839;151;92;1;land;false;plains;6
3840;143;220;1;land;false;plains;6
3841;147;241;1;land;false;plains;6
3842;153;222;1;land;false;plains;6
3843;181;221;1;land;true;plains;6
3844;192;238;1;land;true;plains;6
3845;190;250;1;land;true;plains;6
3846;153;236;1;land;false;plains;6
3847;197;221;1;land;true;plains;6
3848;174;212;1;land;true;plains;6
3849;171;228;1;land;true;desert;6
3850;166;127;1;land;true;plains;6
3851;214;184;1;land;true;plains;5
3852;105;196;1;land;false;mountain;7
3853;117;193;1;land;false;hills;7
3854;179;190;1;land;false;hills;7
3855;139;234;1;land;false;hills;7
3856;142;171;1;land;false;mountain;7
3857;179;158;1;land;false;mountain;7
3858;149;193;1;land;false;hills;7
3859;157;195;1;land;false;hills;7
3860;154;196;1;land;false;mountain;7
3861;120;214;1;land;false;hills;7
3862;5;195;1;land;false;plains;7
3863;58;205;1;land;false;plains;7
3864;8;173;1;land;false;plains;7
3865;59;217;1;land;false;plains;7
3866;70;182;1;land;false;plains;7
3867;37;172;1;land;false;plains;7
3868;42;169;1;land;false;plains;7
3869;10;171;1;land;false;plains;7
3870;149;59;1;land;false;forest;6
3871;180;56;1;land;false;plains;6
3872;120;42;1;land;false;plains;6
3873;124;47;1;land;false;plains;6
3874;140;40;1;land;false;plains;6
3875;192;80;1;land;false;plains;6
3876;180;24;1;land;false;plains;6
3877;125;68;1;land;false;plains;6
3878;117;31;1;land;false;plains;6
3879;188;39;1;land;false;urban;6
3880;152;16;1;land;false;plains;6
3881;88;206;1;land;true;plains;4
3882;115;73;1;land;false;plains;6
3883;106;78;1;land;false;mountain;6
3884;86;54;1;land;false;plains;6
3885;173;190;1;land;true;hills;5
3886;224;233;1;land;true;forest;5
3887;238;200;1;land;true;plains;5
3888;241;189;1;land;true;forest;5
3889;190;171;1;land;true;hills;5
3890;247;243;1;land;true;plains;5
3891;95;121;1;land;false;hills;6
3892;86;108;1;land;false;hills;6
3893;70;60;1;land;false;hills;6
3894;112;84;1;land;false;plains;6
3895;161;180;1;land;false;forest;7
3896;149;217;1;land;true;plains;7
3897;169;161;1;land;false;forest;7
3898;199;235;1;land;false;forest;7
3899;156;214;1;land;true;forest;7
3900;183;180;1;land;true;forest;7
3901;192;191;1;land;false;urban;7
3902;167;216;1;land;true;hills;7
3903;111;167;1;land;false;plains;7
3904;105;199;1;land;false;plains;7
3905;51;156;1;land;false;plains;7
3906;123;124;1;land;false;plains;7
3907;71;162;1;land;false;urban;7
3908;69;133;1;land;false;plains;7
3909;98;195;1;land;false;plains;7
3910;173;196;1;land;true;plains;7
3911;189;193;1;land;true;plains;7
3912;190;146;1;land;true;forest;7
3913;184;199;1;land;true;forest;7
3914;209;199;1;land;true;forest;7
3915;193;209;1;land;true;forest;7
3916;149;161;1;land;true;plains;7
3917;135;145;1;land;true;plains;7
3918;189;137;1;land;true;forest;7
3919;87;187;1;land;true;forest;1
3920;83;203;1;land;true;forest;1
3921;50;207;1;land;true;forest;1
3922;124;179;1;land;true;forest;1
3923;56;224;1;land;true;forest;1
3924;77;227;1;land;false;forest;1
3925;66;227;1;land;true;forest;1
3926;66;223;1;land;true;plains;1
3927;97;222;1;land;true;hills;1
3928;54;230;1;land;true;plains;1
3929;100;186;1;land;false;forest;1
3930;118;171;1;land;false;hills;6
3931;181;130;1;land;false;plains;6
3932;165;123;1;land;false;hills;6
3933;176;133;1;land;false;hills;6
3934;173;181;1;land;false;plains;6
3935;135;176;1;land;false;hills;6
3936;152;164;1;land;false;hills;6
3937;118;117;1;land;false;plains;6
3938;173;140;1;land;false;plains;6
3939;200;196;1;land;true;plains;7
3940;178;208;1;land;true;plains;7
3941;129;42;1;land;false;plains;6
3942;120;70;1;land;true;plains;3
3943;150;84;1;land;true;plains;3
3944;81;108;1;land;true;plains;3
3945;100;121;1;land;false;plains;6
3946;160;129;1;land;true;plains;6
3947;124;122;1;land;false;plains;6
3948;94;136;1;land;false;hills;6
3949;156;113;1;land;true;plains;6
3950;140;126;1;land;false;plains;6
3951;127;138;1;land;true;plains;6
3952;96;166;1;land;false;plains;6
3953;91;179;1;land;false;hills;6
3954;153;141;1;land;false;hills;6
3955;197;133;1;land;true;plains;5
3956;166;194;1;land;true;hills;5
3957;171;164;1;land;true;hills;5
3958;145;201;1;land;true;hills;5
3959;205;134;1;land;true;plains;5
3960;191;150;1;land;false;forest;5
3961;170;145;1;land;true;forest;5
3962;211;178;1;land;false;hills;5
3963;167;166;1;land;false;hills;5
3964;175;189;1;land;true;hills;5
3965;146;187;1;land;true;forest;5
3966;181;128;1;land;false;hills;5
3967;184;188;1;land;true;hills;5
3968;205;133;1;land;true;forest;5
3969;164;193;1;land;true;hills;5
3970;197;150;1;land;true;forest;5
3971;170;187;1;land;true;hills;5
3972;182;146;1;land;true;hills;5
3973;222;153;1;land;false;hills;5
3974;188;185;1;land;true;hills;5
3975;218;166;1;land;true;forest;5
3976;206;133;1;land;true;hills;5
3977;211;134;1;land;true;hills;5
3978;184;138;1;land;false;forest;5
3979;150;129;1;land;true;forest;5
3980;150;149;1;land;false;hills;5
3981;207;186;1;land;true;hills;5
3982;171;179;1;land;false;hills;5
3983;210;161;1;land;false;hills;5
3984;159;203;1;land;true;hills;5
3985;228;196;1;land;false;forest;7
3986;179;166;1;land;false;forest;7
3987;184;180;1;land;false;plains;7
3988;185;162;1;land;false;forest;7
3989;183;192;1;land;false;plains;7
3990;172;174;1;land;false;forest;7
3991;237;165;1;land;false;forest;7
3992;218;218;1;land;false;forest;7
3993;186;185;1;land;false;forest;7
3994;199;195;1;land;false;forest;7
3995;165;175;1;land;false;urban;7
3996;212;169;1;land;false;plains;7
3997;194;197;1;land;false;plains;7
3998;203;174;1;land;false;plains;7
3999;220;212;1;land;false;forest;7
4000;180;229;1;land;false;forest;7
4001;216;230;1;land;false;forest;7
4002;212;163;1;land;false;forest;7
4003;165;157;1;land;false;forest;7
4004;215;196;1;land;false;forest;7
4005;191;176;1;land;false;forest;7
4006;172;179;1;land;false;plains;6
4007;181;137;1;land;false;plains;6
4008;125;176;1;land;false;plains;6
4009;160;196;1;land;false;plains;6
4010;132;151;1;land;false;plains;6
4011;158;238;1;land;true;forest;7
4012;168;171;1;land;true;forest;7
4013;130;197;1;land;false;plains;6
4014;93;154;1;land;false;plains;6
4015;108;189;1;land;false;plains;6
4016;112;206;1;land;false;plains;6
4017;107;222;1;land;false;plains;6
4018;111;201;1;land;false;plains;6
4019;71;226;1;land;false;plains;6
4020;2;149;1;land;false;urban;6
4021;37;206;1;land;false;plains;6
4022;8;204;1;land;true;plains;6
4023;40;183;1;land;false;plains;6
4024;1;208;1;land;true;plains;6
4025;252;200;1;land;false;plains;2
4026;196;213;1;land;false;plains;2
4027;251;152;1;land;false;plains;2
4028;228;209;1;land;false;plains;2
4029;176;223;1;land;false;plains;2
4030;254;206;1;land;false;hills;2
4031;232;226;1;land;false;plains;2
4032;201;185;1;land;false;plains;2
4033;220;186;1;land;false;plains;2
4034;151;105;1;land;true;forest;3
4035;151;118;1;land;true;forest;3
4036;183;83;1;land;true;forest;3
4037;169;128;1;land;true;forest;3
4038;254;137;1;land;false;forest;4
4039;234;132;1;land;false;forest;4
4040;253;123;1;land;false;hills;4
4041;247;119;1;land;false;plains;4
4042;239;70;1;land;false;hills;4
4043;239;82;1;land;false;hills;4
4044;243;117;1;land;false;plains;4
4045;231;77;1;land;true;forest;4
4046;245;217;1;land;false;plains;7
4047;251;170;1;land;false;desert;7
4048;186;159;1;land;false;plains;7
4049;249;218;1;land;false;desert;7
4050;199;169;1;land;false;desert;7
4051;246;207;1;land;true;desert;7
4052;220;226;1;land;false;desert;7
4053;198;151;1;land;false;plains;7
4054;221;199;1;land;false;plains;7
4055;222;219;1;land;false;plains;7
4056;247;161;1;land;false;plains;7
4057;193;204;1;land;false;desert;7
4058;196;181;1;land;false;desert;7
4059;241;202;1;land;true;plains;7
4060;188;151;1;land;false;plains;7
4061;247;152;1;land;false;desert;7
4062;216;172;1;land;false;plains;7
4063;190;180;1;land;false;desert;7
4064;228;161;1;land;false;desert;7
4065;192;161;1;land;false;plains;7
4066;152;123;1;land;true;plains;7
4067;206;144;1;land;false;forest;7
4068;200;167;1;land;false;forest;7
4069;229;144;1;land;false;forest;7
4070;249;173;1;land;false;forest;7
4071;201;174;1;land;false;forest;7
4072;244;126;1;land;false;forest;7
4073;233;124;1;land;false;forest;7
4074;209;133;1;land;false;forest;7
4075;249;164;1;land;false;forest;7
4076;253;139;1;land;false;forest;7
4077;222;155;1;land;false;forest;7
4078;217;161;1;land;false;forest;7
4079;220;148;1;land;false;forest;7
4080;240;182;1;land;false;forest;7
4081;253;152;1;land;false;forest;7
4082;217;138;1;land;false;forest;7
4083;242;155;1;land;false;forest;7
4084;246;152;1;land;false;forest;7
4085;217;125;1;land;false;forest;7
4086;223;121;1;land;false;forest;7
4087;209;107;1;land;false;forest;7
4088;250;149;1;land;false;forest;7
4089;169;126;1;land;true;plains;7
4090;150;181;1;land;true;plains;7
4091;133;120;1;land;false;plains;7
4092;120;143;1;land;true;plains;7
4093;165;192;1;land;true;hills;7
4094;177;171;1;land;true;plains;7
4095;209;20;1;land;false;forest;6
4096;206;50;1;land;false;desert;6
4097;96;17;1;land;true;plains;7
4098;141;47;1;land;true;plains;5
4099;248;171;1;land;false;plains;7
4100;243;173;1;land;false;plains;7
4101;218;165;1;land;false;desert;7
4102;208;128;1;land;false;plains;7
4103;239;136;1;land;false;plains;7
4104;227;168;1;land;false;plains;7
4105;250;148;1;land;false;plains;7
4106;227;137;1;land;false;plains;7
4107;217;170;1;land;false;plains;7
4108;224;200;1;land;false;plains;7
4109;226;127;1;land;false;plains;7
4110;236;181;1;land;false;plains;7
4111;244;137;1;land;false;plains;7
4112;254;199;1;land;false;plains;7
4113;207;163;1;land;false;plains;7
4114;207;189;1;land;false;plains;7
4115;236;203;1;land;false;plains;7
4116;224;189;1;land;false;plains;7
4117;235;199;1;land;false;plains;7
4118;246;186;1;land;false;plains;7
4119;239;140;1;land;false;plains;7
4120;233;131;1;land;false;plains;7
4121;246;129;1;land;false;plains;7
4122;236;131;1;land;false;plains;7
4123;244;164;1;land;false;desert;7
4124;249;199;1;land;false;plains;7
4125;217;139;1;land;false;plains;7
4126;239;146;1;land;false;plains;7
4127;226;179;1;land;false;plains;7
4128;215;158;1;land;false;plains;7
4129;241;148;1;land;false;plains;7
4130;215;140;1;land;false;plains;7
4131;211;136;1;land;false;plains;7
4132;225;134;1;land;false;plains;7
4133;229;202;1;land;false;plains;7
4134;239;177;1;land;false;plains;7
4135;233;185;1;land;false;plains;7
4136;221;150;1;land;false;plains;7
4137;228;177;1;land;false;plains;7
4138;239;151;1;land;false;plains;7
4139;238;197;1;land;false;plains;7
4140;253;176;1;land;false;plains;7
4141;243;177;1;land;false;plains;7
4142;239;200;1;land;false;plains;7
4143;232;135;1;land;false;plains;7
4144;230;169;1;land;false;plains;7
4145;250;144;1;land;false;plains;7
4146;218;150;1;land;false;plains;7
4147;213;169;1;land;false;plains;7
4148;212;195;1;land;false;plains;7
4149;238;181;1;land;false;plains;7
4150;223;169;1;land;false;plains;7
4151;209;154;1;land;false;desert;7
4152;250;152;1;land;false;plains;7
4153;219;167;1;land;false;plains;7
4154;245;151;1;land;false;plains;7
4155;228;201;1;land;false;plains;7
4156;232;125;1;land;false;plains;7
4157;210;195;1;land;false;plains;7
4158;253;194;1;land;false;plains;7
4159;246;143;1;land;false;plains;7
4160;228;137;1;land;false;plains;7
4161;251;89;1;land;false;plains;7
4162;211;130;1;land;false;hills;7
4163;233;70;1;land;false;plains;7
4164;227;111;1;land;false;forest;7
4165;221;115;1;land;false;plains;7
4166;250;84;1;land;false;forest;7
4167;229;84;1;land;false;plains;7
4168;209;145;1;land;false;plains;7
4169;221;137;1;land;false;plains;7
4170;214;89;1;land;false;desert;7
4171;207;146;1;land;false;plains;7
4172;224;77;1;land;false;plains;7
4173;238;144;1;land;false;plains;7
4174;250;132;1;land;false;plains;7
4175;236;89;1;land;false;plains;7
4176;241;117;1;land;false;forest;7
4177;216;128;1;land;false;hills;7
4178;224;99;1;land;false;plains;7
4179;236;123;1;land;false;forest;7
4180;254;73;1;land;false;forest;7
4181;206;109;1;land;false;plains;7
4182;218;117;1;land;false;plains;7
4183;211;101;1;land;false;urban;7
4184;231;128;1;land;false;plains;7
4185;253;116;1;land;false;forest;7
4186;244;143;1;land;false;plains;7
4187;221;84;1;land;false;plains;7
4188;162;92;1;land;true;plains;6
4189;167;80;1;land;true;forest;6
4190;153;78;1;land;true;plains;6
4191;161;47;1;land;false;plains;6
4192;155;48;1;land;false;plains;6
4193;119;67;1;land;false;plains;6
4194;215;152;1;land;true;plains;7
4195;147;223;1;land;false;mountain;7
4196;120;231;1;land;false;mountain;7
4197;176;175;1;land;false;plains;6
4198;137;188;1;land;false;plains;6
4199;186;206;1;land;false;plains;6
4200;160;231;1;land;false;plains;6
4201;159;186;1;land;false;plains;6
4202;151;189;1;land;false;plains;6
4203;158;214;1;land;false;plains;6
4204;148;227;1;land;false;plains;6
4205;203;244;1;land;false;plains;6
4206;193;231;1;land;false;plains;6
4207;162;180;1;land;false;plains;6
4208;162;210;1;land;false;plains;6
4209;142;199;1;land;true;plains;6
4210;211;229;1;land;false;plains;6
4211;155;235;1;land;false;plains;6
4212;144;199;1;land;false;plains;6
4213;186;194;1;land;true;plains;6
4214;135;219;1;land;false;plains;6
4215;182;234;1;land;false;plains;6
4216;148;239;1;land;false;forest;6
4217;148;190;1;land;false;plains;6
4218;207;180;1;land;true;plains;6
4219;140;169;1;land;false;plains;6
4220;154;209;1;land;true;hills;6
4221;135;200;1;land;true;plains;6
4222;155;231;1;land;false;plains;6
4223;149;188;1;land;false;plains;6
4224;175;212;1;land;false;forest;6
4225;159;200;1;land;false;plains;6
4226;140;206;1;land;false;plains;6
4227;146;240;1;land;false;plains;6
4228;175;207;1;land;false;plains;6
4229;211;228;1;land;false;plains;6
4230;204;199;1;land;true;plains;6
4231;163;214;1;land;false;plains;6
4232;181;209;1;land;false;plains;6
4233;203;181;1;land;false;plains;6
4234;209;206;1;land;false;plains;6
4235;180;186;1;land;false;plains;6
4236;138;203;1;land;false;plains;6
4237;163;231;1;land;false;plains;6
4238;183;195;1;land;true;plains;6
4239;135;206;1;land;false;plains;6
4240;138;241;1;land;true;hills;6
4241;211;233;1;land;false;plains;6
4242;174;177;1;land;false;plains;6
4243;212;174;1;land;false;plains;6
4244;200;188;1;land;false;plains;6
4245;203;237;1;land;false;plains;6
4246;210;178;1;land;false;plains;6
4247;160;195;1;land;false;plains;6
4248;140;238;1;land;true;plains;6
4249;181;243;1;land;true;plains;6
4250;191;190;1;land;false;plains;6
4251;25;115;1;land;true;plains;4
4252;31;132;1;land;true;plains;4
4253;22;155;1;land;false;plains;4
4254;23;168;1;land;false;plains;4
4255;9;177;1;land;false;plains;4
4256;139;69;1;land;false;forest;6
4257;143;65;1;land;false;forest;6
4258;66;43;1;land;true;forest;7
4259;127;86;1;land;true;forest;7
4260;104;103;1;land;false;plains;6
4261;70;76;1;land;false;plains;6
4262;52;145;1;land;false;plains;6
4263;49;151;1;land;false;plains;6
4264;50;118;1;land;false;plains;6
4265;47;149;1;land;true;plains;6
4266;68;138;1;land;true;plains;6
4267;85;97;1;land;false;plains;6
4268;80;100;1;land;false;plains;6
4269;38;95;1;land;false;plains;6
4270;80;75;1;land;false;plains;6
4271;89;86;1;land;false;plains;6
4272;70;119;1;land;false;plains;6
4273;86;122;1;land;true;plains;6
4274;89;145;1;land;false;plains;6
4275;83;103;1;land;false;plains;6
4276;46;98;1;land;false;plains;6
4277;222;200;1;land;false;forest;6
4278;213;212;1;land;false;plains;6
4279;239;154;1;land;false;plains;6
4280;166;179;1;land;true;plains;6
4281;195;182;1;land;true;plains;6
4282;174;167;1;land;false;plains;6
4283;161;184;1;land;true;plains;6
4284;129;44;1;land;false;plains;6
4285;208;174;1;land;true;hills;6
4286;163;144;1;land;true;plains;7
4287;155;169;1;land;false;plains;7
4288;240;153;1;land;false;forest;7
4289;233;104;1;land;false;forest;7
4290;229;103;1;land;false;forest;7
4291;205;114;1;land;false;forest;7
4292;216;156;1;land;false;forest;7
4293;233;152;1;land;false;forest;7
4294;232;149;1;land;false;hills;7
4295;242;143;1;land;false;forest;7
4296;249;139;1;land;false;forest;7
4297;252;116;1;land;false;forest;7
4298;250;147;1;land;false;forest;7
4299;237;158;1;land;false;forest;7
4300;219;103;1;land;false;forest;7
4301;220;137;1;land;false;forest;7
4302;247;150;1;land;false;forest;7
4303;252;100;1;land;false;forest;7
4304;222;149;1;land;false;forest;7
4305;206;103;1;land;false;forest;7
4306;219;125;1;land;false;forest;7
4307;252;165;1;land;false;forest;7
4308;220;167;1;land;false;forest;4
4309;185;193;1;land;false;forest;4
4310;172;173;1;land;false;forest;4
4311;135;32;1;land;false;plains;6
4312;143;187;1;land;true;plains;7
4313;235;188;1;land;false;forest;7
4314;217;194;1;land;false;forest;7
4315;246;201;1;land;false;forest;7
4316;228;164;1;land;false;forest;7
4317;184;207;1;land;false;forest;7
4318;220;205;1;land;false;forest;7
4319;59;148;1;land;false;plains;7
4320;91;182;1;land;false;plains;7
4321;127;172;1;land;false;plains;7
4322;121;108;1;land;false;plains;7
4323;85;144;1;land;false;plains;7
4324;58;115;1;land;false;plains;7
4325;208;90;1;land;false;forest;7
4326;174;120;1;land;false;plains;7
4327;189;100;1;land;false;forest;7
4328;194;111;1;land;false;forest;7
4329;224;94;1;land;false;forest;7
4330;205;152;1;land;false;urban;7
4331;193;126;1;land;false;plains;7
4332;214;157;1;land;false;forest;7
4333;235;108;1;land;false;plains;7
4334;218;98;1;land;false;forest;7
4335;246;142;1;land;false;forest;7
4336;197;148;1;land;false;forest;7
4337;212;129;1;land;false;forest;7
4338;243;129;1;land;false;plains;7
4339;179;120;1;land;false;plains;7
4340;221;100;1;land;false;forest;7
4341;165;202;1;land;true;plains;3
4342;185;237;1;land;true;plains;3
4343;167;185;1;land;true;plains;3
4344;171;170;1;land;true;forest;3
4345;131;206;1;land;true;plains;3
4346;154;177;1;land;true;plains;3
4347;146;129;1;land;false;forest;1
4348;151;130;1;land;true;plains;1
4349;135;186;1;land;true;hills;1
4350;126;149;1;land;true;forest;1
4351;133;186;1;land;false;forest;1
4352;87;179;1;land;false;forest;1
4353;90;157;1;land;true;hills;1
4354;94;174;1;land;true;hills;1
4355;137;154;1;land;true;forest;1
4356;75;161;1;land;true;plains;1
4357;90;149;1;land;false;forest;1
4358;96;195;1;land;true;plains;1
4359;93;144;1;land;false;jungle;1
4360;137;201;1;land;false;hills;1
4361;150;165;1;land;false;forest;1
4362;141;153;1;land;false;plains;6
4363;45;123;1;land;false;hills;6
4364;96;150;1;land;false;forest;6
4365;128;163;1;land;false;forest;7
4366;179;162;1;land;true;forest;7
4367;160;124;1;land;false;forest;7
4368;116;145;1;land;false;plains;7
4369;155;115;1;land;false;forest;7
4370;135;104;1;land;false;urban;7
4371;157;102;1;land;false;forest;7
4372;186;178;1;land;false;forest;7
4373;140;100;1;land;false;forest;7
4374;173;112;1;land;false;forest;7
4375;178;151;1;land;true;forest;7
4376;144;174;1;land;false;forest;7
4377;190;111;1;land;true;forest;7
4378;167;100;1;land;false;plains;7
4379;124;159;1;land;false;forest;7
4380;171;139;1;land;true;forest;7
4381;118;130;1;land;false;forest;7
4382;120;120;1;land;false;forest;7
4383;66;112;1;land;false;plains;7
4384;91;98;1;land;false;plains;7
4385;38;151;1;land;false;plains;7
4386;85;164;1;land;false;plains;7
4387;75;125;1;land;false;forest;7
4388;44;167;1;land;false;plains;7
4389;72;118;1;land;false;plains;7
4390;83;114;1;land;false;plains;7
4391;50;105;1;land;false;hills;7
4392;67;68;1;land;true;plains;7
4393;93;51;1;land;false;plains;6
4394;93;38;1;land;false;plains;6
4395;109;113;1;land;true;plains;3
4396;82;95;1;land;true;hills;3
4397;120;124;1;land;false;plains;6
4398;118;134;1;land;false;plains;6
4399;93;97;1;land;false;plains;6
4400;124;144;1;land;false;plains;6
4401;110;126;1;land;false;plains;6
4402;153;95;1;land;false;plains;6
4403;89;78;1;land;false;plains;6
4404;138;104;1;land;false;plains;6
4405;42;72;1;land;true;forest;7
4406;53;32;1;land;true;plains;7
4407;60;17;1;land;true;forest;7
4408;227;154;1;land;true;forest;5
4409;201;136;1;land;true;hills;5
4410;208;178;1;land;true;plains;5
4411;215;191;1;land;true;hills;5
4412;167;52;1;land;false;hills;6
4413;137;8;1;land;false;hills;6
4414;138;30;1;land;false;mountain;6
4415;162;80;1;land;false;mountain;6
4416;124;58;1;land;false;plains;6
4417;124;76;1;land;false;plains;6
4418;111;33;1;land;false;mountain;6
4419;181;10;1;land;false;plains;6
4420;151;27;1;land;false;plains;6
4421;115;48;1;land;false;plains;6
4422;157;20;1;land;false;mountain;6
4423;170;18;1;land;false;plains;6
4424;157;8;1;land;false;mountain;6
4425;157;44;1;land;false;hills;6
4426;134;12;1;land;false;mountain;6
4427;247;125;1;land;false;plains;6
4428;211;84;1;land;false;plains;6
4429;237;134;1;land;false;plains;6
4430;91;125;1;land;false;plains;7
4431;89;166;1;land;false;plains;7
4432;46;157;1;land;false;plains;7
4433;65;123;1;land;false;mountain;7
4434;93;105;1;land;false;mountain;7
4435;92;129;1;land;false;hills;7
4436;99;147;1;land;false;plains;7
4437;42;162;1;land;false;mountain;7
4438;53;117;1;land;false;mountain;7
4439;56;124;1;land;false;mountain;7
4440;42;153;1;land;false;mountain;7
4441;54;210;1;land;true;hills;7
4442;82;179;1;land;true;plains;6
4443;52;115;1;land;true;plains;7
4444;47;236;1;land;true;hills;7
4445;78;65;1;land;true;plains;6
4446;41;54;1;land;true;forest;7
4447;45;1;1;land;true;forest;7
4448;65;39;1;land;true;forest;7
4449;18;17;1;land;true;forest;7
4450;17;50;1;land;true;forest;7
4451;87;39;1;land;true;forest;7
4452;183;131;1;land;true;plains;6
4453;226;223;1;land;false;plains;7
4454;204;220;1;land;false;plains;7
4455;31;136;1;land;false;hills;6
4456;186;90;1;land;true;plains;6
4457;164;106;1;land;true;plains;6
4458;98;208;1;land;true;plains;6
4459;211;147;1;land;false;plains;7
4460;85;90;1;land;false;forest;6
4461;62;92;1;land;true;plains;6
4462;102;73;1;land;false;forest;6
4463;52;86;1;land;false;forest;6
4464;45;68;1;land;true;plains;6
4465;71;62;1;land;false;forest;6
4466;96;133;1;land;false;forest;6
4467;57;63;1;land;false;forest;6
4468;42;89;1;land;false;forest;6
4469;101;96;1;land;false;forest;6
4470;74;94;1;land;false;forest;6
4471;141;79;1;land;false;forest;7
4472;90;19;1;land;true;forest;7
4473;99;208;1;land;false;jungle;7
4474;64;199;1;land;false;forest;7
4475;58;208;1;land;false;jungle;7
4476;75;201;1;land;false;jungle;7
4477;66;216;1;land;false;jungle;7
4478;60;227;1;land;false;jungle;7
4479;103;228;1;land;false;plains;7
4480;80;238;1;land;false;jungle;7
4481;52;235;1;land;false;jungle;7
4482;89;158;1;land;false;plains;7
4483;184;165;1;land;true;plains;7
4484;223;168;1;land;true;plains;7
4485;101;215;1;land;false;plains;6
4486;129;213;1;land;false;plains;6
4487;105;213;1;land;false;plains;6
4488;98;204;1;land;false;plains;6
4489;129;223;1;land;true;plains;6
4490;104;215;1;land;false;plains;6
4491;174;197;1;land;false;plains;6
4492;173;191;1;land;false;plains;6
4493;153;216;1;land;false;plains;6
4494;142;177;1;land;false;urban;6
4495;73;96;1;land;true;plains;7
4496;124;99;1;land;false;urban;7
4497;173;92;1;land;false;plains;7
4498;137;73;1;land;false;plains;7
4499;157;88;1;land;false;plains;7
4500;134;65;1;land;false;forest;7
4501;171;41;1;land;false;forest;7
4502;184;35;1;land;false;plains;7
4503;107;106;1;land;false;plains;6
4504;157;108;1;land;false;forest;6
4505;147;107;1;land;false;plains;6
4506;167;105;1;land;true;plains;6
4507;159;93;1;land;true;hills;6
4508;129;164;1;land;false;plains;6
4509;144;152;1;land;false;forest;6
4510;176;222;1;land;false;plains;6
4511;80;62;1;land;true;hills;6
4512;54;60;1;land;true;hills;6
4513;113;42;1;land;true;hills;6
4514;115;97;1;land;true;hills;6
4515;124;100;1;land;true;hills;6
4516;117;40;1;land;true;forest;3
4517;96;36;1;land;true;plains;3
4518;130;29;1;land;true;forest;3
4519;130;3;1;land;true;forest;3
4520;91;31;1;land;true;forest;3
4521;67;24;1;land;true;forest;3
4522;108;112;1;land;false;plains;6
4523;63;108;1;land;false;plains;6
4524;133;233;1;land;false;hills;6
4525;197;191;1;land;false;mountain;6
4526;166;243;1;land;false;hills;6
4527;73;42;1;land;false;plains;6
4528;101;59;1;land;false;forest;3
4529;145;59;1;land;false;forest;3
4530;81;77;1;land;false;forest;3
4531;115;90;1;land;false;forest;3
4532;114;85;1;land;false;forest;3
4533;79;79;1;land;false;forest;3
4534;143;51;1;land;false;forest;3
4535;56;63;1;land;true;plains;6
4536;42;126;1;land;true;plains;6
4537;47;81;1;land;true;plains;6
4538;59;77;1;land;true;plains;6
4539;24;81;1;land;true;plains;6
4540;140;123;1;land;true;forest;7
4541;35;139;1;land;false;mountain;6
4542;87;78;1;land;false;plains;6
4543;102;92;1;land;false;hills;6
4544;87;125;1;land;false;hills;6
4545;86;112;1;land;false;hills;6
4546;111;102;1;land;false;plains;6
4547;68;126;1;land;false;plains;6
4548;101;131;1;land;false;hills;6
4549;110;121;1;land;false;plains;6
4550;98;110;1;land;false;plains;6
4551;75;74;1;land;false;plains;6
4552;107;145;1;land;false;hills;6
4553;100;117;1;land;false;mountain;6
4554;97;100;1;land;false;plains;6
4555;98;93;1;land;false;hills;6
4556;58;147;1;land;false;mountain;6
4557;74;149;1;land;false;mountain;6
4558;76;75;1;land;false;plains;6
4559;111;149;1;land;false;plains;6
4560;69;90;1;land;false;plains;6
4561;95;75;1;land;false;mountain;6
4562;36;148;1;land;false;hills;6
4563;83;136;1;land;false;hills;6
4564;92;113;1;land;false;mountain;6
4565;48;106;1;land;false;plains;6
4566;59;146;1;land;false;mountain;6
4567;55;110;1;land;false;hills;6
4568;72;92;1;land;false;plains;6
4569;86;105;1;land;false;mountain;6
4570;85;104;1;land;false;plains;6
4571;85;149;1;land;false;hills;6
4572;51;112;1;land;false;hills;6
4573;65;131;1;land;false;hills;6
4574;80;94;1;land;false;mountain;6
4575;60;116;1;land;false;hills;6
4576;51;94;1;land;false;plains;6
4577;110;106;1;land;false;hills;6
4578;88;84;1;land;false;plains;6
4579;56;101;1;land;false;plains;6
4580;47;128;1;land;false;plains;6
4581;54;96;1;land;false;plains;6
4582;41;95;1;land;false;plains;6
4583;55;82;1;land;false;mountain;6
4584;112;148;1;land;false;plains;6
4585;56;128;1;land;false;plains;6
4586;77;127;1;land;false;hills;6
4587;53;109;1;land;false;plains;6
4588;75;90;1;land;false;hills;6
4589;49;48;1;land;true;plains;7
4590;112;81;1;land;true;hills;7
4591;85;121;1;land;true;forest;7
4592;192;216;1;land;false;plains;7
4593;135;211;1;land;false;plains;7
4594;144;224;1;land;false;plains;7
4595;134;180;1;land;false;plains;7
4596;134;142;1;land;false;plains;7
4597;145;241;1;land;true;plains;6
4598;40;176;1;land;true;forest;7
4599;186;199;1;land;true;plains;6
4600;207;169;1;land;false;plains;6
4601;182;159;1;land;false;urban;6
4602;219;179;1;land;true;plains;6
4603;176;217;1;land;true;plains;6
4604;174;205;1;land;false;plains;6
4605;223;166;1;land;false;urban;6
4606;130;128;1;land;false;mountain;7
4607;100;133;1;land;false;hills;7
4608;94;177;1;land;false;mountain;7
4609;95;129;1;land;false;hills;7
4610;142;160;1;land;false;hills;7
4611;127;131;1;land;false;mountain;7
4612;154;152;1;land;false;hills;7
4613;120;181;1;land;false;hills;7
4614;119;133;1;land;false;hills;7
4615;92;159;1;land;false;hills;7
4616;123;123;1;land;false;plains;6
4617;178;153;1;land;false;forest;6
4618;159;141;1;land;false;plains;6
4619;178;149;1;land;false;forest;6
4620;125;115;1;land;false;plains;6
4621;165;103;1;land;false;hills;6
4622;152;151;1;land;false;plains;6
4623;175;135;1;land;false;forest;6
4624;130;95;1;land;false;plains;6
4625;135;139;1;land;false;forest;6
4626;43;111;1;land;false;forest;1
4627;42;152;1;land;false;forest;1
4628;21;182;1;land;true;forest;1
4629;0;178;1;land;false;forest;1
4630;33;165;1;land;true;forest;1
4631;40;160;1;land;true;forest;1
4632;41;168;1;land;true;forest;1
4633;23;137;1;land;false;forest;1
4634;32;141;1;land;true;forest;1
4635;58;107;1;land;false;forest;1
4636;67;164;1;land;false;forest;1
4637;57;174;1;land;false;forest;1
4638;25;109;1;land;false;forest;1
4639;54;170;1;land;true;forest;1
4640;40;147;1;land;true;forest;1
4641;25;171;1;land;false;forest;1
4642;35;163;1;land;false;forest;1
4643;62;171;1;land;false;forest;1
4644;30;176;1;land;true;forest;1
4645;18;127;1;land;false;forest;1
4646;44;160;1;land;false;forest;1
4647;36;117;1;land;false;forest;1
4648;3;112;1;land;false;forest;1
4649;0;111;1;land;false;forest;1
4650;189;39;1;land;false;urban;6
4651;168;231;1;land;true;forest;7
4652;166;187;1;land;true;plains;7
4653;176;213;1;land;false;forest;7
4654;186;193;1;land;true;forest;7
4655;193;179;1;land;false;urban;7
4656;68;165;1;land;false;hills;6
4657;74;130;1;land;false;plains;6
4658;56;146;1;land;false;plains;6
4659;59;134;1;land;false;hills;6
4660;13;183;1;land;false;hills;6
4661;26;154;1;land;false;hills;6
4662;26;192;1;land;false;hills;6
4663;19;139;1;land;false;hills;6
4664;21;132;1;land;false;plains;6
4665;95;112;1;land;true;forest;7
4666;198;195;1;land;true;plains;6
4667;216;211;1;land;true;plains;6
4668;146;211;1;land;false;plains;7
4669;124;210;1;land;false;hills;7
4670;107;182;1;land;false;plains;7
4671;133;219;1;land;false;plains;7
4672;134;151;1;land;false;hills;7
4673;162;213;1;land;true;plains;6
4674;184;183;1;land;false;plains;7
4675;224;167;1;land;false;plains;7
4676;183;158;1;land;false;forest;7
4677;221;146;1;land;false;plains;7
4678;205;199;1;land;false;plains;7
4679;215;149;1;land;false;plains;7
4680;147;172;1;land;false;plains;7
4681;151;194;1;land;false;plains;7
4682;191;144;1;land;false;plains;7
4683;206;142;1;land;false;plains;7
4684;157;164;1;land;false;urban;7
4685;206;193;1;land;false;plains;7
4686;221;141;1;land;false;forest;7
4687;192;190;1;land;false;plains;7
4688;165;214;1;land;false;forest;7
4689;177;191;1;land;false;plains;7
4690;174;201;1;land;false;plains;7
4691;219;157;1;land;false;plains;7
4692;170;204;1;land;false;urban;7
4693;175;178;1;land;false;plains;7
4694;167;202;1;land;false;plains;7
4695;195;155;1;land;false;plains;7
4696;170;206;1;land;false;plains;7
4697;223;187;1;land;false;plains;7
4698;158;188;1;land;false;plains;7
4699;213;215;1;land;false;plains;7
4700;154;176;1;land;false;plains;7
4701;186;157;1;land;false;plains;7
4702;171;212;1;land;false;plains;7
4703;213;167;1;land;false;plains;7
4704;185;207;1;land;false;forest;7
4705;155;188;1;land;false;plains;7
4706;176;216;1;land;false;plains;7
4707;190;190;1;land;false;plains;7
4708;218;179;1;land;false;plains;7
4709;182;163;1;land;false;plains;7
4710;167;182;1;land;false;forest;7
4711;168;202;1;land;false;plains;7
4712;206;201;1;land;false;plains;7
4713;185;187;1;land;false;plains;7
4714;145;177;1;land;false;plains;7
4715;217;221;1;land;false;forest;7
4716;172;196;1;land;false;forest;7
4717;191;108;1;land;false;plains;6
4718;232;99;1;land;false;plains;6
4719;243;93;1;land;false;plains;6
4720;188;152;1;land;false;plains;6
4721;231;88;1;land;false;plains;6
4722;249;115;1;land;false;plains;6
4723;218;123;1;land;false;plains;6
4724;225;133;1;land;false;plains;6
4725;226;142;1;land;false;plains;6
4726;242;149;1;land;false;plains;6
4727;130;157;1;land;true;forest;4
4728;160;96;1;land;true;forest;4
4729;130;143;1;land;true;forest;4
4730;133;150;1;land;false;forest;4
4731;182;114;1;land;false;forest;4
4732;171;85;1;land;true;forest;4
4733;216;189;1;land;false;mountain;6
4734;174;147;1;land;false;mountain;6
4735;163;122;1;land;false;hills;6
4736;182;160;1;land;false;plains;6
4737;219;166;1;land;false;plains;6
4738;197;183;1;land;false;plains;6
4739;176;194;1;land;false;hills;6
4740;221;3;1;land;false;forest;6
4741;188;24;1;land;true;plains;6
4742;171;198;1;land;false;forest;7
4743;183;129;1;land;false;forest;7
4744;124;183;1;land;false;forest;7
4745;129;203;1;land;false;forest;7
4746;123;145;1;land;false;hills;7
4747;125;203;1;land;false;forest;7
4748;146;189;1;land;false;hills;7
4749;128;177;1;land;false;forest;7
4750;197;104;1;land;true;plains;7
4751;182;192;1;land;true;plains;7
4752;111;193;1;land;false;forest;6
4753;147;153;1;land;false;plains;6
4754;186;187;1;land;false;forest;7
4755;155;161;1;land;false;forest;7
4756;185;170;1;land;false;forest;7
4757;156;131;1;land;false;plains;7
4758;159;167;1;land;false;plains;7
4759;201;200;1;land;false;forest;7
4760;208;176;1;land;true;plains;6
4761;216;154;1;land;true;plains;6
4762;162;204;1;land;true;plains;6
4763;209;146;1;land;true;urban;6
4764;221;158;1;land;true;plains;6
4765;182;188;1;land;false;plains;6
4766;166;237;1;land;false;plains;6
4767;165;237;1;land;false;plains;6
4768;156;177;1;land;false;plains;6
4769;180;212;1;land;false;plains;6
4770;206;208;1;land;false;plains;6
4771;184;218;1;land;true;plains;6
4772;102;65;1;land;true;hills;4
4773;155;75;1;land;true;plains;7
4774;152;195;1;land;false;forest;6
4775;237;229;1;land;false;forest;7
4776;192;164;1;land;false;forest;7
4777;213;199;1;land;false;forest;7
4778;215;175;1;land;false;forest;7
4779;201;219;1;land;false;forest;7
4780;213;217;1;land;false;forest;7
4781;249;179;1;land;false;forest;7
4782;203;165;1;land;false;forest;7
4783;223;216;1;land;false;hills;7
4784;241;231;1;land;false;forest;7
4785;247;188;1;land;false;forest;7
4786;208;167;1;land;false;hills;7
4787;197;182;1;land;false;forest;7
4788;236;242;1;land;false;forest;7
4789;223;241;1;land;false;forest;7
4790;198;232;1;land;false;forest;7
4791;223;184;1;land;false;hills;7
4792;253;237;1;land;false;forest;7
4793;112;117;1;land;true;forest;7
4794;137;133;1;land;false;forest;7
4795;93;54;1;land;true;plains;7
4796;72;128;1;land;true;forest;7
4797;96;86;1;land;false;forest;7
4798;122;65;1;land;true;forest;7
4799;145;68;1;land;true;forest;7
4800;87;67;1;land;true;forest;7
4801;143;127;1;land;true;forest;7
4802;41;167;1;land;true;plains;3
4803;46;203;1;land;true;plains;3
4804;103;186;1;land;true;plains;3
4805;98;185;1;land;true;plains;3
4806;97;146;1;land;true;plains;3
4807;66;203;1;land;true;plains;3
4808;115;158;1;land;false;plains;3
4809;180;124;1;land;true;forest;7
4810;154;148;1;land;true;hills;6
4811;22;47;1;land;false;forest;4
4812;1;90;1;land;true;forest;4
4813;37;30;1;land;false;forest;4
4814;24;66;1;land;false;forest;4
4815;43;53;1;land;false;forest;4
4816;16;87;1;land;false;hills;4
4817;12;57;1;land;false;forest;4
4818;38;62;1;land;true;forest;4
4819;47;46;1;land;true;forest;4
4820;12;48;1;land;false;forest;4
4821;52;102;1;land;false;forest;4
4822;37;97;1;land;false;forest;4
4823;56;59;1;land;false;forest;4
4824;43;87;1;land;false;forest;4
4825;50;97;1;land;false;jungle;4
4826;12;106;1;land;false;forest;4
4827;60;69;1;land;false;forest;4
4828;40;62;1;land;true;forest;4
4829;57;80;1;land;false;urban;4
4830;28;52;1;land;true;forest;4
4831;9;70;1;land;true;forest;4
4832;49;66;1;land;false;forest;4
4833;13;75;1;land;true;forest;4
4834;7;41;1;land;true;forest;4
4835;58;81;1;land;true;forest;4
4836;39;86;1;land;false;forest;4
4837;20;29;1;land;false;forest;4
4838;31;77;1;land;true;forest;4
4839;47;70;1;land;true;forest;4
4840;26;67;1;land;false;forest;4
4841;56;51;1;land;true;forest;4
4842;19;61;1;land;true;forest;4
4843;45;65;1;land;false;forest;4
4844;2;104;1;land;true;forest;4
4845;3;53;1;land;false;forest;4
4846;55;61;1;land;true;forest;4
4847;56;96;1;land;false;forest;4
4848;60;90;1;land;true;urban;4
4849;55;85;1;land;false;forest;4
4850;42;40;1;land;true;forest;4
4851;30;33;1;land;false;forest;4
4852;4;93;1;land;true;forest;4
4853;21;39;1;land;true;forest;4
4854;6;96;1;land;false;forest;4
4855;16;59;1;land;true;forest;4
4856;5;35;1;land;false;forest;4
4857;32;101;1;land;true;forest;4
4858;26;44;1;land;false;forest;4
4859;243;184;1;land;true;forest;7
4860;99;143;1;land;true;hills;7
4861;180;231;1;land;false;mountain;6
4862;158;164;1;land;true;mountain;6
4863;144;190;1;land;false;hills;6
4864;189;180;1;land;false;hills;6
4865;153;230;1;land;true;hills;6
4866;141;208;1;land;true;mountain;6
4867;134;83;1;land;true;plains;6
4868;127;42;1;land;false;forest;3
4869;121;55;1;land;false;forest;3
4870;85;55;1;land;false;plains;3
4871;114;54;1;land;false;forest;3
4872;111;32;1;land;true;plains;3
4873;139;47;1;land;false;forest;3
4874;114;52;1;land;false;forest;3
4875;13;92;1;land;false;forest;7
4876;35;32;1;land;false;plains;7
4877;47;100;1;land;false;forest;7
4878;51;37;1;land;false;plains;7
4879;14;45;1;land;false;plains;7
4880;21;102;1;land;false;plains;7
4881;29;55;1;land;false;plains;7
4882;23;83;1;land;false;plains;7
4883;44;47;1;land;false;plains;7
4884;173;61;1;land;false;plains;6
4885;127;74;1;land;true;plains;6
4886;190;4;1;land;false;plains;6
4887;138;47;1;land;false;plains;6
4888;176;70;1;land;false;hills;6
4889;141;3;1;land;true;plains;6
4890;142;30;1;land;false;plains;6
4891;146;95;1;land;true;plains;6
4892;252;136;1;land;true;plains;6
4893;191;139;1;land;true;plains;6
4894;0;177;1;land;false;forest;7
4895;19;172;1;land;true;forest;7
4896;13;188;1;land;false;plains;7
4897;17;176;1;land;true;forest;7
4898;4;191;1;land;false;forest;7
4899;64;140;1;land;false;mountain;7
4900;104;162;1;land;false;hills;7
4901;123;120;1;land;false;desert;7
4902;225;253;1;land;true;plains;4
4903;112;66;1;land;false;hills;3
4904;139;51;1;land;false;forest;3
4905;122;77;1;land;false;forest;3
4906;101;90;1;land;false;forest;3
4907;114;102;1;land;false;forest;3
4908;100;81;1;land;false;forest;3
4909;105;90;1;land;false;forest;3
4910;114;75;1;land;false;hills;3
4911;139;171;1;land;true;plains;6
4912;105;144;1;land;false;plains;7
4913;105;138;1;land;false;plains;7
4914;119;164;1;land;false;plains;7
4915;127;130;1;land;false;plains;7
4916;85;186;1;land;false;plains;7
4917;173;168;1;land;true;forest;7
4918;151;145;1;land;false;forest;7
4919;186;145;1;land;false;forest;7
4920;189;173;1;land;true;forest;7
4921;179;112;1;land;true;forest;7
4922;142;158;1;land;false;hills;7
4923;159;162;1;land;true;forest;7
4924;195;189;1;land;true;plains;6
4925;38;144;1;land;true;plains;1
4926;129;131;1;land;false;desert;7
4927;180;103;1;land;false;desert;7
4928;191;143;1;land;true;desert;7
4929;179;116;1;land;true;desert;7
4930;133;168;1;land;false;desert;7
4931;119;157;1;land;false;desert;7
4932;182;138;1;land;false;desert;7
4933;171;150;1;land;true;desert;7
4934;168;101;1;land;true;desert;7
4935;146;166;1;land;false;desert;7
4936;149;168;1;land;false;desert;7
4937;136;142;1;land;true;hills;7
4938;173;137;1;land;false;desert;7
4939;156;120;1;land;true;plains;7
4940;127;102;1;land;true;hills;7
4941;193;166;1;land;true;plains;7
4942;116;121;1;land;false;desert;7
4943;150;125;1;land;true;desert;7
4944;153;106;1;land;true;desert;7
4945;185;111;1;land;true;desert;7
4946;119;148;1;land;true;plains;7
4947;156;107;1;land;false;desert;7
4948;162;237;1;land;false;forest;4
4949;169;179;1;land;false;forest;4
4950;224;179;1;land;false;forest;4
4951;105;123;1;land;false;hills;6
4952;153;65;1;land;false;mountain;6
4953;136;71;1;land;false;hills;6
4954;118;111;1;land;false;hills;6
4955;114;133;1;land;false;hills;6
4956;104;98;1;land;false;hills;6
4957;130;120;1;land;false;mountain;6
4958;173;107;1;land;false;plains;6
4959;130;59;1;land;false;hills;6
4960;147;96;1;land;false;hills;7
4961;138;84;1;land;false;plains;7
4962;127;63;1;land;false;plains;7
4963;161;124;1;land;false;hills;7
4964;158;62;1;land;false;forest;7
4965;127;87;1;land;false;plains;7
4966;174;83;1;land;false;forest;7
4967;148;56;1;land;false;forest;7
4968;125;89;1;land;false;forest;7
4969;128;83;1;land;false;hills;7
4970;166;109;1;land;false;plains;7
4971;184;126;1;land;false;forest;7
4972;137;85;1;land;false;plains;7
4973;132;67;1;land;false;plains;7
4974;125;104;1;land;false;plains;7
4975;174;54;1;land;false;forest;7
4976;188;90;1;land;false;plains;7
4977;159;95;1;land;false;forest;7
4978;176;94;1;land;false;plains;7
4979;135;59;1;land;false;hills;7
4980;186;59;1;land;false;plains;7
4981;154;109;1;land;false;plains;7
4982;183;133;1;land;false;forest;7
4983;138;63;1;land;false;forest;7
4984;168;127;1;land;false;plains;7
4985;193;99;1;land;false;urban;7
4986;119;54;1;land;false;forest;7
4987;171;57;1;land;false;forest;7
4988;152;121;1;land;false;hills;7
4989;129;133;1;land;false;plains;7
4990;163;105;1;land;false;plains;7
4991;168;81;1;land;false;plains;7
4992;118;107;1;land;false;forest;7
4993;180;134;1;land;false;plains;6
4994;248;198;1;land;false;plains;6
4995;188;159;1;land;false;plains;6
4996;215;179;1;land;false;plains;6
4997;241;158;1;land;false;hills;6
4998;213;193;1;land;false;plains;6
4999;222;122;1;land;false;plains;6
5000;71;209;1;land;true;forest;4
5001;95;186;1;land;false;forest;4
5002;76;65;1;land;false;plains;3
5003;101;25;1;land;false;plains;3
5004;131;0;1;land;true;plains;3
5005;96;29;1;land;true;plains;3
5006;120;47;1;land;false;plains;3
5007;237;118;1;land;true;desert;7
5008;212;114;1;land;true;desert;7
5009;239;170;1;land;true;desert;7
5010;239;158;1;land;true;desert;7
5011;218;104;1;land;true;plains;7
5012;88;31;1;land;true;plains;7
5013;181;110;1;land;false;plains;6
5014;187;200;1;land;true;plains;6
5015;159;225;1;land;true;plains;6
5016;146;237;1;land;true;plains;6
5017;137;221;1;land;true;plains;6
5018;194;219;1;land;true;plains;6
5019;175;238;1;land;true;plains;6
5020;124;231;1;land;false;plains;6
5021;174;80;1;land;true;plains;7
5022;162;61;1;land;false;plains;7
5023;179;105;1;land;true;plains;7
5024;159;54;1;land;false;plains;7
5025;202;227;1;land;true;plains;5
5026;99;141;1;land;false;plains;4
5027;128;111;1;land;false;hills;4
5028;239;196;1;land;true;plains;7
5029;249;233;1;land;true;forest;7
5030;188;141;1;land;false;forest;7
5031;229;157;1;land;false;hills;7
5032;245;89;1;land;false;mountain;7
5033;222;85;1;land;false;hills;7
5034;173;141;1;land;false;hills;7
5035;212;93;1;land;false;forest;7
5036;189;140;1;land;false;forest;7
5037;199;146;1;land;false;forest;7
5038;233;149;1;land;false;forest;7
5039;206;89;1;land;false;forest;7
5040;174;88;1;land;false;hills;7
5041;167;108;1;land;false;mountain;7
5042;235;85;1;land;false;forest;7
5043;181;230;1;land;false;plains;7
5044;171;247;1;land;true;mountain;7
5045;174;219;1;land;true;plains;7
5046;205;237;1;land;true;plains;7
5047;159;239;1;land;true;plains;7
5048;204;216;1;land;false;hills;7
5049;169;222;1;land;true;plains;7
5050;151;161;1;land;false;plains;6
5051;118;188;1;land;false;plains;6
5052;164;178;1;land;false;plains;6
5053;174;191;1;land;true;plains;6
5054;149;162;1;land;false;plains;6
5055;192;198;1;land;false;plains;6
5056;181;172;1;land;true;plains;6
5057;153;219;1;land;false;plains;6
5058;190;208;1;land;true;plains;6
5059;120;167;1;land;true;plains;6
5060;158;211;1;land;false;plains;6
5061;127;218;1;land;false;urban;6
5062;102;191;1;land;false;plains;7
5063;46;141;1;land;false;plains;7
5064;50;139;1;land;false;hills;7
5065;82;136;1;land;false;hills;7
5066;83;167;1;land;false;plains;7
5067;124;189;1;land;false;forest;7
5068;169;199;1;land;false;plains;7
5069;175;159;1;land;false;hills;7
5070;159;145;1;land;false;forest;7
5071;135;182;1;land;false;forest;7
5072;176;151;1;land;false;forest;7
5073;157;165;1;land;false;plains;3
5074;165;179;1;land;false;plains;3
5075;136;159;1;land;false;plains;3
5076;197;179;1;land;false;plains;3
5077;143;190;1;land;true;plains;3
5078;179;182;1;land;true;plains;3
5079;139;221;1;land;false;plains;3
5080;165;160;1;land;true;plains;3
5081;171;156;1;land;false;plains;3
5082;202;171;1;land;true;plains;3
5083;134;173;1;land;true;plains;3
5084;163;160;1;land;false;plains;3
5085;181;197;1;land;false;plains;3
5086;203;169;1;land;false;plains;3
5087;153;157;1;land;false;plains;3
5088;79;124;1;land;true;hills;7
5089;144;101;1;land;false;plains;6
5090;176;68;1;land;true;plains;6
5091;140;112;1;land;true;plains;6
5092;203;59;1;land;false;plains;6
5093;147;95;1;land;true;plains;6
5094;83;229;1;land;false;plains;7
5095;117;225;1;land;false;hills;7
5096;82;247;1;land;false;hills;7
5097;117;222;1;land;false;plains;7
5098;141;245;1;land;false;plains;7
5099;120;204;1;land;false;plains;7
5100;124;247;1;land;false;hills;7
5101;135;183;1;land;false;plains;7
5102;96;238;1;land;false;plains;7
5103;102;205;1;land;false;plains;7
5104;152;183;1;land;false;plains;7
5105;109;199;1;land;false;plains;7
5106;149;210;1;land;false;plains;7
5107;136;96;1;land;true;plains;6
5108;128;155;1;land;true;plains;6
5109;147;192;1;land;true;desert;6
5110;139;84;1;land;true;plains;7
5111;168;63;1;land;false;plains;3
5112;133;46;1;land;false;forest;3
5113;164;47;1;land;false;plains;3
5114;157;51;1;land;false;plains;3
5115;194;40;1;land;false;plains;3
5116;188;34;1;land;true;plains;3
5117;182;80;1;land;true;plains;3
5118;163;88;1;land;false;urban;3
5119;208;196;1;land;false;desert;7
5120;192;184;1;land;false;plains;7
5121;167;147;1;land;false;plains;7
5122;236;132;1;land;false;plains;7
5123;200;151;1;land;false;plains;7
5124;164;165;1;land;false;plains;7
5125;169;182;1;land;false;desert;7
5126;96;170;1;land;false;hills;7
5127;175;40;1;land;true;hills;7
5128;216;106;1;land;false;hills;7
5129;219;71;1;land;false;mountain;7
5130;174;187;1;land;false;plains;6
5131;23;125;1;land;false;plains;7
5132;37;184;1;land;false;plains;7
5133;133;42;1;land;true;plains;7
5134;87;198;1;land;false;plains;6
5135;58;177;1;land;false;plains;6
5136;100;219;1;land;false;plains;6
5137;103;196;1;land;false;plains;6
5138;65;148;1;land;true;plains;6
5139;102;217;1;land;false;plains;6
5140;108;159;1;land;true;plains;6
5141;103;158;1;land;true;plains;6
5142;61;203;1;land;true;plains;6
5143;62;225;1;land;false;plains;6
5144;105;219;1;land;true;plains;6
5145;56;223;1;land;false;plains;6
5146;102;218;1;land;true;plains;6
5147;110;203;1;land;true;plains;6
5148;89;179;1;land;false;plains;6
5149;87;208;1;land;true;plains;6
5150;57;10;1;land;false;plains;7
5151;83;56;1;land;false;plains;7
5152;48;31;1;land;false;plains;7
5153;53;28;1;land;false;plains;7
5154;54;33;1;land;false;plains;7
5155;102;206;1;land;false;forest;4
5156;69;181;1;land;true;forest;4
5157;97;204;1;land;true;forest;4
5158;110;58;1;land;true;hills;6
5159;114;114;1;land;true;plains;6
5160;123;73;1;land;true;plains;6
5161;144;83;1;land;true;plains;6
5162;112;77;1;land;true;hills;6
5163;179;53;1;land;true;plains;6
5164;160;60;1;land;true;plains;6
5165;113;55;1;land;true;plains;6
5166;154;70;1;land;true;plains;6
5167;110;101;1;land;true;plains;6
5168;126;95;1;land;true;plains;6
5169;143;93;1;land;false;plains;6
5170;113;86;1;land;true;plains;6
5171;168;107;1;land;true;plains;6
5172;190;238;1;land;false;forest;7
5173;158;227;1;land;true;plains;7
5174;155;202;1;land;true;forest;7
5175;145;197;1;land;false;plains;7
5176;206;217;1;land;false;plains;7
5177;138;201;1;land;false;plains;7
5178;184;175;1;land;true;plains;7
5179;156;218;1;land;true;plains;7
5180;143;181;1;land;false;plains;7
5181;205;203;1;land;true;plains;7
5182;170;223;1;land;false;plains;7
5183;206;242;1;land;false;plains;7
5184;201;186;1;land;true;forest;7
5185;193;236;1;land;true;forest;7
5186;150;222;1;land;false;plains;7
5187;159;227;1;land;false;plains;7
5188;160;228;1;land;false;forest;7
5189;218;195;1;land;true;plains;7
5190;62;29;1;land;false;plains;6
5191;38;59;1;land;false;plains;6
5192;49;68;1;land;false;plains;6
5193;72;46;1;land;false;plains;6
5194;54;93;1;land;false;plains;6
5195;59;76;1;land;false;urban;6
5196;56;27;1;land;false;plains;6
5197;208;200;1;land;false;forest;7
5198;206;161;1;land;false;plains;7
5199;249;174;1;land;false;forest;7
5200;240;202;1;land;false;forest;7
5201;202;159;1;land;false;plains;7
5202;241;185;1;land;false;plains;7
5203;215;181;1;land;false;urban;7
5204;186;140;1;land;false;forest;7
5205;241;151;1;land;false;plains;7
5206;217;164;1;land;false;forest;7
5207;247;146;1;land;false;forest;7
5208;233;201;1;land;false;plains;7
5209;252;160;1;land;false;forest;7
5210;228;163;1;land;false;plains;7
5211;218;145;1;land;false;forest;7
5212;234;163;1;land;false;forest;7
5213;214;187;1;land;false;forest;7
5214;200;201;1;land;false;forest;7
5215;252;196;1;land;false;forest;7
5216;190;159;1;land;false;forest;7
5217;187;192;1;land;false;forest;7
5218;139;123;1;land;true;plains;3
5219;161;79;1;land;true;plains;3
5220;132;47;1;land;true;forest;3
5221;156;77;1;land;false;forest;3
5222;135;132;1;land;false;plains;7
5223;159;94;1;land;false;forest;1
5224;142;108;1;land;false;forest;1
5225;157;103;1;land;false;forest;1
5226;88;137;1;land;false;forest;1
5227;139;144;1;land;false;forest;1
5228;67;218;1;land;false;forest;7
5229;23;220;1;land;false;forest;7
5230;21;241;1;land;false;forest;7
5231;68;205;1;land;false;hills;7
5232;37;214;1;land;false;hills;7
5233;15;198;1;land;false;hills;7
5234;54;232;1;land;false;forest;7
5235;46;234;1;land;false;hills;7
5236;19;246;1;land;false;forest;7
5237;1;235;1;land;false;hills;7
5238;28;252;1;land;false;hills;7
5239;40;226;1;land;false;forest;7
5240;28;240;1;land;false;forest;7
5241;26;219;1;land;false;hills;7
5242;140;104;1;land;false;hills;6
5243;108;142;1;land;false;plains;6
5244;83;178;1;land;false;mountain;6
5245;113;156;1;land;false;hills;6
5246;135;151;1;land;false;plains;6
5247;177;182;1;land;false;desert;7
5248;169;157;1;land;false;desert;7
5249;186;114;1;land;false;plains;7
5250;160;118;1;land;false;plains;7
5251;167;154;1;land;true;plains;7
5252;119;178;1;land;false;desert;7
5253;118;167;1;land;false;desert;7
5254;113;168;1;land;false;plains;7
5255;117;125;1;land;false;plains;7
5256;157;137;1;land;false;desert;7
5257;169;113;1;land;false;desert;7
5258;149;205;1;land;false;hills;7
5259;162;219;1;land;false;forest;7
5260;177;229;1;land;false;forest;7
5261;163;228;1;land;false;hills;7
5262;129;195;1;land;false;hills;7
5263;134;192;1;land;false;hills;7
5264;183;153;1;land;false;hills;7
5265;152;184;1;land;false;hills;7
5266;183;188;1;land;false;forest;7
5267;153;186;1;land;false;hills;7
5268;186;171;1;land;false;hills;7
5269;36;237;1;land;false;forest;1
5270;81;174;1;land;false;forest;1
5271;97;188;1;land;false;forest;1
5272;33;175;1;land;false;forest;1
5273;80;186;1;land;false;forest;1
5274;104;153;1;land;false;hills;7
5275;146;131;1;land;false;hills;7
5276;98;121;1;land;false;forest;7
5277;157;140;1;land;false;forest;7
5278;102;123;1;land;false;hills;7
5279;122;114;1;land;false;hills;7
5280;124;104;1;land;false;hills;7
5281;135;161;1;land;false;forest;7
5282;140;143;1;land;false;hills;7
5283;160;192;1;land;true;jungle;7
5284;120;185;1;land;false;forest;7
5285;180;218;1;land;true;jungle;7
5286;114;186;1;land;false;forest;7
5287;152;157;1;land;false;plains;7
5288;133;194;1;land;true;plains;7
5289;155;192;1;land;true;jungle;7
5290;116;226;1;land;false;forest;7
5291;137;191;1;land;false;forest;7
5292;127;209;1;land;true;jungle;7
5293;183;225;1;land;false;jungle;7
5294;186;232;1;land;false;forest;7
5295;139;186;1;land;false;plains;7
5296;151;164;1;land;false;forest;7
5297;189;221;1;land;true;plains;7
5298;118;225;1;land;true;forest;7
5299;172;162;1;land;true;forest;7
5300;163;179;1;land;true;plains;7
5301;151;167;1;land;false;plains;7
5302;161;192;1;land;true;forest;7
5303;117;192;1;land;true;plains;7
5304;170;183;1;land;true;forest;7
5305;171;190;1;land;true;hills;7
5306;186;200;1;land;true;plains;7
5307;127;165;1;land;false;jungle;7
5308;234;108;1;land;false;mountain;7
5309;240;135;1;land;false;mountain;7
5310;244;124;1;land;false;hills;7
5311;229;124;1;land;false;hills;7
5312;248;120;1;land;false;hills;7
5313;225;79;1;land;true;plains;7
5314;192;104;1;land;false;hills;7
5315;164;103;1;land;false;plains;7
5316;196;144;1;land;true;plains;7
5317;176;123;1;land;false;forest;7
5318;216;121;1;land;false;plains;7
5319;207;133;1;land;true;plains;7
5320;185;96;1;land;true;plains;7
5321;234;116;1;land;true;plains;7
5322;177;142;1;land;false;plains;7
5323;207;99;1;land;false;forest;7
5324;207;145;1;land;true;plains;7
5325;220;86;1;land;false;plains;7
5326;234;131;1;land;false;plains;7
5327;137;38;1;land;false;forest;4
5328;149;73;1;land;false;forest;4
5329;120;49;1;land;false;forest;4
5330;203;146;1;land;true;plains;7
5331;132;74;1;land;false;forest;4
5332;195;51;1;land;false;plains;4
5333;141;58;1;land;false;forest;4
5334;155;99;1;land;false;forest;4
5335;154;84;1;land;false;forest;4
5336;121;37;1;land;false;jungle;4
5337;141;66;1;land;false;forest;4
5338;190;54;1;land;false;jungle;4
5339;123;108;1;land;false;plains;4
5340;155;30;1;land;false;forest;4
5341;116;187;1;land;true;plains;7
5342;171;166;1;land;false;forest;7
5343;155;187;1;land;false;plains;7
5344;131;159;1;land;false;forest;7
5345;146;135;1;land;false;urban;7
5346;134;183;1;land;false;plains;7
5347;158;175;1;land;false;forest;7
5348;128;94;1;land;false;plains;7
5349;160;115;1;land;false;plains;7
5350;115;18;1;land;true;plains;6
5351;75;64;1;land;true;plains;6
5352;180;122;1;land;true;plains;6
5353;125;198;1;land;false;hills;6
5354;128;200;1;land;false;hills;6
5355;158;184;1;land;false;hills;6
5356;67;59;1;land;true;plains;6
5357;195;230;1;land;true;hills;7
5358;50;185;1;land;true;plains;7
5359;190;157;1;land;true;hills;6
5360;244;215;1;land;true;forest;6
5361;209;181;1;land;false;forest;6
5362;249;158;1;land;true;plains;6
5363;179;156;1;land;false;plains;6
5364;40;125;1;land;true;plains;6
5365;113;104;1;land;false;plains;7
5366;110;147;1;land;false;forest;7
5367;69;159;1;land;false;plains;7
5368;120;153;1;land;false;plains;7
5369;114;122;1;land;false;plains;7
5370;139;147;1;land;false;hills;7
5371;165;122;1;land;false;forest;7
5372;140;142;1;land;false;hills;7
5373;124;145;1;land;false;forest;7
5374;179;151;1;land;false;mountain;7
5375;183;165;1;land;false;hills;7
5376;177;143;1;land;false;forest;7
5377;151;169;1;land;false;forest;7
5378;159;106;1;land;false;forest;7
5379;120;140;1;land;false;forest;7
5380;181;160;1;land;false;mountain;7
5381;181;146;1;land;false;forest;7
5382;152;99;1;land;false;forest;7
5383;124;139;1;land;false;hills;7
5384;183;100;1;land;false;forest;7
5385;146;173;1;land;false;forest;7
5386;161;156;1;land;false;forest;7
5387;110;173;1;land;false;forest;7
5388;132;98;1;land;false;mountain;7
5389;138;163;1;land;false;forest;7
5390;118;148;1;land;false;forest;7
5391;164;121;1;land;false;forest;7
5392;108;130;1;land;false;hills;7
5393;175;128;1;land;false;forest;7
5394;107;151;1;land;false;hills;7
5395;110;168;1;land;false;plains;7
5396;124;138;1;land;false;mountain;7
5397;183;126;1;land;false;forest;7
5398;129;96;1;land;false;hills;7
5399;172;140;1;land;false;hills;7
5400;153;96;1;land;false;forest;7
5401;163;56;1;land;true;plains;6
5402;185;69;1;land;true;hills;6
5403;148;50;1;land;true;mountain;6
5404;194;80;1;land;false;plains;6
5405;134;38;1;land;false;plains;6
5406;193;73;1;land;true;plains;6
5407;164;86;1;land;false;plains;6
5408;114;59;1;land;false;hills;6
5409;159;68;1;land;false;hills;6
5410;158;88;1;land;false;hills;6
5411;124;66;1;land;true;plains;6
5412;119;78;1;land;false;plains;6
5413;24;137;1;land;false;plains;7
5414;51;123;1;land;false;plains;7
5415;219;234;1;land;true;plains;5
5416;151;17;1;land;true;plains;6
5417;151;114;1;land;false;forest;4
5418;157;141;1;land;false;plains;4
5419;138;98;1;land;false;forest;4
5420;175;112;1;land;false;forest;4
5421;183;104;1;land;false;forest;4
5422;192;131;1;land;false;forest;4
5423;124;124;1;land;false;forest;4
5424;135;148;1;land;false;jungle;4
5425;145;130;1;land;false;forest;4
5426;164;161;1;land;true;plains;6
5427;179;141;1;land;true;plains;6
5428;154;135;1;land;false;plains;6
5429;153;160;1;land;false;plains;6
5430;143;135;1;land;false;plains;6
5431;124;129;1;land;false;plains;6
5432;179;201;1;land;false;plains;6
5433;155;173;1;land;true;plains;6
5434;203;131;1;land;true;plains;6
5435;141;197;1;land;true;plains;6
5436;198;203;1;land;true;plains;6
5437;133;190;1;land;true;plains;6
5438;203;191;1;land;true;plains;6
5439;158;192;1;land;false;plains;6
5440;191;183;1;land;false;plains;6
5441;158;125;1;land;false;plains;6
5442;190;173;1;land;false;plains;6
5443;173;139;1;land;true;plains;6
5444;192;147;1;land;false;plains;6
5445;154;204;1;land;false;plains;6
5446;132;56;1;land;true;forest;4
5447;11;187;1;land;false;plains;7
5448;18;209;1;land;false;forest;7
5449;31;167;1;land;false;urban;7
5450;39;200;1;land;false;plains;7
5451;25;212;1;land;false;plains;7
5452;31;163;1;land;false;plains;7
5453;53;185;1;land;false;plains;7
5454;104;134;1;land;false;plains;6
5455;55;125;1;land;false;plains;6
5456;45;155;1;land;true;plains;6
5457;103;116;1;land;false;plains;6
5458;51;137;1;land;true;plains;6
5459;34;134;1;land;false;plains;6
5460;68;108;1;land;false;urban;6
5461;145;157;1;land;false;forest;7
5462;201;212;1;land;false;plains;7
5463;208;149;1;land;false;jungle;7
5464;145;211;1;land;false;plains;7
5465;163;205;1;land;false;plains;7
5466;146;201;1;land;false;plains;7
5467;175;168;1;land;false;plains;7
5468;174;204;1;land;false;forest;7
5469;167;219;1;land;false;jungle;7
5470;219;158;1;land;false;plains;7
5471;154;172;1;land;false;plains;7
5472;199;202;1;land;false;jungle;7
5473;156;153;1;land;false;plains;7
5474;215;210;1;land;false;jungle;7
5475;153;174;1;land;false;plains;7
5476;197;184;1;land;false;forest;7
5477;166;148;1;land;false;forest;7
5478;155;218;1;land;false;plains;7
5479;157;35;1;land;true;plains;3
5480;7;150;1;land;false;forest;4
5481;46;155;1;land;true;forest;4
5482;13;96;1;land;true;forest;4
5483;40;136;1;land;true;forest;4
5484;43;89;1;land;false;forest;4
5485;59;142;1;land;false;forest;4
5486;65;104;1;land;true;forest;4
5487;44;117;1;land;true;forest;4
5488;61;123;1;land;false;forest;4
5489;20;96;1;land;true;forest;4
5490;110;153;1;land;true;hills;7
5491;62;183;1;land;false;plains;7
5492;71;188;1;land;false;plains;7
5493;71;150;1;land;true;hills;7
5494;191;158;1;land;true;hills;7
5495;177;164;1;land;true;plains;7
5496;158;156;1;land;true;hills;7
5497;176;174;1;land;false;forest;7
5498;185;176;1;land;false;forest;7
5499;215;207;1;land;false;forest;7
5500;148;191;1;land;false;forest;7
5501;223;206;1;land;false;plains;7
5502;161;210;1;land;false;forest;7
5503;157;151;1;land;false;hills;7
5504;186;195;1;land;false;forest;7
5505;187;195;1;land;false;plains;7
5506;173;160;1;land;false;plains;7
5507;202;179;1;land;false;forest;7
5508;204;158;1;land;false;forest;7
5509;201;163;1;land;false;forest;7
5510;148;226;1;land;false;forest;7
5511;210;174;1;land;false;forest;7
5512;155;208;1;land;false;forest;7
5513;207;185;1;land;false;plains;7
5514;221;212;1;land;false;plains;7
5515;211;174;1;land;false;plains;7
5516;215;214;1;land;false;forest;7
5517;148;197;1;land;false;forest;7
5518;129;193;1;land;true;plains;7
5519;190;203;1;land;true;plains;7
5520;188;204;1;land;true;plains;7
5521;196;254;1;land;true;plains;7
5522;249;204;1;land;false;plains;4
5523;228;175;1;land;true;forest;4
5524;246;224;1;land;false;plains;4
5525;244;216;1;land;true;forest;4
5526;221;208;1;land;true;forest;4
5527;211;224;1;land;true;forest;4
5528;246;208;1;land;true;forest;4
5529;213;196;1;land;false;forest;4
5530;34;206;1;land;false;plains;7
5531;106;177;1;land;false;urban;7
5532;70;218;1;land;false;plains;7
5533;47;235;1;land;false;plains;7
5534;87;225;1;land;false;urban;7
5535;35;208;1;land;false;plains;7
5536;103;174;1;land;false;desert;7
5537;80;233;1;land;false;plains;7
5538;93;221;1;land;false;plains;7
5539;72;173;1;land;false;plains;7
5540;33;184;1;land;false;plains;7
5541;83;205;1;land;false;plains;7
5542;88;235;1;land;false;plains;7
5543;74;200;1;land;false;plains;6
5544;79;78;1;land;true;hills;7
5545;59;185;1;land;false;hills;7
5546;88;205;1;land;false;mountain;7
5547;56;163;1;land;false;hills;7
5548;104;190;1;land;false;hills;7
5549;124;187;1;land;false;hills;7
5550;91;191;1;land;false;hills;7
5551;64;227;1;land;false;mountain;7
5552;89;222;1;land;false;mountain;7
5553;72;217;1;land;false;mountain;7
5554;121;193;1;land;false;mountain;7
5555;82;178;1;land;false;hills;7
5556;97;184;1;land;false;mountain;7
5557;117;157;1;land;false;mountain;7
5558;54;234;1;land;false;mountain;7
5559;156;43;1;land;false;plains;6
5560;167;29;1;land;false;plains;6
5561;120;85;1;land;false;plains;6
5562;177;37;1;land;true;plains;6
5563;114;51;1;land;false;plains;6
5564;134;60;1;land;true;plains;6
5565;169;29;1;land;true;plains;6
5566;180;72;1;land;true;plains;6
5567;152;29;1;land;true;plains;6
5568;139;61;1;land;false;plains;6
5569;146;53;1;land;false;plains;6
5570;116;40;1;land;true;plains;6
5571;120;97;1;land;false;plains;6
5572;164;87;1;land;true;plains;6
5573;130;22;1;land;false;urban;6
5574;144;48;1;land;true;plains;6
5575;235;9;1;land;true;forest;4
5576;214;37;1;land;false;forest;4
5577;82;148;1;land;false;forest;7
5578;129;99;1;land;false;forest;7
5579;106;36;1;land;true;forest;7
5580;40;120;1;land;false;forest;7
5581;73;81;1;land;false;forest;7
5582;42;94;1;land;false;plains;7
5583;38;84;1;land;false;forest;7
5584;65;133;1;land;false;plains;7
5585;61;109;1;land;false;forest;7
5586;82;154;1;land;false;plains;6
5587;193;160;1;land;false;plains;6
5588;209;128;1;land;false;plains;6
5589;173;113;1;land;false;plains;6
5590;165;144;1;land;false;plains;6
5591;204;111;1;land;false;plains;6
5592;108;158;1;land;true;plains;6
5593;110;124;1;land;false;plains;6
5594;107;161;1;land;false;plains;6
5595;137;158;1;land;true;plains;6
5596;115;162;1;land;true;plains;6
5597;96;157;1;land;true;plains;6
5598;148;161;1;land;true;plains;6
5599;111;165;1;land;false;plains;6
5600;164;173;1;land;false;plains;6
5601;141;131;1;land;true;plains;6
5602;91;135;1;land;true;plains;6
5603;93;117;1;land;true;plains;6
5604;139;169;1;land;false;plains;6
5605;197;97;1;land;false;jungle;7
5606;247;90;1;land;false;hills;7
5607;198;91;1;land;false;jungle;7
5608;203;43;1;land;false;plains;7
5609;196;87;1;land;false;hills;7
5610;218;67;1;land;false;hills;7
5611;176;67;1;land;false;jungle;7
5612;245;73;1;land;false;forest;7
5613;177;109;1;land;true;hills;6
5614;122;139;1;land;false;plains;6
5615;112;158;1;land;false;plains;6
5616;176;142;1;land;true;hills;6
5617;177;169;1;land;true;plains;6
5618;162;132;1;land;true;plains;6
5619;117;162;1;land;false;plains;6
5620;136;165;1;land;true;plains;6
5621;170;135;1;land;true;hills;6
5622;133;90;1;land;false;hills;6
5623;177;203;1;land;false;forest;7
5624;128;180;1;land;false;forest;7
5625;144;229;1;land;false;forest;7
5626;160;193;1;land;false;forest;7
5627;151;207;1;land;false;forest;7
5628;147;202;1;land;false;forest;7
5629;122;199;1;land;false;forest;7
5630;163;232;1;land;false;forest;7
5631;176;176;1;land;false;forest;7
5632;172;221;1;land;false;forest;7
5633;113;197;1;land;false;forest;7
5634;176;203;1;land;false;forest;7
5635;131;168;1;land;false;forest;7
5636;113;222;1;land;false;forest;7
5637;126;217;1;land;false;hills;7
5638;143;199;1;land;false;forest;7
5639;162;225;1;land;false;forest;7
5640;133;220;1;land;false;forest;7
5641;169;164;1;land;false;plains;7
5642;154;192;1;land;false;hills;7
5643;130;151;1;land;false;hills;7
5644;119;159;1;land;false;plains;7
5645;138;158;1;land;false;plains;7
5646;142;191;1;land;false;plains;7
5647;186;160;1;land;false;plains;7
5648;122;197;1;land;false;hills;7
5649;119;184;1;land;false;plains;7
5650;122;176;1;land;false;plains;7
5651;180;166;1;land;false;hills;7
5652;157;131;1;land;false;plains;7
5653;188;184;1;land;false;plains;7
5654;146;196;1;land;false;plains;7
5655;211;109;1;land;true;plains;7
5656;136;110;1;land;true;mountain;6
5657;68;84;1;land;true;mountain;6
5658;94;101;1;land;true;mountain;6
5659;132;113;1;land;true;mountain;6
5660;122;144;1;land;true;mountain;6
5661;118;88;1;land;false;hills;6
5662;76;95;1;land;false;plains;6
5663;97;117;1;land;true;hills;6
5664;180;140;1;land;false;plains;7
5665;244;136;1;land;false;forest;7
5666;243;115;1;land;false;forest;7
5667;167;95;1;land;false;plains;7
5668;219;75;1;land;false;forest;7
5669;189;125;1;land;false;plains;7
5670;200;100;1;land;false;forest;7
5671;148;193;1;land;false;plains;4
5672;211;239;1;land;false;hills;4
5673;174;225;1;land;false;forest;4
5674;173;236;1;land;true;forest;4
5675;191;254;1;land;false;forest;4
5676;160;189;1;land;false;forest;4
5677;194;241;1;land;false;hills;4
5678;210;207;1;land;true;forest;4
5679;210;188;1;land;false;forest;4
5680;183;250;1;land;false;forest;4
5681;154;188;1;land;true;forest;4
5682;190;217;1;land;false;forest;4
5683;184;194;1;land;false;hills;4
5684;203;213;1;land;true;forest;4
5685;183;141;1;land;false;plains;6
5686;210;87;1;land;false;plains;6
5687;190;100;1;land;false;plains;6
5688;228;98;1;land;false;plains;6
5689;212;94;1;land;false;plains;6
5690;140;139;1;land;false;forest;7
5691;138;127;1;land;false;forest;7
5692;103;75;1;land;false;forest;7
5693;113;153;1;land;false;forest;7
5694;149;152;1;land;false;hills;7
5695;246;61;1;land;false;forest;4
5696;241;52;1;land;false;forest;4
5697;165;208;1;land;false;plains;6
5698;125;188;1;land;false;plains;6
5699;131;35;1;land;false;plains;4
5700;118;38;1;land;true;forest;4
5701;186;39;1;land;false;jungle;4
5702;140;102;1;land;false;jungle;4
5703;184;41;1;land;false;jungle;4
5704;188;33;1;land;false;jungle;4
5705;159;233;1;land;false;forest;4
5706;198;189;1;land;false;plains;4
5707;197;206;1;land;false;plains;4
5708;177;214;1;land;true;plains;4
5709;184;222;1;land;true;plains;4
5710;194;194;1;land;false;plains;4
5711;199;191;1;land;false;forest;4
5712;160;205;1;land;true;plains;4
5713;147;186;1;land;true;plains;4
5714;184;179;1;land;false;forest;4
5715;142;190;1;land;false;forest;4
5716;103;151;1;land;true;plains;6
5717;122;163;1;land;true;plains;6
5718;166;183;1;land;false;forest;6
5719;131;186;1;land;true;plains;6
5720;107;207;1;land;false;forest;6
5721;102;185;1;land;true;forest;6
5722;156;211;1;land;false;plains;6
5723;158;201;1;land;false;forest;6
5724;144;181;1;land;true;plains;6
5725;105;139;1;land;false;forest;6
5726;171;155;1;land;false;forest;6
5727;108;162;1;land;false;forest;4
5728;128;162;1;land;false;jungle;4
5729;139;148;1;land;false;jungle;4
5730;133;154;1;land;false;jungle;4
5731;126;142;1;land;false;forest;4
5732;180;157;1;land;false;forest;4
5733;132;224;1;land;false;plains;4
5734;139;226;1;land;false;hills;4
5735;121;44;1;land;true;plains;4
5736;102;105;1;land;true;plains;4
5737;172;54;1;land;false;plains;4
5738;127;53;1;land;false;plains;4
5739;107;107;1;land;true;plains;4
5740;131;90;1;land;false;plains;4
5741;139;97;1;land;false;plains;4
5742;174;117;1;land;false;plains;4
5743;172;46;1;land;false;plains;4
5744;134;77;1;land;false;plains;4
5745;127;65;1;land;true;plains;4
5746;121;91;1;land;true;plains;4
5747;149;60;1;land;false;plains;4
5748;86;57;1;land;true;forest;4
5749;40;83;1;land;false;forest;6
5750;58;34;1;land;false;plains;6
5751;78;48;1;land;false;plains;6
5752;46;27;1;land;false;forest;6
5753;91;33;1;land;true;plains;6
5754;51;45;1;land;true;plains;6
5755;62;24;1;land;true;plains;6
5756;56;80;1;land;false;plains;6
5757;15;32;1;land;false;forest;6
5758;135;128;1;land;false;forest;7
5759;151;120;1;land;false;forest;7
5760;162;115;1;land;false;forest;7
5761;197;142;1;land;false;forest;7
5762;173;162;1;land;false;forest;7
5763;128;124;1;land;false;plains;7
5764;176;150;1;land;false;forest;7
5765;172;176;1;land;true;plains;6
5766;116;90;1;land;true;hills;7
5767;193;171;1;land;false;hills;7
5768;134;186;1;land;false;plains;7
5769;194;133;1;land;false;plains;7
5770;65;197;1;land;false;hills;6
5771;139;170;1;land;true;plains;3
5772;156;157;1;land;false;plains;3
5773;107;124;1;land;false;forest;7
5774;118;161;1;land;false;jungle;7
5775;110;162;1;land;false;jungle;7
5776;113;154;1;land;false;plains;7
5777;78;174;1;land;false;jungle;7
5778;104;187;1;land;false;forest;7
5779;179;177;1;land;false;plains;4
5780;160;117;1;land;false;hills;4
5781;169;180;1;land;false;plains;4
5782;209;135;1;land;false;plains;4
5783;212;138;1;land;false;hills;4
5784;204;168;1;land;false;plains;4
5785;163;153;1;land;false;hills;4
5786;230;118;1;land;false;plains;4
5787;201;140;1;land;false;hills;4
5788;230;191;1;land;false;plains;4
5789;105;39;1;land;false;plains;7
5790;168;28;1;land;false;plains;7
5791;108;72;1;land;false;plains;7
5792;137;36;1;land;false;plains;7
5793;170;71;1;land;false;plains;7
5794;170;78;1;land;false;plains;7
5795;130;78;1;land;false;plains;7
5796;133;71;1;land;false;urban;7
5797;161;66;1;land;false;plains;7
5798;175;31;1;land;false;plains;7
5799;124;65;1;land;true;plains;7
5800;129;20;1;land;false;plains;7
5801;163;13;1;land;false;plains;7
5802;107;86;1;land;false;plains;7
5803;132;28;1;land;false;plains;7
5804;132;69;1;land;false;urban;7
5805;108;61;1;land;false;plains;7
5806;136;21;1;land;false;plains;7
5807;110;24;1;land;false;plains;7
5808;131;36;1;land;false;forest;7
5809;118;63;1;land;false;plains;7
5810;97;69;1;land;false;plains;7
5811;156;12;1;land;true;plains;7
5812;144;40;1;land;false;plains;7
5813;157;153;1;land;false;plains;6
5814;96;142;1;land;true;plains;6
5815;93;102;1;land;false;plains;6
5816;80;74;1;land;false;plains;7
5817;86;63;1;land;false;plains;7
5818;24;116;1;land;false;plains;7
5819;77;93;1;land;false;plains;7
5820;45;89;1;land;false;plains;7
5821;14;53;1;land;false;plains;7
5822;77;46;1;land;false;plains;7
5823;78;73;1;land;false;plains;7
5824;72;37;1;land;false;plains;7
5825;77;106;1;land;false;plains;7
5826;40;72;1;land;false;plains;7
5827;43;16;1;land;false;forest;4
5828;34;41;1;land;true;forest;4
5829;55;55;1;land;true;forest;4
5830;59;36;1;land;false;plains;4
5831;60;113;1;land;true;plains;4
5832;89;127;1;land;false;plains;4
5833;125;102;1;land;false;forest;4
5834;103;140;1;land;true;hills;4
5835;170;161;1;land;true;plains;2
5836;176;92;1;land;true;plains;2
5837;224;139;1;land;true;plains;2
5838;187;158;1;land;false;forest;2
5839;193;131;1;land;true;plains;2
5840;131;112;1;land;false;plains;6
5841;145;141;1;land;false;urban;6
5842;111;154;1;land;false;plains;6
5843;134;82;1;land;false;plains;6
5844;139;145;1;land;false;plains;6
5845;171;153;1;land;false;plains;6
5846;105;136;1;land;false;plains;6
5847;111;151;1;land;false;forest;6
5848;171;94;1;land;false;plains;6
5849;169;117;1;land;false;plains;6
5850;180;92;1;land;false;plains;6
5851;152;114;1;land;false;plains;6
5852;120;147;1;land;false;plains;6
5853;108;139;1;land;false;plains;6
5854;115;116;1;land;false;plains;6
5855;167;101;1;land;false;urban;6
5856;174;161;1;land;false;plains;6
5857;107;136;1;land;false;plains;6
5858;136;151;1;land;false;urban;6
5859;121;31;1;land;true;plains;6
5860;190;187;1;land;false;plains;7
5861;173;138;1;land;false;desert;7
5862;149;206;1;land;false;desert;7
5863;179;110;1;land;false;plains;6
5864;172;121;1;land;true;plains;6
5865;186;170;1;land;true;plains;6
5866;139;166;1;land;true;plains;6
5867;133;116;1;land;false;plains;6
5868;157;119;1;land;true;plains;6
5869;162;157;1;land;true;plains;6
5870;145;172;1;land;true;plains;6
5871;124;146;1;land;false;plains;6
5872;168;111;1;land;false;plains;6
5873;183;170;1;land;false;plains;6
5874;174;168;1;land;false;plains;6
5875;180;119;1;land;true;plains;6
5876;178;126;1;land;true;plains;6
5877;153;119;1;land;false;plains;6
5878;160;110;1;land;false;urban;6
5879;185;145;1;land;true;plains;6
5880;154;151;1;land;true;plains;6
5881;142;130;1;land;true;plains;6
5882;143;125;1;land;false;plains;6
5883;175;105;1;land;false;urban;6
5884;142;161;1;land;true;plains;6
5885;141;169;1;land;false;plains;6
5886;147;141;1;land;false;plains;6
5887;182;125;1;land;false;urban;6
5888;186;139;1;land;false;plains;6
5889;174;115;1;land;true;desert;6
5890;218;75;1;land;true;plains;6
5891;90;126;1;land;true;plains;6
5892;76;125;1;land;true;plains;6
5893;128;121;1;land;false;plains;6
5894;160;109;1;land;false;plains;6
5895;149;171;1;land;false;plains;6
5896;153;133;1;land;false;plains;6
5897;136;107;1;land;false;plains;6
5898;118;143;1;land;false;hills;6
5899;179;132;1;land;false;hills;6
5900;157;138;1;land;false;plains;6
5901;168;102;1;land;false;plains;6
5902;115;157;1;land;false;plains;6
5903;157;139;1;land;false;hills;6
5904;110;164;1;land;false;plains;6
5905;47;141;1;land;true;forest;1
5906;44;153;1;land;true;forest;1
5907;30;116;1;land;false;plains;7
5908;39;93;1;land;false;hills;7
5909;92;66;1;land;false;plains;7
5910;68;89;1;land;false;plains;7
5911;46;97;1;land;false;plains;7
5912;58;83;1;land;false;plains;7
5913;156;151;1;land;false;plains;7
5914;45;45;1;land;true;forest;4
5915;74;148;1;land;true;plains;6
5916;36;213;1;land;true;hills;6
5917;94;188;1;land;true;plains;6
5918;20;191;1;land;true;plains;6
5919;68;204;1;land;true;plains;6
5920;1;161;1;land;true;forest;4
5921;13;140;1;land;true;forest;4
5922;105;192;1;land;false;plains;4
5923;92;151;1;land;false;hills;4
5924;129;185;1;land;false;hills;4
5925;170;139;1;land;false;hills;4
5926;115;154;1;land;false;plains;4
5927;133;151;1;land;false;plains;6
5928;140;118;1;land;true;plains;6
5929;100;118;1;land;true;plains;6
5930;139;90;1;land;false;plains;6
5931;140;46;1;land;false;forest;7
5932;94;87;1;land;false;urban;7
5933;150;59;1;land;false;forest;7
5934;94;51;1;land;false;forest;7
5935;129;36;1;land;false;forest;7
5936;136;60;1;land;true;forest;7
5937;148;62;1;land;false;urban;7
5938;146;51;1;land;true;forest;7
5939;99;92;1;land;false;forest;7
5940;101;81;1;land;true;plains;7
5941;97;40;1;land;false;forest;7
5942;55;37;1;land;false;plains;7
5943;24;73;1;land;false;plains;7
5944;89;33;1;land;false;plains;7
5945;230;195;1;land;true;hills;6
5946;105;72;1;land;false;plains;6
5947;111;69;1;land;false;hills;6
5948;86;135;1;land;false;plains;6
5949;40;105;1;land;false;plains;6
5950;98;76;1;land;false;plains;6
5951;50;126;1;land;false;plains;6
5952;34;92;1;land;false;plains;6
5953;78;115;1;land;false;plains;6
5954;95;110;1;land;false;plains;6
5955;108;102;1;land;false;plains;6
5956;105;67;1;land;true;plains;6
5957;73;113;1;land;true;hills;6
5958;88;74;1;land;false;plains;6
5959;73;89;1;land;false;plains;6
5960;85;123;1;land;false;plains;6
5961;71;129;1;land;false;plains;6
5962;47;135;1;land;false;plains;6
5963;214;124;1;land;false;plains;7
5964;169;76;1;land;false;hills;4
5965;103;108;1;land;false;hills;4
5966;115;69;1;land;false;plains;4
5967;143;89;1;land;false;hills;4
5968;175;52;1;land;false;plains;4
5969;156;58;1;land;false;hills;4
5970;119;41;1;land;false;plains;4
5971;85;109;1;land;true;forest;7
5972;131;205;1;land;true;plains;6
5973;129;135;1;land;true;plains;7
5974;175;69;1;land;true;plains;6
5975;120;81;1;land;false;forest;6
5976;192;221;1;land;false;plains;7
5977;195;225;1;land;true;plains;7
5978;162;205;1;land;false;plains;7
5979;173;204;1;land;false;plains;7
5980;221;184;1;land;false;plains;7
5981;32;80;1;land;true;urban;2
5982;74;128;1;land;true;plains;2
5983;61;111;1;land;true;plains;2
5984;56;110;1;land;false;plains;2
5985;47;82;1;land;false;plains;2
5986;82;116;1;land;true;plains;2
5987;65;106;1;land;true;plains;2
5988;48;97;1;land;true;plains;2
5989;48;129;1;land;true;plains;2
5990;52;84;1;land;false;plains;2
5991;96;73;1;land;true;urban;2
5992;94;63;1;land;true;plains;2
5993;111;89;1;land;true;plains;2
5994;68;70;1;land;false;plains;2
5995;57;116;1;land;true;plains;2
5996;109;61;1;land;true;plains;2
5997;32;137;1;land;false;plains;2
5998;32;68;1;land;true;hills;2
5999;58;138;1;land;true;forest;1
6000;43;132;1;land;false;forest;1
6001;67;132;1;land;false;forest;1
6002;67;99;1;land;false;forest;1
6003;110;123;1;land;true;plains;6
6004;124;172;1;land;true;plains;6
6005;191;152;1;land;false;plains;6
6006;185;142;1;land;false;plains;6
6007;178;108;1;land;false;forest;6
6008;212;127;1;land;false;forest;6
6009;187;92;1;land;false;plains;6
6010;105;133;1;land;true;forest;1
6011;100;151;1;land;false;plains;1
6012;105;174;1;land;true;forest;1
6013;111;198;1;land;false;forest;1
6014;101;187;1;land;false;plains;7
6015;61;132;1;land;true;hills;7
6016;32;165;1;land;false;plains;6
6017;54;144;1;land;true;plains;6
6018;80;171;1;land;true;plains;6
6019;75;193;1;land;false;plains;6
6020;52;212;1;land;true;plains;6
6021;44;161;1;land;false;plains;6
6022;32;204;1;land;true;plains;6
6023;73;187;1;land;true;desert;6
6024;51;211;1;land;false;plains;6
6025;92;175;1;land;true;plains;6
6026;58;191;1;land;true;desert;6
6027;113;176;1;land;false;plains;6
6028;125;139;1;land;false;urban;6
6029;157;123;1;land;false;plains;6
6030;173;144;1;land;false;plains;6
6031;111;191;1;land;false;plains;6
6032;134;162;1;land;false;plains;6
6033;154;190;1;land;false;plains;6
6034;146;185;1;land;false;plains;6
6035;128;152;1;land;false;plains;6
6036;115;152;1;land;false;plains;6
6037;241;187;1;land;true;hills;7
6038;167;49;1;land;false;forest;6
6039;129;38;1;land;false;forest;6
6040;109;92;1;land;true;forest;3
6041;107;111;1;land;true;plains;3
6042;188;253;1;land;false;forest;4
6043;141;203;1;land;false;hills;4
6044;197;225;1;land;false;plains;4
6045;163;209;1;land;false;plains;4
6046;89;104;1;land;true;hills;6
6047;62;135;1;land;true;plains;3
6048;54;92;1;land;true;plains;3
6049;119;129;1;land;true;plains;3
6050;54;125;1;land;false;plains;6
6051;116;131;1;land;false;plains;6
6052;165;191;1;land;false;plains;6
6053;132;190;1;land;false;forest;6
6054;117;232;1;land;false;plains;6
6055;157;205;1;land;false;plains;6
6056;152;218;1;land;false;plains;6
6057;161;190;1;land;false;plains;6
6058;150;237;1;land;false;plains;6
6059;116;240;1;land;false;forest;6
6060;141;220;1;land;true;plains;6
6061;123;74;1;land;false;plains;6
6062;195;138;1;land;false;urban;7
6063;178;130;1;land;false;urban;7
6064;212;90;1;land;false;plains;7
6065;172;115;1;land;false;plains;7
6066;195;100;1;land;false;urban;7
6067;189;143;1;land;false;plains;7
6068;120;141;1;land;false;plains;4
6069;94;148;1;land;false;plains;4
6070;141;166;1;land;false;plains;4
6071;110;145;1;land;false;plains;4
6072;162;186;1;land;true;plains;4
6073;160;141;1;land;false;plains;4
6074;131;54;1;land;true;forest;6
6075;145;99;1;land;true;plains;6
6076;131;102;1;land;true;forest;6
6077;127;45;1;land;true;plains;6
6078;153;61;1;land;true;plains;6
6079;63;106;1;land;false;hills;6
6080;14;103;1;land;false;hills;6
6081;162;162;1;land;false;plains;4
6082;87;114;1;land;false;plains;3
6083;179;179;1;land;false;hills;6
6084;120;209;1;land;false;plains;6
6085;126;205;1;land;false;plains;6
6086;140;159;1;land;false;hills;6
6087;139;152;1;land;false;plains;6
6088;151;157;1;land;false;plains;6
6089;174;153;1;land;false;mountain;6
6090;155;152;1;land;false;hills;6
6091;135;209;1;land;false;plains;6
6092;127;249;1;land;true;hills;7
6093;133;187;1;land;true;forest;7
6094;101;241;1;land;true;plains;7
6095;76;240;1;land;true;plains;7
6096;85;168;1;land;true;plains;7
6097;140;192;1;land;false;plains;7
6098;185;181;1;land;true;forest;7
6099;154;233;1;land;false;plains;7
6100;203;218;1;land;false;plains;7
6101;151;238;1;land;false;plains;7
6102;164;184;1;land;false;plains;7
6103;159;230;1;land;false;plains;7
6104;121;149;1;land;false;forest;6
6105;143;143;1;land;false;desert;6
6106;136;140;1;land;false;desert;6
6107;187;102;1;land;false;urban;6
6108;112;153;1;land;false;plains;6
6109;172;126;1;land;false;plains;6
6110;171;111;1;land;false;plains;6
6111;161;105;1;land;false;desert;6
6112;187;126;1;land;false;desert;6
6113;187;100;1;land;false;plains;6
6114;154;129;1;land;false;desert;6
6115;169;163;1;land;false;plains;6
6116;113;136;1;land;false;urban;6
6117;119;96;1;land;false;forest;6
6118;159;109;1;land;false;desert;6
6119;118;138;1;land;false;urban;6
6120;173;102;1;land;false;urban;6
6121;144;144;1;land;false;plains;6
6122;170;215;1;land;true;plains;6
6123;163;45;1;land;false;forest;4
6124;153;43;1;land;false;forest;4
6125;234;195;1;land;false;forest;7
6126;206;152;1;land;false;forest;7
6127;251;163;1;land;false;plains;7
6128;217;158;1;land;false;plains;7
6129;134;81;1;land;false;forest;6
6130;141;38;1;land;true;plains;6
6131;164;63;1;land;false;forest;6
6132;200;157;1;land;true;plains;6
6133;150;235;1;land;false;forest;3
6134;107;247;1;land;false;plains;3
6135;181;234;1;land;false;plains;3
6136;137;232;1;land;false;hills;3
6137;112;198;1;land;false;plains;3
6138;141;241;1;land;false;mountain;3
6139;106;234;1;land;true;forest;3
6140;123;208;1;land;true;plains;3
6141;172;217;1;land;false;plains;3
6142;142;228;1;land;false;forest;3
6143;154;213;1;land;false;plains;3
6144;164;198;1;land;false;plains;3
6145;139;253;1;land;false;plains;3
6146;115;189;1;land;false;plains;3
6147;133;244;1;land;false;mountain;3
6148;162;249;1;land;false;forest;3
6149;165;81;1;land;false;forest;7
6150;168;18;1;land;false;plains;7
6151;148;79;1;land;false;plains;7
6152;154;49;1;land;false;plains;7
6153;210;70;1;land;false;hills;7
6154;137;41;1;land;false;plains;7
6155;196;27;1;land;false;plains;7
6156;206;54;1;land;false;forest;7
6157;187;75;1;land;false;plains;7
6158;197;47;1;land;false;plains;7
6159;147;81;1;land;false;plains;7
6160;158;58;1;land;false;hills;7
6161;145;92;1;land;false;forest;7
6162;171;31;1;land;false;forest;7
6163;182;60;1;land;false;plains;7
6164;208;36;1;land;false;plains;7
6165;213;61;1;land;false;plains;7
6166;208;64;1;land;false;plains;7
6167;150;34;1;land;false;plains;7
6168;216;52;1;land;false;plains;7
6169;167;53;1;land;false;forest;7
6170;152;49;1;land;false;plains;7
6171;194;47;1;land;false;plains;7
6172;165;18;1;land;false;plains;7
6173;176;76;1;land;false;plains;7
6174;139;28;1;land;false;plains;7
6175;194;46;1;land;false;plains;7
6176;181;80;1;land;false;hills;7
6177;160;43;1;land;false;plains;7
6178;186;72;1;land;false;forest;7
6179;167;73;1;land;false;hills;7
6180;184;29;1;land;false;forest;7
6181;163;62;1;land;false;plains;7
6182;155;90;1;land;false;forest;7
6183;202;87;1;land;false;plains;7
6184;188;43;1;land;false;plains;7
6185;152;70;1;land;false;plains;7
6186;150;53;1;land;false;plains;7
6187;153;93;1;land;false;plains;7
6188;215;67;1;land;false;forest;7
6189;105;184;1;land;false;forest;7
6190;47;158;1;land;false;forest;7
6191;108;118;1;land;false;plains;7
6192;35;119;1;land;false;forest;7
6193;83;160;1;land;false;hills;7
6194;85;185;1;land;false;forest;7
6195;57;120;1;land;false;forest;7
6196;44;118;1;land;false;forest;7
6197;50;151;1;land;false;plains;7
6198;110;176;1;land;false;forest;7
6199;47;131;1;land;false;plains;7
6200;62;177;1;land;false;forest;7
6201;50;187;1;land;false;forest;7
6202;89;129;1;land;false;forest;7
6203;110;130;1;land;false;plains;7
6204;95;157;1;land;false;forest;7
6205;49;136;1;land;false;forest;7
6206;75;194;1;land;false;forest;7
6207;59;138;1;land;false;forest;7
6208;112;136;1;land;false;plains;7
6209;88;151;1;land;false;plains;7
6210;52;181;1;land;false;forest;7
6211;122;167;1;land;true;plains;6
6212;91;180;1;land;true;plains;6
6213;132;179;1;land;true;plains;6
6214;96;211;1;land;false;plains;6
6215;109;153;1;land;true;plains;6
6216;103;213;1;land;true;plains;6
6217;130;213;1;land;false;plains;6
6218;69;129;1;land;true;hills;7
6219;155;88;1;land;true;forest;7
6220;94;80;1;land;false;mountain;6
6221;38;77;1;land;false;mountain;6
6222;72;93;1;land;false;hills;6
6223;89;35;1;land;false;mountain;6
6224;80;19;1;land;false;mountain;6
6225;77;101;1;land;true;plains;7
6226;141;43;1;land;false;plains;6
6227;92;94;1;land;false;plains;6
6228;125;97;1;land;false;plains;6
6229;79;25;1;land;false;plains;6
6230;122;29;1;land;false;plains;6
6231;149;62;1;land;false;plains;6
6232;166;221;1;land;false;hills;7
6233;237;215;1;land;false;forest;7
6234;185;225;1;land;false;plains;7
6235;162;161;1;land;false;forest;7
6236;216;193;1;land;false;plains;7
6237;221;180;1;land;false;plains;7
6238;214;203;1;land;false;plains;7
6239;226;153;1;land;false;plains;7
6240;225;201;1;land;false;hills;7
6241;183;212;1;land;false;plains;7
6242;170;210;1;land;false;plains;7
6243;227;221;1;land;false;mountain;7
6244;184;105;1;land;false;plains;6
6245;210;134;1;land;false;plains;7
6246;250;94;1;land;false;plains;7
6247;230;122;1;land;false;plains;7
6248;209;126;1;land;false;plains;7
6249;200;118;1;land;false;plains;7
6250;198;97;1;land;false;forest;7
6251;133;114;1;land;false;forest;7
6252;171;78;1;land;false;plains;6
6253;179;103;1;land;true;plains;6
6254;147;102;1;land;true;plains;6
6255;174;86;1;land;true;plains;6
6256;199;56;1;land;false;hills;6
6257;135;52;1;land;false;plains;6
6258;202;95;1;land;true;hills;6
6259;140;56;1;land;false;hills;6
6260;157;99;1;land;false;plains;6
6261;143;107;1;land;true;plains;6
6262;210;110;1;land;false;plains;6
6263;169;84;1;land;false;hills;6
6264;157;120;1;land;false;hills;6
6265;192;53;1;land;true;plains;6
6266;143;103;1;land;true;plains;6
6267;178;103;1;land;false;plains;6
6268;137;117;1;land;false;plains;6
6269;138;141;1;land;false;plains;6
6270;106;112;1;land;true;plains;3
6271;128;175;1;land;true;plains;3
6272;169;140;1;land;false;plains;6
6273;241;177;1;land;false;plains;6
6274;187;120;1;land;true;hills;6
6275;208;127;1;land;false;plains;6
6276;129;98;1;land;false;plains;6
6277;84;110;1;land;false;plains;6
6278;144;53;1;land;false;forest;6
6279;85;58;1;land;false;plains;6
6280;121;111;1;land;false;hills;6
6281;147;132;1;land;false;forest;7
6282;169;144;1;land;false;forest;7
6283;160;140;1;land;false;forest;7
6284;195;136;1;land;false;plains;7
6285;148;103;1;land;false;forest;7
6286;143;114;1;land;false;plains;7
6287;125;111;1;land;false;hills;6
6288;126;109;1;land;false;hills;6
6289;80;67;1;land;false;plains;6
6290;73;71;1;land;false;plains;6
6291;59;58;1;land;false;plains;6
6292;57;96;1;land;false;plains;6
6293;49;172;1;land;false;hills;7
6294;53;160;1;land;false;plains;7
6295;27;134;1;land;false;mountain;7
6296;38;116;1;land;false;hills;7
6297;3;165;1;land;false;hills;7
6298;48;121;1;land;false;forest;7
6299;22;177;1;land;false;plains;7
6300;25;51;1;land;true;forest;3
6301;27;43;1;land;true;forest;3
6302;42;18;1;land;true;forest;3
6303;52;48;1;land;true;forest;3
6304;83;1;1;land;false;forest;6
6305;157;247;1;land;true;plains;6
6306;196;206;1;land;false;plains;6
6307;167;204;1;land;false;hills;7
6308;120;201;1;land;false;mountain;7
6309;160;194;1;land;false;hills;7
6310;132;193;1;land;false;mountain;7
6311;116;212;1;land;false;hills;7
6312;154;181;1;land;false;mountain;7
6313;100;216;1;land;false;plains;7
6314;110;221;1;land;false;hills;7
6315;154;119;1;land;false;forest;7
6316;172;109;1;land;false;forest;7
6317;166;96;1;land;false;forest;7
6318;210;140;1;land;false;forest;7
6319;179;159;1;land;true;plains;7
6320;136;94;1;land;false;forest;7
6321;108;129;1;land;false;forest;7
6322;66;127;1;land;false;forest;7
6323;191;122;1;land;false;plains;4
6324;214;109;1;land;false;plains;4
6325;106;68;1;land;false;plains;6
6326;35;94;1;land;false;plains;6
6327;105;44;1;land;false;plains;6
6328;71;104;1;land;false;plains;6
6329;86;42;1;land;false;plains;6
6330;103;38;1;land;false;plains;6
6331;159;89;1;land;false;jungle;4
6332;183;128;1;land;false;jungle;4
6333;158;85;1;land;false;plains;4
6334;149;93;1;land;false;forest;4
6335;220;133;1;land;false;jungle;4
6336;204;100;1;land;false;forest;4
6337;210;101;1;land;false;forest;4
6338;204;142;1;land;false;forest;4
6339;224;155;1;land;false;forest;4
6340;153;151;1;land;false;jungle;4
6341;157;109;1;land;false;forest;4
6342;14;155;1;land;false;plains;6
6343;64;120;1;land;false;plains;6
6344;73;102;1;land;false;plains;6
6345;13;79;1;land;false;plains;6
6346;63;138;1;land;false;plains;6
6347;72;100;1;land;false;plains;6
6348;9;89;1;land;false;plains;6
6349;43;138;1;land;false;plains;6
6350;202;99;1;land;false;jungle;4
6351;204;96;1;land;false;plains;4
6352;148;109;1;land;false;plains;4
6353;140;39;1;land;false;hills;4
6354;162;33;1;land;false;jungle;4
6355;145;76;1;land;false;jungle;4
6356;134;54;1;land;false;jungle;4
6357;176;246;1;land;false;forest;7
6358;147;249;1;land;false;plains;7
6359;164;248;1;land;false;plains;7
6360;182;220;1;land;false;forest;7
6361;132;254;1;land;false;plains;7
6362;166;235;1;land;false;plains;7
6363;138;216;1;land;false;plains;7
6364;194;228;1;land;false;plains;7
6365;151;209;1;land;false;forest;7
6366;195;241;1;land;false;forest;7
6367;139;223;1;land;false;forest;7
6368;186;251;1;land;false;plains;7
6369;141;250;1;land;false;plains;7
6370;161;213;1;land;false;plains;7
6371;239;199;1;land;true;plains;6
6372;124;70;1;land;false;plains;6
6373;93;61;1;land;false;plains;6
6374;132;91;1;land;false;plains;6
6375;145;98;1;land;false;plains;6
6376;115;72;1;land;false;plains;6
6377;110;30;1;land;false;plains;6
6378;114;57;1;land;false;plains;6
6379;122;42;1;land;false;plains;6
6380;150;35;1;land;false;plains;6
6381;152;34;1;land;false;plains;6
6382;102;43;1;land;false;plains;6
6383;103;26;1;land;false;plains;6
6384;140;72;1;land;false;plains;6
6385;77;30;1;land;false;plains;6
6386;49;64;1;land;false;forest;4
6387;30;117;1;land;false;forest;4
6388;16;81;1;land;false;forest;4
6389;136;13;1;land;true;jungle;7
6390;145;25;1;land;true;plains;7
6391;181;64;1;land;true;jungle;7
6392;187;49;1;land;true;forest;7
6393;134;35;1;land;false;jungle;7
6394;185;29;1;land;false;forest;7
6395;143;50;1;land;true;jungle;7
6396;175;19;1;land;true;plains;7
6397;100;166;1;land;false;plains;6
6398;59;172;1;land;false;plains;6
6399;71;165;1;land;false;plains;6
6400;109;134;1;land;false;plains;6
6401;63;116;1;land;false;plains;6
6402;76;161;1;land;false;hills;6
6403;79;96;1;land;false;plains;6
6404;71;119;1;land;false;plains;6
6405;83;170;1;land;false;plains;6
6406;139;151;1;land;false;plains;6
6407;108;170;1;land;false;forest;6
6408;183;186;1;land;false;plains;6
6409;163;91;1;land;false;forest;6
6410;150;32;1;land;false;plains;6
6411;141;130;1;land;false;forest;7
6412;79;177;1;land;true;plains;7
6413;113;157;1;land;false;plains;7
6414;130;129;1;land;false;plains;7
6415;75;112;1;land;false;plains;7
6416;133;127;1;land;false;plains;7
6417;142;126;1;land;false;urban;7
6418;90;188;1;land;false;plains;7
6419;72;142;1;land;false;plains;7
6420;145;170;1;land;false;forest;7
6421;149;119;1;land;false;hills;4
6422;79;171;1;land;false;plains;4
6423;203;126;1;land;false;plains;3
6424;201;129;1;land;true;plains;3
6425;195;129;1;land;true;plains;3
6426;162;183;1;land;true;plains;3
6427;141;149;1;land;true;plains;3
6428;204;169;1;land;true;plains;3
6429;213;128;1;land;false;plains;3
6430;177;137;1;land;true;plains;3
6431;210;168;1;land;true;urban;3
6432;165;121;1;land;true;plains;3
6433;184;163;1;land;true;plains;3
6434;165;128;1;land;true;plains;3
6435;159;174;1;land;true;plains;3
6436;178;185;1;land;true;plains;3
6437;172;136;1;land;true;hills;3
6438;207;122;1;land;true;plains;3
6439;204;196;1;land;true;plains;3
6440;176;140;1;land;true;plains;3
6441;208;132;1;land;true;plains;3
6442;85;131;1;land;true;plains;1
6443;120;175;1;land;true;plains;1
6444;73;171;1;land;false;plains;6
6445;97;198;1;land;false;plains;6
6446;43;152;1;land;false;plains;6
6447;75;166;1;land;false;hills;6
6448;44;210;1;land;false;plains;6
6449;36;158;1;land;false;plains;6
6450;73;173;1;land;false;plains;6
6451;54;201;1;land;false;hills;6
6452;95;174;1;land;false;plains;6
6453;78;158;1;land;false;plains;6
6454;49;164;1;land;false;plains;6
6455;82;170;1;land;false;hills;6
6456;36;222;1;land;false;plains;6
6457;70;165;1;land;false;hills;6
6458;65;156;1;land;false;hills;6
6459;68;68;1;land;false;plains;7
6460;67;93;1;land;false;hills;7
6461;66;69;1;land;false;plains;7
6462;95;70;1;land;false;plains;7
6463;94;123;1;land;false;hills;7
6464;156;91;1;land;true;hills;7
6465;124;109;1;land;true;hills;7
6466;138;77;1;land;false;mountain;7
6467;107;76;1;land;true;hills;7
6468;85;60;1;land;false;mountain;7
6469;131;130;1;land;true;hills;7
6470;104;64;1;land;false;mountain;7
6471;161;69;1;land;true;hills;7
6472;172;216;1;land;false;plains;6
6473;44;164;1;land;false;plains;7
6474;109;148;1;land;false;forest;7
6475;84;147;1;land;false;forest;7
6476;72;126;1;land;false;plains;7
6477;91;151;1;land;false;forest;7
6478;107;187;1;land;false;plains;7
6479;233;90;1;land;false;plains;2
6480;230;165;1;land;false;plains;2
6481;76;87;1;land;false;plains;7
6482;137;60;1;land;false;plains;7
6483;97;94;1;land;false;plains;7
6484;107;208;1;land;false;forest;7
6485;110;239;1;land;false;hills;7
6486;212;209;1;land;true;plains;7
6487;124;193;1;land;false;plains;7
6488;189;186;1;land;false;mountain;7
6489;153;204;1;land;false;plains;7
6490;138;238;1;land;false;plains;7
6491;187;185;1;land;false;plains;7
6492;149;232;1;land;false;plains;7
6493;170;172;1;land;false;plains;7
6494;180;193;1;land;false;desert;7
6495;170;176;1;land;false;plains;7
6496;141;178;1;land;false;plains;7
6497;186;190;1;land;false;plains;7
6498;173;238;1;land;false;plains;7
6499;160;167;1;land;false;hills;7
6500;199;243;1;land;false;plains;7
6501;193;183;1;land;false;plains;7
6502;179;191;1;land;false;plains;7
6503;128;238;1;land;false;mountain;7
6504;185;189;1;land;false;hills;7
6505;133;191;1;land;false;plains;7
6506;138;213;1;land;false;plains;7
6507;181;196;1;land;false;plains;7
6508;134;184;1;land;false;hills;7
6509;128;211;1;land;false;plains;7
6510;144;204;1;land;false;plains;7
6511;188;69;1;land;false;plains;6
6512;151;91;1;land;false;plains;6
6513;165;65;1;land;false;plains;6
6514;178;106;1;land;true;plains;6
6515;167;117;1;land;false;plains;6
6516;162;91;1;land;true;plains;6
6517;247;76;1;land;true;plains;6
6518;139;126;1;land;false;forest;4
6519;152;80;1;land;false;forest;4
6520;139;74;1;land;false;forest;4
6521;117;185;1;land;true;plains;2
6522;116;102;1;land;false;plains;6
6523;141;53;1;land;false;plains;6
6524;138;92;1;land;false;plains;6
6525;110;73;1;land;true;hills;6
6526;117;137;1;land;true;desert;6
6527;82;172;1;land;false;desert;6
6528;98;111;1;land;false;plains;6
6529;50;83;1;land;false;hills;6
6530;46;91;1;land;false;plains;6
6531;70;114;1;land;false;plains;6
6532;118;108;1;land;false;plains;6
6533;79;68;1;land;false;plains;6
6534;111;87;1;land;false;plains;6
6535;78;78;1;land;false;plains;6
6536;167;176;1;land;false;plains;3
6537;209;245;1;land;true;plains;3
6538;218;217;1;land;false;plains;3
6539;149;231;1;land;true;plains;3
6540;164;167;1;land;false;plains;7
6541;145;167;1;land;false;plains;7
6542;176;166;1;land;false;plains;7
6543;125;161;1;land;false;plains;7
6544;107;158;1;land;false;plains;7
6545;147;213;1;land;false;plains;7
6546;161;191;1;land;false;plains;7
6547;168;145;1;land;false;plains;7
6548;168;170;1;land;false;plains;7
6549;163;123;1;land;false;plains;7
6550;214;151;1;land;false;plains;7
6551;176;132;1;land;false;plains;7
6552;201;146;1;land;false;plains;7
6553;214;139;1;land;false;plains;7
6554;207;124;1;land;false;urban;7
6555;165;118;1;land;false;plains;7
6556;203;123;1;land;false;plains;7
6557;177;112;1;land;false;plains;7
6558;231;156;1;land;false;plains;7
6559;225;114;1;land;false;plains;7
6560;166;121;1;land;false;plains;7
6561;213;170;1;land;false;plains;7
6562;212;173;1;land;false;plains;7
6563;206;96;1;land;false;forest;7
6564;206;167;1;land;false;plains;7
6565;163;101;1;land;false;plains;7
6566;213;173;1;land;false;plains;7
6567;159;146;1;land;false;forest;7
6568;210;131;1;land;false;plains;7
6569;219;151;1;land;false;plains;7
6570;207;206;1;land;false;plains;6
6571;83;7;1;land;false;plains;4
6572;81;206;1;land;false;plains;7
6573;100;244;1;land;false;plains;7
6574;58;226;1;land;false;plains;7
6575;66;141;1;land;true;plains;3
6576;239;205;1;land;false;plains;6
6577;115;107;1;land;false;desert;6
6578;127;105;1;land;false;desert;6
6579;199;111;1;land;false;plains;7
6580;79;114;1;land;false;forest;6
6581;185;119;1;land;false;plains;6
6582;194;102;1;land;false;plains;6
6583;156;111;1;land;true;plains;6
6584;203;102;1;land;true;plains;6
6585;36;56;1;land;true;mountain;7
6586;24;49;1;land;true;mountain;7
6587;41;32;1;land;true;hills;7
6588;62;21;1;land;false;mountain;7
6589;15;36;1;land;false;hills;7
6590;56;53;1;land;false;hills;7
6591;24;24;1;land;false;mountain;7
6592;36;23;1;land;false;mountain;7
6593;49;92;1;land;false;mountain;7
6594;14;66;1;land;false;mountain;7
6595;50;36;1;land;false;mountain;7
6596;27;52;1;land;true;mountain;7
6597;57;30;1;land;true;mountain;7
6598;54;49;1;land;false;mountain;7
6599;46;19;1;land;true;mountain;7
6600;60;67;1;land;false;mountain;7
6601;57;62;1;land;false;mountain;7
6602;139;17;1;land;false;jungle;7
6603;125;49;1;land;false;plains;7
6604;121;30;1;land;false;jungle;7
6605;158;27;1;land;false;jungle;7
6606;121;15;1;land;false;plains;7
6607;132;53;1;land;false;plains;7
6608;135;27;1;land;false;plains;7
6609;135;13;1;land;false;jungle;7
6610;187;1;1;land;false;jungle;7
6611;154;44;1;land;false;urban;7
6612;170;54;1;land;false;jungle;7
6613;144;49;1;land;false;plains;7
6614;135;38;1;land;false;plains;7
6615;193;20;1;land;false;plains;7
6616;181;49;1;land;false;urban;7
6617;151;0;1;land;false;plains;7
6618;161;49;1;land;false;forest;7
6619;128;17;1;land;false;plains;7
6620;199;35;1;land;false;plains;7
6621;196;21;1;land;false;jungle;7
6622;91;5;1;land;false;desert;6
6623;69;49;1;land;false;forest;6
6624;121;1;1;land;false;forest;6
6625;85;34;1;land;false;desert;6
6626;72;39;1;land;false;forest;6
6627;85;0;1;land;false;forest;6
6628;38;157;1;land;false;plains;6
6629;16;168;1;land;false;plains;6
6630;48;189;1;land;false;plains;6
6631;40;182;1;land;false;plains;6
6632;184;84;1;land;false;plains;7
6633;178;71;1;land;false;urban;7
6634;90;99;1;land;true;hills;4
6635;62;86;1;land;true;plains;4
6636;104;115;1;land;true;plains;4
6637;41;125;1;land;false;hills;4
6638;134;1;1;land;false;hills;7
6639;118;100;1;land;true;plains;6
6640;117;122;1;land;true;plains;6
6641;116;85;1;land;false;plains;6
6642;76;111;1;land;false;plains;6
6643;60;145;1;land;true;hills;6
6644;78;107;1;land;false;plains;6
6645;121;125;1;land;false;forest;7
6646;154;124;1;land;false;forest;7
6647;89;115;1;land;false;forest;7
6648;128;182;1;land;false;forest;7
6649;109;132;1;land;false;forest;7
6650;128;136;1;land;false;hills;7
6651;169;219;1;land;false;forest;7
6652;176;197;1;land;false;forest;7
6653;150;251;1;land;false;plains;7
6654;163;211;1;land;false;forest;7
6655;32;70;1;land;true;forest;6
6656;81;47;1;land;true;plains;6
6657;44;109;1;land;true;forest;6
6658;146;180;1;land;true;plains;7
6659;158;186;1;land;false;plains;6
6660;25;104;1;land;true;hills;7
6661;8;107;1;land;true;hills;7
6662;8;68;1;land;true;forest;7
6663;7;98;1;land;true;hills;7
6664;42;51;1;land;true;hills;7
6665;82;41;1;land;true;hills;7
6666;49;95;1;land;true;hills;7
6667;64;76;1;land;false;mountain;7
6668;72;25;1;land;false;forest;7
6669;107;84;1;land;false;jungle;7
6670;114;26;1;land;true;mountain;7
6671;106;41;1;land;false;jungle;7
6672;55;77;1;land;false;mountain;7
6673;168;151;1;land;false;plains;6
6674;136;163;1;land;false;plains;3
6675;115;175;1;land;true;plains;3
6676;152;142;1;land;true;plains;3
6677;171;129;1;land;true;forest;3
6678;161;143;1;land;true;forest;3
6679;153;179;1;land;true;plains;3
6680;176;157;1;land;true;forest;3
6681;106;187;1;land;true;plains;3
6682;129;45;1;land;false;plains;4
6683;156;20;1;land;false;plains;4
6684;98;155;1;land;true;plains;6
6685;95;159;1;land;true;plains;6
6686;98;138;1;land;true;plains;6
6687;155;198;1;land;true;plains;6
6688;148;173;1;land;true;plains;6
6689;94;154;1;land;true;forest;6
6690;139;190;1;land;false;plains;6
6691;184;195;1;land;false;forest;7
6692;166;142;1;land;false;plains;7
6693;118;152;1;land;false;plains;7
6694;165;126;1;land;false;plains;7
6695;143;152;1;land;false;plains;7
6696;174;165;1;land;false;plains;7
6697;163;194;1;land;false;forest;7
6698;170;130;1;land;false;forest;7
6699;154;160;1;land;false;forest;7
6700;141;164;1;land;false;hills;7
6701;182;142;1;land;false;hills;7
6702;158;159;1;land;false;forest;7
6703;91;90;1;land;false;plains;7
6704;83;90;1;land;false;plains;7
6705;120;159;1;land;false;forest;4
6706;127;167;1;land;false;forest;4
6707;111;186;1;land;false;hills;4
6708;100;176;1;land;false;plains;4
6709;119;187;1;land;false;hills;4
6710;81;168;1;land;false;plains;4
6711;127;139;1;land;false;hills;7
6712;52;163;1;land;false;forest;7
6713;103;202;1;land;false;forest;7
6714;118;174;1;land;false;forest;7
6715;71;204;1;land;false;forest;7
6716;78;197;1;land;false;forest;7
6717;76;202;1;land;false;forest;7
6718;92;203;1;land;false;forest;7
6719;126;159;1;land;false;hills;7
6720;84;162;1;land;false;forest;7
6721;51;143;1;land;false;forest;7
6722;67;144;1;land;false;plains;7
6723;79;157;1;land;true;plains;7
6724;179;75;1;land;false;mountain;7
6725;199;64;1;land;false;hills;7
6726;170;72;1;land;false;mountain;7
6727;223;78;1;land;false;forest;7
6728;217;114;1;land;false;hills;7
6729;216;69;1;land;false;hills;7
6730;162;62;1;land;false;forest;7
6731;187;101;1;land;false;mountain;7
6732;226;128;1;land;false;forest;7
6733;161;73;1;land;false;hills;7
6734;101;149;1;land;false;plains;6
6735;86;150;1;land;false;plains;6
6736;155;111;1;land;false;hills;6
6737;87;163;1;land;false;forest;6
6738;128;108;1;land;false;forest;6
6739;143;161;1;land;false;plains;6
6740;126;165;1;land;false;hills;6
6741;88;146;1;land;false;plains;6
6742;127;123;1;land;false;forest;6
6743;146;181;1;land;false;plains;6
6744;162;140;1;land;false;plains;6
6745;111;181;1;land;false;plains;6
6746;116;154;1;land;false;forest;6
6747;105;106;1;land;false;forest;6
6748;126;125;1;land;false;plains;6
6749;145;119;1;land;false;plains;6
6750;122;157;1;land;false;plains;6
6751;254;215;1;land;true;forest;7
6752;245;235;1;land;true;forest;7
6753;235;205;1;land;true;forest;7
6754;217;250;1;land;false;forest;7
6755;214;242;1;land;true;plains;7
6756;246;251;1;land;true;urban;7
6757;254;204;1;land;false;forest;7
6758;250;243;1;land;false;urban;7
6759;226;250;1;land;false;forest;7
6760;209;232;1;land;false;forest;7
6761;236;209;1;land;false;forest;7
6762;238;224;1;land;true;forest;7
6763;233;247;1;land;true;plains;7
6764;224;217;1;land;true;forest;7
6765;253;202;1;land;true;plains;7
6766;221;247;1;land;false;forest;7
6767;228;238;1;land;true;forest;7
6768;226;221;1;land;false;forest;7
6769;226;208;1;land;true;forest;7
6770;249;232;1;land;false;forest;7
6771;234;236;1;land;false;urban;7
6772;239;212;1;land;true;forest;7
6773;220;249;1;land;true;hills;7
6774;249;235;1;land;false;forest;7
6775;109;80;1;land;false;plains;6
6776;126;43;1;land;false;plains;6
6777;99;76;1;land;false;plains;6
6778;139;83;1;land;false;plains;6
6779;151;44;1;land;false;plains;6
6780;126;58;1;land;false;plains;6
6781;150;39;1;land;false;plains;6
6782;134;40;1;land;false;plains;6
6783;88;64;1;land;false;plains;6
6784;88;90;1;land;false;plains;6
6785;122;235;1;land;true;plains;6
6786;120;247;1;land;true;plains;6
6787;196;145;1;land;false;mountain;7
6788;182;84;1;land;false;plains;7
6789;193;97;1;land;false;plains;7
6790;179;137;1;land;false;hills;7
6791;129;139;1;land;false;hills;7
6792;179;145;1;land;false;plains;7
6793;135;156;1;land;false;plains;7
6794;154;161;1;land;false;hills;7
6795;190;104;1;land;false;hills;7
6796;170;157;1;land;false;plains;7
6797;186;104;1;land;false;plains;7
6798;166;119;1;land;false;plains;7
6799;201;90;1;land;false;hills;7
6800;109;144;1;land;false;plains;7
6801;131;123;1;land;false;forest;7
6802;148;171;1;land;false;plains;7
6803;147;144;1;land;false;plains;7
6804;161;125;1;land;false;plains;7
6805;160;128;1;land;false;forest;7
6806;122;128;1;land;false;plains;7
6807;117;199;1;land;false;plains;7
6808;19;107;1;land;false;plains;7
6809;25;63;1;land;false;plains;7
6810;31;69;1;land;true;plains;7
6811;21;91;1;land;true;plains;7
6812;36;97;1;land;false;plains;7
6813;7;126;1;land;false;plains;7
6814;212;190;1;land;false;hills;7
6815;126;230;1;land;false;plains;6
6816;99;155;1;land;false;plains;6
6817;157;222;1;land;false;plains;6
6818;105;180;1;land;true;plains;6
6819;116;214;1;land;true;plains;6
6820;115;228;1;land;true;plains;6
6821;163;158;1;land;false;plains;6
6822;182;108;1;land;false;forest;7
6823;124;154;1;land;false;forest;7
6824;189;156;1;land;false;forest;7
6825;150;179;1;land;false;forest;7
6826;170;126;1;land;false;forest;7
6827;186;110;1;land;false;plains;7
6828;122;186;1;land;false;forest;7
6829;121;170;1;land;false;forest;7
6830;139;140;1;land;false;forest;7
6831;181;174;1;land;false;forest;7
6832;141;125;1;land;false;forest;7
6833;135;168;1;land;false;forest;7
6834;185;115;1;land;false;forest;7
6835;127;147;1;land;false;forest;7
6836;141;172;1;land;false;forest;7
6837;183;138;1;land;false;forest;7
6838;182;109;1;land;false;forest;7
6839;135;114;1;land;false;forest;7
6840;185;147;1;land;false;forest;7
6841;189;111;1;land;false;forest;7
6842;138;123;1;land;false;forest;7
6843;121;135;1;land;false;forest;7
6844;189;167;1;land;false;forest;7
6845;132;166;1;land;false;forest;7
6846;163;140;1;land;false;forest;7
6847;169;138;1;land;false;forest;7
6848;183;169;1;land;false;forest;7
6849;128;118;1;land;false;plains;7
6850;170;113;1;land;false;forest;7
6851;169;115;1;land;false;forest;7
6852;131;210;1;land;true;plains;6
6853;142;221;1;land;false;desert;6
6854;131;170;1;land;false;desert;6
6855;174;138;1;land;true;plains;7
6856;41;96;1;land;true;plains;2
6857;120;61;1;land;false;forest;7
6858;158;57;1;land;false;forest;7
6859;159;97;1;land;false;forest;7
6860;129;87;1;land;false;forest;7
6861;152;95;1;land;false;forest;7
6862;108;93;1;land;false;forest;7
6863;105;142;1;land;false;desert;7
6864;150;185;1;land;false;plains;7
6865;140;218;1;land;false;desert;7
6866;168;209;1;land;false;plains;7
6867;114;171;1;land;false;desert;7
6868;104;211;1;land;false;desert;7
6869;158;187;1;land;false;plains;7
6870;136;199;1;land;false;plains;7
6871;82;143;1;land;false;mountain;7
6872;92;135;1;land;false;mountain;7
6873;92;144;1;land;false;mountain;7
6874;45;84;1;land;false;hills;7
6875;108;78;1;land;false;hills;7
6876;65;101;1;land;false;hills;7
6877;47;133;1;land;false;plains;7
6878;44;100;1;land;false;mountain;7
6879;91;138;1;land;false;mountain;7
6880;103;87;1;land;false;hills;7
6881;51;149;1;land;false;plains;7
6882;70;127;1;land;false;mountain;7
6883;74;86;1;land;false;hills;7
6884;68;143;1;land;false;plains;7
6885;56;97;1;land;false;hills;7
6886;46;103;1;land;false;hills;7
6887;93;145;1;land;false;hills;7
6888;100;84;1;land;false;mountain;7
6889;112;127;1;land;false;hills;7
6890;56;148;1;land;false;plains;7
6891;75;70;1;land;false;mountain;4
6892;40;115;1;land;false;hills;4
6893;99;75;1;land;false;mountain;4
6894;78;117;1;land;false;mountain;4
6895;79;89;1;land;false;mountain;4
6896;82;61;1;land;false;hills;4
6897;38;114;1;land;false;hills;4
6898;115;114;1;land;false;mountain;6
6899;55;153;1;land;true;jungle;4
6900;189;201;1;land;true;hills;6
6901;173;94;1;land;false;plains;4
6902;94;151;1;land;false;forest;6
6903;132;71;1;land;false;forest;4
6904;110;70;1;land;false;forest;4
6905;146;89;1;land;false;forest;4
6906;157;117;1;land;false;forest;4
6907;96;206;1;land;false;plains;6
6908;141;202;1;land;false;plains;6
6909;93;148;1;land;true;desert;7
6910;108;101;1;land;false;plains;7
6911;63;137;1;land;true;plains;7
6912;68;164;1;land;true;plains;7
6913;86;132;1;land;true;plains;7
6914;49;72;1;land;false;hills;4
6915;89;125;1;land;false;plains;4
6916;73;82;1;land;true;mountain;4
6917;13;98;1;land;true;hills;4
6918;81;59;1;land;false;hills;4
6919;238;67;1;land;false;plains;4
6920;166;14;1;land;false;plains;4
6921;208;21;1;land;false;plains;4
6922;196;6;1;land;false;plains;4
6923;198;17;1;land;false;plains;4
6924;198;36;1;land;false;plains;4
6925;169;48;1;land;true;plains;4
6926;236;39;1;land;false;plains;4
6927;189;72;1;land;false;plains;4
6928;206;17;1;land;false;plains;4
6929;195;74;1;land;false;plains;4
6930;86;55;1;land;false;plains;6
6931;83;59;1;land;false;hills;6
6932;115;82;1;land;false;plains;6
6933;60;109;1;land;false;plains;6
6934;56;81;1;land;false;plains;6
6935;116;106;1;land;false;plains;6
6936;107;79;1;land;false;plains;6
6937;112;90;1;land;false;plains;6
6938;104;132;1;land;false;plains;6
6939;92;64;1;land;false;plains;6
6940;63;126;1;land;false;plains;6
6941;110;89;1;land;false;plains;6
6942;83;62;1;land;false;plains;6
6943;49;89;1;land;false;plains;6
6944;124;96;1;land;false;plains;6
6945;72;75;1;land;false;plains;6
6946;76;67;1;land;false;plains;6
6947;124;105;1;land;false;plains;6
6948;71;112;1;land;false;plains;6
6949;114;101;1;land;true;hills;6
6950;114;116;1;land;false;hills;4
6951;87;118;1;land;false;plains;4
6952;115;149;1;land;false;plains;7
6953;167;50;1;land;false;plains;4
6954;114;73;1;land;false;forest;4
6955;170;99;1;land;false;forest;4
6956;147;72;1;land;false;forest;4
6957;139;63;1;land;false;forest;4
6958;128;65;1;land;false;plains;4
6959;167;86;1;land;false;plains;4
6960;128;52;1;land;false;forest;4
6961;232;172;1;land;false;plains;6
6962;245;193;1;land;true;plains;6
6963;244;161;1;land;false;urban;6
6964;233;175;1;land;false;hills;6
6965;242;214;1;land;true;plains;6
6966;220;168;1;land;false;plains;6
6967;194;161;1;land;true;urban;6
6968;250;181;1;land;false;hills;6
6969;81;104;1;land;true;plains;4
6970;134;66;1;land;true;plains;4
6971;122;250;1;land;false;plains;6
6972;189;238;1;land;false;plains;6
6973;93;199;1;land;false;plains;7
6974;99;151;1;land;false;plains;7
6975;79;131;1;land;false;plains;7
6976;122;206;1;land;false;plains;7
6977;109;152;1;land;false;plains;7
6978;112;187;1;land;false;plains;7
6979;127;197;1;land;false;urban;7
6980;97;143;1;land;false;plains;7
6981;140;176;1;land;false;plains;7
6982;148;128;1;land;false;plains;7
6983;78;134;1;land;false;plains;7
6984;108;198;1;land;false;forest;7
6985;129;202;1;land;false;forest;7
6986;154;73;1;land;false;plains;4
6987;114;96;1;land;false;plains;4
6988;123;132;1;land;false;plains;4
6989;151;147;1;land;false;plains;4
6990;98;79;1;land;true;plains;4
6991;125;127;1;land;false;plains;6
6992;219;181;1;land;false;plains;7
6993;234;191;1;land;false;plains;7
6994;233;188;1;land;false;plains;7
6995;224;183;1;land;false;urban;7
6996;216;205;1;land;false;plains;7
6997;215;202;1;land;false;plains;7
6998;198;225;1;land;false;forest;7
6999;149;249;1;land;false;hills;7
7000;185;246;1;land;false;plains;7
7001;173;226;1;land;false;plains;7
7002;130;238;1;land;false;plains;7
7003;143;230;1;land;false;plains;7
7004;169;223;1;land;false;urban;7
7005;149;198;1;land;false;plains;7
7006;143;206;1;land;false;hills;7
7007;156;207;1;land;false;plains;7
7008;135;242;1;land;false;plains;7
7009;133;222;1;land;false;urban;7
7010;153;237;1;land;false;plains;7
7011;170;252;1;land;true;hills;2
7012;136;10;1;land;true;hills;6
7013;31;12;1;land;true;plains;6
7014;223;132;1;land;true;plains;6
7015;185;188;1;land;true;plains;6
7016;235;135;1;land;true;plains;6
7017;247;136;1;land;true;plains;6
7018;193;121;1;land;true;plains;6
7019;220;193;1;land;true;plains;6
7020;196;140;1;land;false;plains;6
7021;235;161;1;land;false;plains;6
7022;226;87;1;land;false;plains;6
7023;190;120;1;land;false;urban;6
7024;229;89;1;land;false;plains;6
7025;242;152;1;land;false;plains;6
7026;191;110;1;land;false;plains;6
7027;185;135;1;land;false;plains;6
7028;211;131;1;land;false;plains;6
7029;222;147;1;land;false;plains;6
7030;170;84;1;land;false;plains;6
7031;243;98;1;land;false;plains;6
7032;203;118;1;land;false;plains;6
7033;197;90;1;land;false;plains;6
7034;175;100;1;land;false;urban;6
7035;222;152;1;land;false;plains;6
7036;99;133;1;land;true;forest;4
7037;198;123;1;land;false;plains;7
7038;43;65;1;land;false;plains;6
7039;216;60;1;land;false;plains;6
7040;200;112;1;land;false;desert;6
7041;220;100;1;land;false;plains;6
7042;243;68;1;land;false;plains;6
7043;241;131;1;land;false;plains;6
7044;218;143;1;land;false;plains;6
7045;248;204;1;land;false;plains;6
7046;183;178;1;land;false;forest;6
7047;253;178;1;land;false;forest;6
7048;242;168;1;land;false;plains;6
7049;235;132;1;land;false;plains;6
7050;232;153;1;land;false;plains;6
7051;187;142;1;land;false;forest;6
7052;213;209;1;land;false;plains;6
7053;62;121;1;land;true;hills;7
7054;197;127;1;land;false;plains;7
7055;221;149;1;land;false;jungle;7
7056;222;116;1;land;false;plains;7
7057;98;122;1;land;false;plains;6
7058;122;127;1;land;false;plains;6
7059;94;115;1;land;false;forest;6
7060;138;114;1;land;false;forest;6
7061;154;81;1;land;false;plains;6
7062;108;70;1;land;false;plains;6
7063;149;71;1;land;false;plains;6
7064;113;106;1;land;false;forest;6
7065;83;109;1;land;false;plains;6
7066;86;95;1;land;false;plains;6
7067;113;87;1;land;false;forest;6
7068;78;100;1;land;false;plains;6
7069;80;85;1;land;false;plains;6
7070;128;164;1;land;false;hills;6
7071;138;178;1;land;false;plains;6
7072;98;188;1;land;false;forest;6
7073;135;177;1;land;false;plains;6
7074;114;138;1;land;false;forest;6
7075;212;196;1;land;true;plains;6
7076;177;215;1;land;true;plains;6
7077;154;197;1;land;true;plains;6
7078;135;49;1;land;false;forest;4
7079;105;24;1;land;false;forest;4
7080;163;53;1;land;false;plains;6
7081;191;172;1;land;true;plains;6
7082;157;185;1;land;true;plains;6
7083;190;179;1;land;true;plains;6
7084;184;203;1;land;true;plains;6
7085;191;191;1;land;false;hills;6
7086;153;170;1;land;true;plains;6
7087;187;221;1;land;false;plains;6
7088;160;213;1;land;true;plains;6
7089;222;220;1;land;true;hills;6
7090;177;213;1;land;false;hills;6
7091;183;213;1;land;false;hills;6
7092;148;170;1;land;true;hills;6
7093;154;143;1;land;true;hills;6
7094;223;195;1;land;false;plains;6
7095;173;217;1;land;true;plains;6
7096;157;176;1;land;true;hills;6
7097;169;200;1;land;true;plains;6
7098;78;54;1;land;false;plains;7
7099;44;46;1;land;false;plains;7
7100;58;77;1;land;false;plains;7
7101;49;47;1;land;false;plains;7
7102;54;25;1;land;false;desert;7
7103;20;78;1;land;false;plains;7
7104;194;136;1;land;false;hills;7
7105;184;171;1;land;false;hills;7
7106;188;113;1;land;false;hills;7
7107;4;217;1;land;false;plains;7
7108;105;203;1;land;false;mountain;7
7109;111;180;1;land;false;plains;7
7110;99;175;1;land;false;forest;7
7111;66;145;1;land;false;plains;7
7112;98;182;1;land;false;plains;7
7113;65;158;1;land;false;plains;7
7114;99;153;1;land;false;mountain;7
7115;132;153;1;land;false;plains;7
7116;107;166;1;land;false;mountain;7
7117;90;184;1;land;false;plains;7
7118;117;211;1;land;false;mountain;7
7119;135;166;1;land;false;hills;7
7120;71;216;1;land;false;mountain;7
7121;82;153;1;land;false;plains;7
7122;68;156;1;land;false;mountain;7
7123;72;203;1;land;false;plains;7
7124;212;67;1;land;false;urban;7
7125;204;80;1;land;false;forest;7
7126;177;35;1;land;false;plains;7
7127;210;68;1;land;false;forest;7
7128;172;38;1;land;false;plains;7
7129;184;69;1;land;false;jungle;7
7130;138;109;1;land;false;urban;7
7131;148;54;1;land;false;plains;7
7132;191;95;1;land;false;urban;7
7133;158;72;1;land;false;urban;7
7134;140;111;1;land;false;plains;7
7135;185;41;1;land;false;plains;7
7136;197;45;1;land;false;plains;7
7137;144;70;1;land;false;plains;7
7138;156;41;1;land;false;plains;7
7139;210;94;1;land;false;forest;7
7140;213;165;1;land;false;forest;7
7141;189;95;1;land;false;forest;7
7142;190;117;1;land;true;forest;7
7143;177;141;1;land;true;forest;7
7144;146;96;1;land;true;forest;7
7145;186;127;1;land;false;forest;7
7146;176;121;1;land;false;forest;7
7147;180;100;1;land;true;forest;7
7148;199;134;1;land;true;forest;7
7149;82;90;1;land;false;plains;2
7150;75;56;1;land;true;plains;2
7151;94;58;1;land;true;plains;2
7152;78;51;1;land;true;urban;2
7153;110;60;1;land;true;forest;2
7154;119;35;1;land;true;plains;2
7155;73;76;1;land;true;plains;2
7156;82;32;1;land;false;urban;2
7157;102;63;1;land;true;plains;2
7158;103;34;1;land;true;urban;2
7159;55;49;1;land;true;hills;2
7160;119;70;1;land;true;plains;3
7161;169;34;1;land;false;plains;7
7162;247;100;1;land;false;plains;7
7163;235;65;1;land;false;plains;7
7164;228;87;1;land;false;plains;7
7165;228;44;1;land;false;plains;7
7166;225;92;1;land;false;forest;7
7167;123;212;1;land;false;plains;7
7168;113;152;1;land;false;plains;7
7169;185;185;1;land;false;plains;6
7170;161;233;1;land;false;plains;6
7171;172;228;1;land;false;forest;6
7172;108;149;1;land;true;plains;3
7173;119;126;1;land;false;forest;4
7174;111;86;1;land;false;forest;4
7175;117;174;1;land;true;plains;6
7176;169;160;1;land;true;plains;6
7177;166;116;1;land;false;plains;6
7178;107;170;1;land;true;plains;6
7179;126;168;1;land;false;plains;6
7180;110;131;1;land;true;plains;6
7181;172;160;1;land;false;plains;6
7182;108;117;1;land;false;plains;6
7183;159;142;1;land;true;plains;6
7184;118;176;1;land;true;plains;6
7185;180;144;1;land;true;plains;6
7186;169;190;1;land;false;plains;6
7187;160;132;1;land;true;hills;6
7188;119;169;1;land;true;plains;6
7189;144;127;1;land;false;plains;6
7190;84;122;1;land;true;hills;4
7191;22;82;1;land;true;hills;4
7192;44;85;1;land;true;plains;4
7193;49;119;1;land;true;plains;4
7194;113;196;1;land;false;plains;7
7195;125;133;1;land;true;plains;7
7196;127;143;1;land;false;plains;7
7197;92;143;1;land;false;plains;7
7198;126;132;1;land;false;plains;7
7199;125;143;1;land;false;plains;7
7200;49;113;1;land;false;plains;6
7201;29;164;1;land;false;plains;6
7202;36;178;1;land;false;plains;6
7203;16;182;1;land;true;plains;6
7204;2;182;1;land;true;plains;6
7205;12;136;1;land;false;plains;6
7206;52;141;1;land;false;plains;6
7207;79;158;1;land;false;forest;6
7208;57;166;1;land;false;plains;6
7209;85;152;1;land;true;plains;6
7210;65;141;1;land;false;plains;6
7211;158;70;1;land;true;plains;4
7212;25;85;1;land;true;plains;3
7213;103;69;1;land;true;forest;3
7214;137;173;1;land;false;plains;6
7215;85;218;1;land;true;plains;6
7216;154;244;1;land;true;hills;6
7217;249;29;1;land;true;plains;7
7218;155;34;1;land;true;plains;3
7219;125;216;1;land;false;plains;7
7220;153;165;1;land;false;plains;7
7221;79;66;1;land;false;plains;6
7222;43;85;1;land;true;plains;6
7223;51;79;1;land;false;plains;6
7224;57;85;1;land;false;plains;6
7225;36;64;1;land;true;plains;6
7226;84;66;1;land;true;plains;6
7227;42;95;1;land;false;plains;6
7228;52;91;1;land;true;plains;6
7229;48;102;1;land;true;plains;6
7230;61;119;1;land;false;plains;6
7231;82;88;1;land;false;plains;6
7232;69;71;1;land;false;plains;6
7233;80;116;1;land;false;plains;6
7234;42;61;1;land;true;plains;6
7235;62;124;1;land;true;plains;6
7236;38;65;1;land;false;plains;6
7237;148;214;1;land;false;hills;7
7238;53;176;1;land;false;plains;7
7239;63;165;1;land;false;plains;7
7240;153;143;1;land;false;plains;7
7241;125;91;1;land;false;urban;7
7242;120;77;1;land;false;plains;7
7243;126;133;1;land;false;plains;7
7244;112;105;1;land;false;plains;7
7245;60;112;1;land;false;forest;6
7246;36;138;1;land;false;plains;6
7247;37;112;1;land;true;forest;6
7248;52;166;1;land;false;plains;7
7249;97;118;1;land;false;plains;7
7250;72;105;1;land;false;plains;7
7251;87;101;1;land;false;plains;7
7252;101;162;1;land;false;plains;7
7253;102;116;1;land;false;plains;7
7254;180;137;1;land;true;plains;6
7255;216;104;1;land;true;hills;6
7256;253;96;1;land;true;hills;6
7257;191;127;1;land;true;plains;6
7258;242;138;1;land;true;hills;6
7259;243;121;1;land;false;plains;6
7260;253;136;1;land;false;plains;6
7261;226;135;1;land;true;hills;6
7262;209;124;1;land;true;hills;6
7263;242;107;1;land;true;plains;6
7264;194;143;1;land;true;plains;6
7265;220;99;1;land;false;hills;6
7266;237;129;1;land;false;plains;6
7267;217;153;1;land;false;plains;6
7268;246;157;1;land;true;hills;6
7269;186;30;1;land;true;plains;7
7270;185;59;1;land;true;plains;7
7271;147;16;1;land;false;plains;7
7272;132;10;1;land;true;plains;7
7273;199;25;1;land;false;plains;7
7274;146;52;1;land;true;forest;3
7275;56;208;1;land;true;plains;6
7276;142;179;1;land;true;desert;6
7277;178;199;1;land;false;plains;6
7278;211;182;1;land;false;plains;6
7279;174;169;1;land;false;plains;6
7280;182;166;1;land;false;plains;6
7281;170;189;1;land;false;plains;6
7282;199;166;1;land;false;plains;6
7283;196;134;1;land;false;plains;6
7284;168;88;1;land;true;plains;6
7285;142;162;1;land;false;plains;6
7286;125;131;1;land;false;plains;7
7287;128;154;1;land;false;plains;7
7288;132;164;1;land;false;plains;7
7289;116;125;1;land;true;plains;7
7290;123;219;1;land;true;plains;7
7291;153;213;1;land;false;desert;7
7292;178;200;1;land;false;plains;7
7293;123;235;1;land;false;plains;7
7294;159;209;1;land;false;plains;7
7295;179;212;1;land;false;hills;7
7296;183;199;1;land;false;plains;7
7297;151;239;1;land;false;plains;7
7298;179;248;1;land;false;plains;7
7299;177;226;1;land;false;plains;7
7300;167;82;1;land;true;plains;7
7301;127;69;1;land;true;plains;7
7302;135;131;1;land;false;plains;6
7303;86;167;1;land;true;plains;6
7304;150;174;1;land;true;plains;6
7305;149;126;1;land;false;plains;6
7306;146;140;1;land;false;plains;6
7307;73;247;1;land;true;forest;7
7308;19;235;1;land;true;forest;7
7309;21;230;1;land;true;forest;7
7310;138;177;1;land;false;desert;6
7311;192;245;1;land;false;urban;6
7312;147;220;1;land;true;desert;6
7313;155;244;1;land;false;plains;6
7314;188;238;1;land;false;forest;6
7315;131;194;1;land;false;plains;6
7316;142;210;1;land;false;desert;6
7317;162;123;1;land;true;plains;3
7318;9;24;1;land;false;plains;6
7319;179;87;1;land;true;plains;3
7320;235;233;1;land;false;forest;7
7321;197;230;1;land;false;forest;7
7322;231;173;1;land;false;forest;7
7323;206;239;1;land;false;forest;7
7324;207;191;1;land;false;urban;7
7325;229;204;1;land;false;forest;7
7326;228;245;1;land;false;forest;7
7327;191;177;1;land;false;forest;7
7328;233;191;1;land;false;forest;7
7329;212;186;1;land;false;forest;7
7330;199;186;1;land;true;plains;3
7331;181;177;1;land;false;plains;6
7332;19;91;1;land;false;forest;4
7333;26;55;1;land;false;forest;4
7334;59;66;1;land;false;forest;4
7335;7;67;1;land;false;forest;4
7336;52;85;1;land;false;forest;4
7337;2;44;1;land;false;hills;4
7338;33;73;1;land;false;forest;4
7339;7;64;1;land;false;forest;4
7340;37;88;1;land;false;forest;4
7341;47;31;1;land;true;plains;4
7342;20;18;1;land;false;forest;4
7343;49;13;1;land;false;hills;4
7344;21;43;1;land;false;forest;4
7345;26;71;1;land;false;forest;4
7346;20;38;1;land;true;forest;4
7347;3;30;1;land;false;forest;4
7348;35;23;1;land;true;forest;4
7349;72;82;1;land;false;forest;4
7350;65;38;1;land;false;forest;4
7351;136;153;1;land;false;plains;6
7352;119;147;1;land;false;plains;6
7353;213;67;1;land;false;plains;6
7354;200;50;1;land;false;plains;6
7355;212;50;1;land;false;plains;6
7356;187;76;1;land;false;plains;6
7357;205;58;1;land;false;plains;6
7358;159;71;1;land;false;plains;6
7359;189;199;1;land;true;plains;7
7360;247;8;1;land;true;plains;2
7361;237;42;1;land;true;plains;2
7362;208;17;1;land;true;plains;2
7363;196;31;1;land;true;plains;2
7364;191;7;1;land;false;plains;2
7365;230;22;1;land;false;urban;2
7366;236;60;1;land;true;plains;2
7367;222;1;1;land;false;plains;2
7368;248;14;1;land;true;urban;2
7369;192;30;1;land;true;plains;2
7370;222;59;1;land;false;plains;2
7371;196;53;1;land;true;plains;2
7372;202;6;1;land;true;plains;2
7373;217;4;1;land;true;plains;2
7374;180;25;1;land;true;plains;2
7375;236;31;1;land;true;plains;2
7376;196;18;1;land;false;forest;7
7377;218;66;1;land;false;forest;7
7378;189;29;1;land;false;forest;7
7379;225;17;1;land;false;jungle;7
7380;143;78;1;land;true;plains;7
7381;171;98;1;land;true;plains;7
7382;46;164;1;land;false;mountain;7
7383;81;131;1;land;false;mountain;7
7384;84;127;1;land;false;hills;7
7385;14;176;1;land;false;mountain;7
7386;39;103;1;land;false;plains;7
7387;66;131;1;land;false;plains;7
7388;82;103;1;land;false;mountain;7
7389;58;121;1;land;false;hills;7
7390;81;107;1;land;false;mountain;7
7391;35;137;1;land;false;mountain;7
7392;76;177;1;land;false;hills;7
7393;27;161;1;land;false;hills;7
7394;48;21;1;land;true;plains;7
7395;182;93;1;land;true;hills;6
7396;175;115;1;land;false;urban;7
7397;188;74;1;land;false;plains;7
7398;139;93;1;land;false;plains;7
7399;144;65;1;land;false;urban;7
7400;201;57;1;land;false;urban;7
7401;146;74;1;land;false;plains;7
7402;140;79;1;land;false;plains;7
7403;135;69;1;land;false;plains;7
7404;16;162;1;land;true;hills;7
7405;62;228;1;land;false;plains;6
7406;69;208;1;land;true;plains;6
7407;104;230;1;land;true;plains;6
7408;89;219;1;land;true;plains;6
7409;57;168;1;land;false;plains;6
7410;165;133;1;land;false;plains;7
7411;135;116;1;land;false;plains;7
7412;159;156;1;land;false;hills;7
7413;137;148;1;land;false;plains;7
7414;130;146;1;land;false;plains;7
7415;96;107;1;land;false;plains;7
7416;143;99;1;land;false;plains;7
7417;114;118;1;land;false;plains;7
7418;138;79;1;land;false;hills;7
7419;114;87;1;land;false;plains;7
7420;154;146;1;land;false;hills;7
7421;69;211;1;land;true;plains;2
7422;92;163;1;land;true;hills;2
7423;53;236;1;land;true;hills;2
7424;93;220;1;land;true;plains;2
7425;59;186;1;land;true;plains;2
7426;105;165;1;land;true;plains;2
7427;103;208;1;land;false;plains;2
7428;81;167;1;land;true;plains;2
7429;54;211;1;land;true;plains;2
7430;204;143;1;land;true;plains;7
7431;156;114;1;land;true;plains;6
7432;145;123;1;land;false;plains;6
7433;146;122;1;land;false;hills;6
7434;165;139;1;land;false;plains;6
7435;113;165;1;land;true;plains;6
7436;122;132;1;land;true;plains;6
7437;158;141;1;land;false;plains;6
7438;72;156;1;land;false;plains;7
7439;214;188;1;land;false;plains;6
7440;185;169;1;land;true;plains;6
7441;231;192;1;land;true;plains;6
7442;218;230;1;land;false;plains;6
7443;225;200;1;land;false;plains;6
7444;181;193;1;land;false;plains;6
7445;223;192;1;land;false;plains;6
7446;102;124;1;land;true;plains;6
7447;94;102;1;land;true;plains;6
7448;179;196;1;land;false;hills;4
7449;174;234;1;land;false;forest;4
7450;165;195;1;land;false;hills;4
7451;200;113;1;land;false;urban;7
7452;166;128;1;land;false;plains;7
7453;192;132;1;land;false;plains;7
7454;140;31;1;land;false;hills;6
7455;139;56;1;land;false;plains;6
7456;171;46;1;land;false;plains;6
7457;207;57;1;land;false;plains;6
7458;180;136;1;land;true;hills;6
7459;165;135;1;land;false;plains;4
7460;152;173;1;land;false;forest;4
7461;155;146;1;land;false;plains;4
7462;136;131;1;land;false;plains;4
7463;200;236;1;land;true;plains;6
7464;194;52;1;land;false;plains;7
7465;202;64;1;land;false;urban;7
7466;188;53;1;land;false;plains;7
7467;85;155;1;land;true;plains;7
7468;206;215;1;land;false;plains;7
7469;163;178;1;land;false;plains;7
7470;94;184;1;land;true;forest;6
7471;157;156;1;land;true;forest;6
7472;36;50;1;land;false;plains;7
7473;28;56;1;land;false;plains;7
7474;16;20;1;land;false;plains;7
7475;26;6;1;land;false;plains;7
7476;15;22;1;land;false;plains;7
7477;17;24;1;land;false;forest;7
7478;23;43;1;land;false;plains;7
7479;35;69;1;land;false;plains;7
7480;3;25;1;land;false;plains;7
7481;1;57;1;land;false;hills;7
7482;25;29;1;land;false;plains;7
7483;92;65;1;land;false;forest;6
7484;89;159;1;land;false;plains;6
7485;180;99;1;land;false;plains;7
7486;220;17;1;land;false;hills;7
7487;142;159;1;land;false;plains;7
7488;184;148;1;land;false;forest;7
7489;111;97;1;land;false;plains;7
7490;161;128;1;land;false;plains;7
7491;160;92;1;land;false;plains;7
7492;183;161;1;land;false;plains;7
7493;151;172;1;land;false;urban;6
7494;136;130;1;land;false;plains;6
7495;105;153;1;land;false;plains;6
7496;114;160;1;land;false;plains;6
7497;137;116;1;land;false;plains;6
7498;110;128;1;land;false;plains;6
7499;138;165;1;land;true;forest;6
7500;27;203;1;land;false;plains;7
7501;84;145;1;land;true;forest;7
7502;120;163;1;land;true;forest;7
7503;79;209;1;land;true;plains;7
7504;115;217;1;land;true;plains;7
7505;142;148;1;land;true;plains;7
7506;147;224;1;land;true;plains;7
7507;127;36;1;land;false;hills;6
7508;152;64;1;land;false;hills;6
7509;154;15;1;land;false;plains;6
7510;133;27;1;land;false;plains;6
7511;172;57;1;land;false;plains;6
7512;105;12;1;land;false;plains;6
7513;116;68;1;land;false;plains;6
7514;171;48;1;land;false;hills;6
7515;165;32;1;land;false;hills;6
7516;107;49;1;land;false;plains;6
7517;144;35;1;land;false;mountain;6
7518;167;17;1;land;false;plains;6
7519;109;33;1;land;false;hills;6
7520;153;51;1;land;false;plains;6
7521;128;54;1;land;false;hills;6
7522;150;51;1;land;false;plains;6
7523;107;202;1;land;true;plains;7
7524;116;208;1;land;true;forest;7
7525;126;187;1;land;true;plains;7
7526;88;181;1;land;false;forest;7
7527;151;222;1;land;false;forest;7
7528;146;208;1;land;false;forest;7
7529;108;195;1;land;false;plains;7
7530;129;215;1;land;false;forest;7
7531;183;82;1;land;true;plains;6
7532;54;55;1;land;true;plains;7
7533;152;177;1;land;false;plains;7
7534;203;235;1;land;false;plains;7
7535;190;222;1;land;false;plains;7
7536;183;166;1;land;false;plains;7
7537;177;208;1;land;false;plains;7
7538;197;217;1;land;false;plains;7
7539;198;214;1;land;false;plains;7
7540;207;198;1;land;false;plains;7
7541;192;162;1;land;false;plains;7
7542;159;185;1;land;false;plains;7
7543;121;174;1;land;false;hills;7
7544;92;209;1;land;false;plains;4
7545;86;148;1;land;false;plains;4
7546;77;183;1;land;false;plains;4
7547;107;197;1;land;false;plains;4
7548;74;154;1;land;false;plains;4
7549;108;163;1;land;false;plains;4
7550;141;211;1;land;false;plains;4
7551;81;183;1;land;false;hills;4
7552;84;202;1;land;false;plains;4
7553;113;199;1;land;false;plains;4
7554;169;66;1;land;false;plains;7
7555;149;100;1;land;false;forest;7
7556;149;50;1;land;false;forest;7
7557;112;68;1;land;false;plains;7
7558;140;49;1;land;false;plains;7
7559;171;102;1;land;false;plains;7
7560;105;182;1;land;false;forest;7
7561;120;134;1;land;false;forest;7
7562;136;122;1;land;false;hills;7
7563;155;114;1;land;false;forest;7
7564;114;124;1;land;false;hills;7
7565;130;119;1;land;false;plains;7
7566;135;125;1;land;false;plains;7
7567;139;179;1;land;false;forest;7
7568;125;165;1;land;false;forest;7
7569;119;127;1;land;false;forest;7
7570;164;163;1;land;false;plains;7
7571;104;81;1;land;true;plains;3
7572;113;85;1;land;true;plains;3
7573;96;127;1;land;true;plains;3
7574;101;75;1;land;true;plains;3
7575;175;214;1;land;true;forest;6
7576;73;126;1;land;false;plains;6
7577;64;123;1;land;false;plains;6
7578;68;100;1;land;false;plains;6
7579;86;118;1;land;false;plains;6
7580;133;86;1;land;false;plains;6
7581;72;96;1;land;false;plains;6
7582;69;138;1;land;false;plains;6
7583;106;101;1;land;false;plains;6
7584;62;103;1;land;false;plains;6
7585;123;98;1;land;false;plains;6
7586;102;86;1;land;false;plains;6
7587;86;76;1;land;false;plains;6
7588;66;89;1;land;false;plains;6
7589;75;137;1;land;false;plains;7
7590;43;190;1;land;false;plains;7
7591;82;192;1;land;false;plains;7
7592;66;157;1;land;false;plains;7
7593;53;157;1;land;false;plains;7
7594;76;154;1;land;false;plains;7
7595;60;205;1;land;false;plains;7
7596;109;164;1;land;false;hills;7
7597;90;176;1;land;false;plains;7
7598;91;158;1;land;false;plains;7
7599;106;133;1;land;false;hills;7
7600;66;158;1;land;false;plains;6
7601;60;230;1;land;false;plains;6
7602;137;213;1;land;false;plains;6
7603;123;169;1;land;false;plains;6
7604;158;101;1;land;true;plains;6
7605;92;160;1;land;false;plains;7
7606;56;71;1;land;true;hills;7
7607;193;128;1;land;false;urban;6
7608;223;131;1;land;false;plains;6
7609;197;109;1;land;false;plains;6
7610;229;100;1;land;false;plains;6
7611;160;143;1;land;false;plains;6
7612;195;98;1;land;false;urban;6
7613;210;194;1;land;true;hills;4
7614;67;70;1;land;false;forest;7
7615;145;169;1;land;false;plains;7
7616;133;103;1;land;false;plains;7
7617;162;175;1;land;false;forest;7
7618;165;110;1;land;false;jungle;7
7619;152;153;1;land;true;plains;6
7620;149;151;1;land;true;plains;6
7621;139;192;1;land;true;plains;6
7622;134;172;1;land;false;urban;6
7623;231;41;1;land;false;plains;7
7624;163;149;1;land;false;plains;6
7625;133;217;1;land;true;plains;4
7626;146;170;1;land;false;hills;7
7627;129;206;1;land;false;hills;7
7628;109;191;1;land;false;mountain;7
7629;130;195;1;land;false;hills;7
7630;158;210;1;land;false;mountain;7
7631;130;174;1;land;false;hills;7
7632;122;158;1;land;false;hills;7
7633;145;166;1;land;false;hills;7
7634;148;210;1;land;false;hills;7
7635;178;190;1;land;false;plains;7
7636;169;183;1;land;true;forest;7
7637;203;194;1;land;false;hills;7
7638;190;233;1;land;true;plains;7
7639;58;180;1;land;false;plains;7
7640;25;110;1;land;true;plains;7
7641;21;142;1;land;true;plains;7
7642;117;131;1;land;false;plains;7
7643;202;131;1;land;false;forest;7
7644;200;149;1;land;false;forest;7
7645;201;131;1;land;false;forest;7
7646;219;144;1;land;false;forest;7
7647;253;138;1;land;false;forest;7
7648;247;128;1;land;false;forest;7
7649;186;158;1;land;false;urban;7
7650;245;120;1;land;false;forest;7
7651;176;97;1;land;false;forest;7
7652;248;140;1;land;false;forest;7
7653;158;59;1;land;false;plains;7
7654;44;66;1;land;true;plains;6
7655;48;34;1;land;true;plains;6
7656;26;27;1;land;false;urban;6
7657;97;60;1;land;false;plains;6
7658;94;81;1;land;true;plains;6
7659;54;30;1;land;true;plains;6
7660;39;84;1;land;true;plains;6
7661;38;81;1;land;false;plains;6
7662;41;85;1;land;true;plains;6
7663;75;20;1;land;true;urban;6
7664;57;37;1;land;true;plains;6
7665;59;49;1;land;false;urban;6
7666;58;41;1;land;false;urban;6
7667;44;50;1;land;true;plains;6
7668;34;80;1;land;true;plains;6
7669;95;78;1;land;true;hills;6
7670;78;59;1;land;false;plains;6
7671;52;35;1;land;true;plains;6
7672;87;60;1;land;true;plains;6
7673;208;188;1;land;true;plains;7
7674;142;62;1;land;false;plains;6
7675;173;47;1;land;true;hills;6
7676;195;16;1;land;false;plains;6
7677;144;42;1;land;true;plains;6
7678;154;18;1;land;true;plains;6
7679;184;65;1;land;false;plains;6
7680;149;65;1;land;false;plains;6
7681;181;48;1;land;true;plains;6
7682;198;70;1;land;true;plains;6
7683;144;67;1;land;true;plains;6
7684;201;10;1;land;false;plains;6
7685;137;7;1;land;false;plains;6
7686;244;171;1;land;false;plains;6
7687;199;158;1;land;false;plains;6
7688;196;143;1;land;false;plains;6
7689;212;135;1;land;false;urban;6
7690;134;104;1;land;true;plains;6
7691;89;120;1;land;false;plains;6
7692;134;219;1;land;false;forest;7
7693;85;170;1;land;true;forest;7
7694;96;152;1;land;true;forest;7
7695;127;208;1;land;false;forest;7
7696;81;214;1;land;true;forest;7
7697;87;222;1;land;false;forest;7
7698;130;210;1;land;false;forest;7
7699;108;184;1;land;true;forest;7
7700;65;183;1;land;false;forest;7
7701;77;166;1;land;false;forest;7
7702;65;200;1;land;true;forest;7
7703;139;189;1;land;true;forest;7
7704;64;181;1;land;true;forest;7
7705;105;183;1;land;false;forest;7
7706;244;169;1;land;false;plains;6
7707;60;132;1;land;false;plains;6
7708;72;110;1;land;false;plains;6
7709;54;98;1;land;false;plains;6
7710;83;121;1;land;false;plains;6
7711;48;164;1;land;false;plains;6
7712;32;173;1;land;false;plains;6
7713;60;108;1;land;false;plains;6
7714;1;39;1;land;false;plains;7
7715;20;20;1;land;false;hills;7
7716;6;41;1;land;false;plains;7
7717;27;9;1;land;false;plains;7
7718;44;11;1;land;false;hills;7
7719;29;51;1;land;false;hills;7
7720;1;18;1;land;false;plains;7
7721;18;24;1;land;false;plains;7
7722;26;38;1;land;false;plains;7
7723;12;24;1;land;false;plains;7
7724;17;48;1;land;true;plains;4
7725;144;120;1;land;false;plains;7
7726;113;171;1;land;false;plains;7
7727;158;169;1;land;false;plains;7
7728;187;177;1;land;false;plains;7
7729;144;175;1;land;false;jungle;7
7730;150;147;1;land;false;hills;7
7731;155;178;1;land;false;mountain;7
7732;188;188;1;land;false;mountain;7
7733;124;160;1;land;false;mountain;7
7734;195;167;1;land;false;mountain;7
7735;160;185;1;land;true;forest;3
7736;199;140;1;land;false;plains;6
7737;196;133;1;land;false;hills;6
7738;141;179;1;land;true;hills;6
7739;147;160;1;land;true;hills;6
7740;186;148;1;land;false;hills;6
7741;200;164;1;land;true;hills;6
7742;136;191;1;land;true;mountain;6
7743;143;205;1;land;false;mountain;6
7744;126;199;1;land;true;mountain;6
7745;124;170;1;land;false;hills;6
7746;176;139;1;land;true;hills;6
7747;166;204;1;land;false;plains;6
7748;164;139;1;land;true;mountain;6
7749;135;173;1;land;false;mountain;6
7750;168;184;1;land;false;plains;6
7751;201;137;1;land;true;mountain;6
7752;168;189;1;land;true;plains;6
7753;139;50;1;land;false;plains;6
7754;71;106;1;land;true;plains;6
7755;165;230;1;land;true;urban;6
7756;90;207;1;land;true;forest;6
7757;97;180;1;land;true;forest;6
7758;121;242;1;land;true;plains;6
7759;121;243;1;land;true;forest;6
7760;100;165;1;land;true;plains;6
7761;102;194;1;land;true;plains;6
7762;231;130;1;land;false;plains;7
7763;202;169;1;land;false;desert;7
7764;243;126;1;land;false;forest;7
7765;254;196;1;land;false;hills;7
7766;234;179;1;land;false;mountain;7
7767;233;177;1;land;false;plains;7
7768;238;145;1;land;false;plains;7
7769;244;145;1;land;false;plains;7
7770;227;153;1;land;false;mountain;7
7771;235;151;1;land;false;forest;7
7772;198;131;1;land;false;forest;7
7773;226;147;1;land;false;desert;7
7774;216;143;1;land;false;plains;7
7775;218;170;1;land;false;plains;7
7776;229;153;1;land;false;plains;7
7777;219;191;1;land;false;forest;7
7778;213;141;1;land;false;plains;7
7779;206;141;1;land;false;forest;7
7780;246;182;1;land;false;forest;7
7781;221;123;1;land;false;plains;7
7782;252;166;1;land;false;hills;7
7783;217;182;1;land;false;forest;7
7784;231;186;1;land;false;mountain;7
7785;251;158;1;land;false;hills;7
7786;234;174;1;land;false;desert;7
7787;227;165;1;land;false;plains;7
7788;207;150;1;land;false;forest;7
7789;227;175;1;land;false;plains;7
7790;58;132;1;land;false;plains;6
7791;66;71;1;land;false;hills;6
7792;107;133;1;land;false;hills;6
7793;99;137;1;land;false;hills;6
7794;74;129;1;land;false;plains;6
7795;59;100;1;land;false;plains;6
7796;77;113;1;land;false;plains;6
7797;30;187;1;land;false;plains;7
7798;85;205;1;land;false;plains;7
7799;45;207;1;land;false;plains;7
7800;88;188;1;land;false;plains;7
7801;20;175;1;land;false;plains;7
7802;139;79;1;land;false;plains;6
7803;85;91;1;land;false;plains;6
7804;139;81;1;land;false;urban;6
7805;105;59;1;land;false;plains;6
7806;110;102;1;land;false;plains;6
7807;97;75;1;land;false;plains;6
7808;154;104;1;land;false;plains;6
7809;114;65;1;land;false;plains;6
7810;146;163;1;land;false;plains;4
7811;69;136;1;land;true;plains;7
7812;133;123;1;land;true;plains;7
7813;116;137;1;land;false;plains;7
7814;83;157;1;land;false;plains;7
7815;89;116;1;land;false;forest;7
7816;36;136;1;land;true;forest;3
7817;108;128;1;land;true;forest;6
7818;100;169;1;land;false;forest;6
7819;121;172;1;land;false;plains;6
7820;151;95;1;land;false;hills;6
7821;219;89;1;land;false;hills;6
7822;94;95;1;land;false;plains;7
7823;116;99;1;land;true;plains;7
7824;65;78;1;land;false;plains;7
7825;77;148;1;land;false;plains;7
7826;79;119;1;land;false;plains;7
7827;64;150;1;land;false;forest;7
7828;79;109;1;land;false;urban;7
7829;47;97;1;land;true;plains;7
7830;80;72;1;land;false;hills;7
7831;53;130;1;land;true;plains;7
7832;74;113;1;land;false;plains;7
7833;65;138;1;land;false;plains;7
7834;103;88;1;land;false;plains;7
7835;96;92;1;land;false;plains;7
7836;119;137;1;land;false;plains;7
7837;61;104;1;land;false;plains;7
7838;64;99;1;land;false;plains;7
7839;109;142;1;land;false;plains;7
7840;115;76;1;land;false;forest;7
7841;57;140;1;land;false;plains;7
7842;94;118;1;land;false;urban;7
7843;62;134;1;land;false;forest;6
7844;160;202;1;land;false;plains;7
7845;175;201;1;land;false;urban;6
7846;186;188;1;land;false;plains;6
7847;183;201;1;land;false;forest;6
7848;110;28;1;land;false;plains;7
7849;51;70;1;land;false;urban;7
7850;49;71;1;land;false;plains;7
7851;57;54;1;land;false;plains;7
7852;102;93;1;land;false;plains;7
7853;59;43;1;land;false;plains;7
7854;54;68;1;land;false;plains;7
7855;103;200;1;land;false;plains;6
7856;164;218;1;land;false;forest;4
7857;190;230;1;land;false;plains;4
7858;241;246;1;land;true;plains;4
7859;209;196;1;land;true;hills;4
7860;235;216;1;land;false;plains;4
7861;41;146;1;land;false;urban;7
7862;75;156;1;land;false;plains;7
7863;64;122;1;land;false;forest;7
7864;49;184;1;land;false;plains;7
7865;18;149;1;land;false;plains;7
7866;42;166;1;land;false;plains;7
7867;45;134;1;land;false;plains;6
7868;47;117;1;land;false;mountain;6
7869;87;61;1;land;false;plains;6
7870;90;134;1;land;false;plains;6
7871;101;130;1;land;false;hills;6
7872;84;126;1;land;false;plains;6
7873;99;138;1;land;false;plains;6
7874;75;81;1;land;false;plains;6
7875;199;242;1;land;true;plains;7
7876;144;222;1;land;false;hills;6
7877;138;180;1;land;false;plains;6
7878;186;214;1;land;false;plains;6
7879;173;164;1;land;false;hills;6
7880;150;158;1;land;false;plains;6
7881;182;218;1;land;false;hills;6
7882;180;176;1;land;false;plains;6
7883;151;155;1;land;false;hills;6
7884;172;231;1;land;false;plains;6
7885;145;178;1;land;false;hills;6
7886;138;211;1;land;false;hills;6
7887;111;160;1;land;false;plains;6
7888;142;154;1;land;false;plains;6
7889;120;192;1;land;false;plains;6
7890;116;199;1;land;false;plains;6
7891;151;215;1;land;false;hills;6
7892;127;214;1;land;false;plains;6
7893;138;232;1;land;false;plains;6
7894;122;223;1;land;false;plains;6
7895;140;156;1;land;true;plains;6
7896;173;123;1;land;true;plains;6
7897;177;179;1;land;false;plains;6
7898;125;130;1;land;false;plains;6
7899;168;190;1;land;false;plains;6
7900;94;161;1;land;false;plains;6
7901;134;210;1;land;false;plains;6
7902;127;157;1;land;false;plains;6
7903;104;159;1;land;false;urban;6
7904;134;205;1;land;false;urban;6
7905;157;191;1;land;false;plains;6
7906;151;205;1;land;false;plains;6
7907;189;235;1;land;true;plains;6
7908;25;67;1;land;true;plains;3
7909;164;205;1;land;true;hills;4
7910;74;155;1;land;true;plains;7
7911;92;162;1;land;true;plains;7
7912;92;229;1;land;false;plains;7
7913;85;206;1;land;false;plains;7
7914;116;156;1;land;true;forest;7
7915;91;185;1;land;false;plains;7
7916;93;215;1;land;true;plains;7
7917;70;157;1;land;true;plains;7
7918;94;162;1;land;true;urban;7
7919;99;187;1;land;false;plains;7
7920;78;156;1;land;false;plains;7
7921;131;213;1;land;true;plains;7
7922;92;218;1;land;true;plains;7
7923;45;113;1;land;false;plains;6
7924;36;155;1;land;false;plains;6
7925;58;120;1;land;false;plains;6
7926;65;130;1;land;false;plains;6
7927;6;148;1;land;false;plains;6
7928;178;52;1;land;false;plains;6
7929;153;44;1;land;true;urban;6
7930;167;64;1;land;true;urban;6
7931;140;26;1;land;true;plains;6
7932;175;65;1;land;false;plains;6
7933;139;66;1;land;false;plains;6
7934;168;91;1;land;false;forest;6
7935;164;99;1;land;false;forest;6
7936;152;92;1;land;false;plains;6
7937;125;62;1;land;false;plains;6
7938;172;27;1;land;false;plains;6
7939;172;73;1;land;true;plains;6
7940;183;81;1;land;false;plains;6
7941;192;79;1;land;false;plains;6
7942;139;82;1;land;false;forest;6
7943;156;72;1;land;false;plains;6
7944;173;65;1;land;true;urban;6
7945;141;45;1;land;false;plains;6
7946;23;101;1;land;false;hills;6
7947;119;216;1;land;false;urban;7
7948;128;220;1;land;false;plains;7
7949;55;230;1;land;false;urban;7
7950;78;214;1;land;false;plains;7
7951;86;205;1;land;false;plains;7
7952;120;195;1;land;false;plains;7
7953;53;171;1;land;false;urban;7
7954;128;189;1;land;false;plains;7
7955;100;183;1;land;false;plains;7
7956;121;175;1;land;false;urban;7
7957;53;214;1;land;false;urban;7
7958;127;228;1;land;false;urban;7
7959;25;143;1;land;false;plains;6
7960;41;154;1;land;false;plains;6
7961;63;118;1;land;false;hills;6
7962;21;145;1;land;false;plains;6
7963;44;156;1;land;false;plains;6
7964;87;122;1;land;false;plains;6
7965;173;150;1;land;false;hills;7
7966;7;211;1;land;true;hills;7
7967;243;193;1;land;true;hills;6
7968;55;122;1;land;true;plains;6
7969;61;106;1;land;true;hills;6
7970;1;142;1;land;true;plains;6
7971;134;225;1;land;false;plains;4
7972;174;200;1;land;true;hills;4
7973;169;245;1;land;true;hills;4
7974;168;191;1;land;true;hills;4
7975;111;209;1;land;true;plains;4
7976;171;236;1;land;true;forest;7
7977;111;243;1;land;false;plains;6
7978;121;240;1;land;true;plains;6
7979;158;224;1;land;true;plains;6
7980;164;238;1;land;true;plains;6
7981;166;203;1;land;true;plains;6
7982;141;252;1;land;true;plains;6
7983;167;254;1;land;false;plains;6
7984;142;240;1;land;true;plains;6
7985;152;234;1;land;true;plains;6
7986;111;199;1;land;true;plains;6
7987;97;247;1;land;true;plains;6
7988;171;220;1;land;false;plains;6
7989;153;132;1;land;false;plains;6
7990;129;115;1;land;false;plains;6
7991;132;125;1;land;false;plains;6
7992;150;167;1;land;false;hills;6
7993;168;183;1;land;false;plains;6
7994;161;117;1;land;false;hills;6
7995;202;174;1;land;false;plains;6
7996;186;138;1;land;false;plains;6
7997;130;110;1;land;false;hills;6
7998;191;111;1;land;false;forest;6
7999;113;15;1;land;false;hills;7
8000;112;55;1;land;false;plains;7
8001;105;202;1;land;false;plains;6
8002;63;185;1;land;true;plains;6
8003;195;101;1;land;false;plains;6
8004;49;147;1;land;true;plains;6
8005;3;98;1;land;true;plains;6
8006;84;125;1;land;false;plains;7
8007;34;123;1;land;true;plains;7
8008;26;147;1;land;false;plains;7
8009;86;174;1;land;false;plains;7
8010;44;145;1;land;false;plains;7
8011;56;121;1;land;false;forest;7
8012;26;138;1;land;false;plains;7
8013;34;151;1;land;true;hills;7
8014;69;140;1;land;false;forest;7
8015;48;138;1;land;false;plains;7
8016;139;143;1;land;false;plains;7
8017;111;156;1;land;true;hills;7
8018;95;154;1;land;true;hills;7
8019;149;146;1;land;false;plains;7
8020;174;170;1;land;false;plains;7
8021;111;162;1;land;false;hills;7
8022;95;32;1;land;true;plains;4
8023;15;206;1;land;false;plains;6
8024;128;64;1;land;true;plains;6
8025;98;127;1;land;true;plains;6
8026;166;236;1;land;false;hills;4
8027;101;239;1;land;false;plains;4
8028;142;229;1;land;false;plains;4
8029;142;224;1;land;false;mountain;4
8030;148;232;1;land;false;mountain;4
8031;81;190;1;land;true;forest;6
8032;97;213;1;land;false;forest;6
8033;55;233;1;land;false;forest;6
8034;105;240;1;land;false;forest;6
8035;10;4;1;land;true;plains;3
8036;43;147;1;land;false;plains;7
8037;43;145;1;land;false;plains;7
8038;83;124;1;land;false;plains;7
8039;97;152;1;land;false;plains;7
8040;47;111;1;land;true;plains;4
8041;175;246;1;land;true;plains;4
8042;193;211;1;land;true;plains;4
8043;195;228;1;land;true;plains;7
8044;90;178;1;land;true;plains;3
8045;125;144;1;land;true;plains;6
8046;123;112;1;land;true;plains;6
8047;67;135;1;land;false;plains;6
8048;136;178;1;land;true;plains;6
8049;78;138;1;land;true;plains;6
8050;118;212;1;land;false;urban;6
8051;184;193;1;land;true;plains;6
8052;189;222;1;land;false;plains;6
8053;161;220;1;land;false;plains;6
8054;209;148;1;land;true;plains;6
8055;156;198;1;land;false;plains;6
8056;166;196;1;land;false;plains;6
8057;135;143;1;land;true;plains;6
8058;251;74;1;land;true;hills;6
8059;99;74;1;land;false;plains;7
8060;149;20;1;land;false;forest;7
8061;171;180;1;land;false;mountain;7
8062;182;175;1;land;false;mountain;7
8063;197;115;1;land;false;hills;7
8064;187;165;1;land;false;mountain;7
8065;148;127;1;land;false;mountain;7
8066;150;171;1;land;false;hills;7
8067;148;135;1;land;false;mountain;7
8068;174;116;1;land;false;hills;7
8069;182;144;1;land;false;mountain;7
8070;212;143;1;land;false;hills;7
8071;166;153;1;land;false;mountain;7
8072;188;157;1;land;false;hills;7
8073;186;151;1;land;false;hills;7
8074;201;152;1;land;false;mountain;7
8075;158;123;1;land;false;mountain;7
8076;154;126;1;land;false;mountain;7
8077;147;142;1;land;false;mountain;7
8078;202;134;1;land;false;mountain;7
8079;180;115;1;land;false;mountain;7
8080;129;88;1;land;false;plains;6
8081;177;85;1;land;false;plains;6
8082;117;63;1;land;false;plains;6
8083;177;90;1;land;false;forest;6
8084;145;87;1;land;false;plains;6
8085;113;113;1;land;false;plains;6
8086;170;108;1;land;false;plains;6
8087;174;52;1;land;false;forest;6
8088;185;85;1;land;false;plains;6
8089;174;48;1;land;false;plains;6
8090;121;63;1;land;false;plains;6
8091;116;112;1;land;false;plains;6
8092;178;58;1;land;false;plains;6
8093;110;65;1;land;false;plains;6
8094;131;72;1;land;false;plains;6
8095;108;60;1;land;false;plains;6
8096;133;61;1;land;false;plains;6
8097;118;79;1;land;false;plains;6
8098;106;87;1;land;false;plains;6
8099;164;58;1;land;false;plains;6
8100;153;74;1;land;false;plains;6
8101;135;57;1;land;false;plains;6
8102;110;48;1;land;false;hills;6
8103;80;143;1;land;false;plains;6
8104;70;167;1;land;false;hills;7
8105;98;176;1;land;false;desert;7
8106;109;159;1;land;false;plains;7
8107;57;178;1;land;false;desert;7
8108;56;130;1;land;false;hills;7
8109;102;180;1;land;false;mountain;7
8110;78;177;1;land;false;hills;7
8111;93;186;1;land;false;desert;7
8112;160;155;1;land;false;hills;6
8113;156;148;1;land;false;plains;6
8114;196;195;1;land;false;hills;6
8115;178;148;1;land;false;hills;6
8116;212;175;1;land;true;plains;7
8117;215;156;1;land;true;plains;7
8118;77;216;1;land;true;plains;3
8119;80;55;1;land;true;plains;6
8120;215;168;1;land;true;plains;6
8121;215;118;1;land;false;forest;6
8122;224;168;1;land;true;plains;6
8123;154;222;1;land;false;forest;7
8124;112;167;1;land;false;plains;7
8125;165;217;1;land;false;plains;7
8126;113;174;1;land;false;plains;7
8127;134;238;1;land;false;forest;7
8128;163;210;1;land;false;plains;7
8129;231;100;1;land;true;plains;6
8130;163;244;1;land;false;plains;7
8131;198;231;1;land;false;plains;7
8132;222;232;1;land;false;plains;7
8133;120;221;1;land;true;plains;6
8134;245;198;1;land;true;plains;6
8135;241;245;1;land;true;hills;6
8136;220;184;1;land;true;plains;6
8137;123;226;1;land;false;hills;7
8138;84;235;1;land;false;plains;7
8139;69;165;1;land;false;mountain;7
8140;129;232;1;land;false;plains;7
8141;115;206;1;land;false;hills;7
8142;123;234;1;land;false;hills;7
8143;90;218;1;land;false;hills;7
8144;132;187;1;land;false;plains;7
8145;75;171;1;land;false;mountain;7
8146;111;200;1;land;false;hills;7
8147;105;214;1;land;false;mountain;7
8148;119;202;1;land;false;hills;7
8149;120;224;1;land;false;hills;7
8150;86;169;1;land;false;hills;7
8151;122;212;1;land;false;plains;7
8152;96;163;1;land;false;plains;7
8153;86;162;1;land;false;hills;7
8154;87;203;1;land;false;mountain;7
8155;117;230;1;land;false;hills;7
8156;126;202;1;land;false;hills;7
8157;129;192;1;land;true;hills;4
8158;127;236;1;land;false;hills;4
8159;130;239;1;land;true;hills;4
8160;111;197;1;land;true;hills;4
8161;156;236;1;land;true;plains;4
8162;90;254;1;land;false;plains;4
8163;121;250;1;land;true;plains;4
8164;114;241;1;land;true;hills;4
8165;66;106;1;land;true;urban;6
8166;27;105;1;land;true;plains;6
8167;53;141;1;land;false;plains;6
8168;75;79;1;land;false;urban;6
8169;101;121;1;land;true;plains;6
8170;101;111;1;land;false;plains;6
8171;53;85;1;land;false;plains;6
8172;37;120;1;land;true;plains;6
8173;75;132;1;land;false;plains;6
8174;128;106;1;land;false;plains;6
8175;104;167;1;land;false;forest;7
8176;117;142;1;land;false;plains;7
8177;92;166;1;land;false;plains;7
8178;100;215;1;land;false;jungle;7
8179;131;177;1;land;false;jungle;7
8180;128;149;1;land;false;forest;7
8181;137;189;1;land;false;jungle;7
8182;182;4;1;land;false;mountain;7
8183;187;37;1;land;true;hills;7
8184;142;7;1;land;false;hills;7
8185;188;51;1;land;false;mountain;7
8186;175;47;1;land;true;hills;7
8187;187;6;1;land;true;desert;7
8188;171;22;1;land;true;hills;7
8189;192;58;1;land;false;mountain;7
8190;128;56;1;land;true;hills;7
8191;190;30;1;land;true;desert;7
8192;155;49;1;land;false;mountain;7
8193;123;41;1;land;false;mountain;7
8194;196;16;1;land;false;mountain;7
8195;187;42;1;land;true;hills;7
8196;122;6;1;land;true;hills;7
8197;144;29;1;land;true;desert;7
8198;125;40;1;land;true;desert;7
8199;133;4;1;land;false;mountain;7
8200;134;2;1;land;true;hills;7
8201;129;16;1;land;true;desert;7
8202;173;62;1;land;true;hills;7
8203;161;30;1;land;true;desert;7
8204;166;53;1;land;false;mountain;7
8205;152;58;1;land;false;mountain;7
8206;40;192;1;land;false;mountain;6
8207;107;176;1;land;true;hills;6
8208;69;158;1;land;true;hills;6
8209;61;223;1;land;false;hills;6
8210;35;181;1;land;true;hills;6
8211;110;152;1;land;true;hills;6
8212;110;185;1;land;true;hills;6
8213;100;161;1;land;true;hills;6
8214;102;224;1;land;false;hills;6
8215;111;163;1;land;true;hills;6
8216;40;201;1;land;true;mountain;6
8217;183;189;1;land;false;forest;7
8218;153;178;1;land;false;plains;7
8219;118;191;1;land;false;forest;7
8220;157;207;1;land;true;plains;3
8221;95;254;1;land;true;plains;3
8222;112;185;1;land;false;plains;3
8223;124;244;1;land;false;plains;3
8224;126;225;1;land;false;plains;3
8225;88;141;1;land;false;forest;7
8226;110;159;1;land;false;forest;7
8227;143;177;1;land;false;forest;7
8228;101;197;1;land;false;forest;7
8229;182;106;1;land;false;plains;7
8230;179;44;1;land;false;hills;7
8231;170;52;1;land;false;plains;7
8232;206;91;1;land;false;plains;7
8233;176;100;1;land;false;plains;7
8234;181;115;1;land;false;plains;7
8235;192;75;1;land;false;plains;7
8236;178;93;1;land;false;plains;7
8237;132;49;1;land;false;plains;7
8238;197;58;1;land;false;plains;7
8239;135;58;1;land;false;plains;7
8240;189;66;1;land;false;plains;7
8241;156;67;1;land;false;plains;7
8242;168;77;1;land;false;plains;7
8243;201;82;1;land;false;plains;7
8244;157;63;1;land;false;plains;7
8245;162;93;1;land;false;plains;7
8246;185;60;1;land;false;plains;7
8247;167;67;1;land;false;plains;7
8248;152;116;1;land;false;plains;7
8249;171;80;1;land;false;plains;7
8250;139;109;1;land;false;plains;7
8251;149;52;1;land;false;plains;7
8252;160;108;1;land;false;plains;7
8253;175;74;1;land;false;plains;7
8254;145;61;1;land;false;plains;7
8255;187;91;1;land;false;plains;7
8256;204;57;1;land;false;plains;7
8257;93;110;1;land;false;hills;7
8258;139;173;1;land;false;plains;7
8259;130;116;1;land;false;plains;7
8260;128;139;1;land;false;hills;7
8261;163;103;1;land;false;mountain;7
8262;122;95;1;land;false;mountain;7
8263;132;135;1;land;false;plains;7
8264;158;168;1;land;false;plains;7
8265;131;122;1;land;false;hills;7
8266;109;138;1;land;false;hills;7
8267;133;129;1;land;false;plains;7
8268;141;146;1;land;false;mountain;7
8269;110;115;1;land;false;plains;7
8270;108;141;1;land;false;hills;7
8271;95;172;1;land;false;mountain;7
8272;107;128;1;land;false;mountain;7
8273;104;152;1;land;false;hills;7
8274;118;154;1;land;false;hills;7
8275;137;120;1;land;false;forest;7
8276;92;126;1;land;false;plains;7
8277;117;107;1;land;false;hills;7
8278;159;137;1;land;false;hills;7
8279;25;46;1;land;true;plains;6
8280;76;144;1;land;false;hills;7
8281;53;173;1;land;false;plains;7
8282;28;162;1;land;false;hills;7
8283;48;134;1;land;false;plains;7
8284;72;137;1;land;false;hills;7
8285;90;160;1;land;false;plains;7
8286;41;188;1;land;false;mountain;7
8287;93;132;1;land;false;hills;7
8288;87;157;1;land;false;plains;7
8289;64;168;1;land;false;plains;7
8290;85;133;1;land;false;forest;7
8291;72;122;1;land;false;mountain;7
8292;45;156;1;land;false;mountain;7
8293;89;138;1;land;false;plains;7
8294;96;151;1;land;false;plains;7
8295;38;183;1;land;false;plains;7
8296;62;139;1;land;false;plains;7
8297;100;210;1;land;false;hills;6
8298;114;209;1;land;false;forest;6
8299;154;239;1;land;false;plains;6
8300;106;230;1;land;false;plains;6
8301;144;223;1;land;false;forest;6
8302;101;202;1;land;false;hills;6
8303;80;162;1;land;false;plains;7
8304;67;158;1;land;false;plains;7
8305;134;213;1;land;false;plains;7
8306;111;157;1;land;false;plains;7
8307;177;44;1;land;false;plains;6
8308;191;6;1;land;true;plains;6
8309;122;57;1;land;false;urban;6
8310;176;24;1;land;false;plains;6
8311;187;5;1;land;false;plains;6
8312;141;34;1;land;true;plains;6
8313;167;1;1;land;false;plains;6
8314;137;40;1;land;false;plains;6
8315;164;35;1;land;false;plains;6
8316;162;60;1;land;false;plains;6
8317;176;182;1;land;false;mountain;6
8318;105;168;1;land;true;hills;6
8319;125;119;1;land;true;hills;6
8320;115;156;1;land;false;forest;6
8321;181;179;1;land;false;hills;6
8322;166;118;1;land;false;plains;6
8323;137;167;1;land;false;hills;6
8324;125;113;1;land;false;hills;6
8325;109;149;1;land;false;forest;6
8326;120;164;1;land;false;plains;6
8327;161;188;1;land;false;plains;6
8328;124;128;1;land;false;forest;6
8329;160;148;1;land;false;hills;6
8330;155;160;1;land;false;mountain;7
8331;158;147;1;land;false;mountain;7
8332;149;159;1;land;false;mountain;7
8333;133;105;1;land;false;mountain;7
8334;198;163;1;land;false;hills;7
8335;154;87;1;land;false;hills;7
8336;114;178;1;land;false;plains;6
8337;131;111;1;land;false;forest;6
8338;185;104;1;land;false;forest;6
8339;143;169;1;land;false;plains;6
8340;185;173;1;land;true;plains;6
8341;134;171;1;land;true;plains;6
8342;178;159;1;land;true;plains;6
8343;180;138;1;land;true;plains;6
8344;147;167;1;land;true;plains;6
8345;193;132;1;land;true;plains;6
8346;191;165;1;land;true;plains;6
8347;152;118;1;land;true;plains;6
8348;151;150;1;land;true;hills;6
8349;192;167;1;land;true;plains;6
8350;127;177;1;land;true;plains;6
8351;38;137;1;land;false;hills;7
8352;50;99;1;land;false;plains;7
8353;55;114;1;land;false;plains;7
8354;63;154;1;land;false;hills;7
8355;34;109;1;land;false;forest;7
8356;57;106;1;land;false;hills;7
8357;59;117;1;land;false;plains;7
8358;72;85;1;land;false;plains;7
8359;61;144;1;land;false;jungle;7
8360;119;149;1;land;false;forest;7
8361;115;135;1;land;false;forest;7
8362;98;147;1;land;false;plains;7
8363;99;173;1;land;false;desert;7
8364;104;86;1;land;false;hills;7
8365;84;35;1;land;false;forest;7
8366;52;109;1;land;false;jungle;7
8367;64;100;1;land;false;jungle;7
8368;115;68;1;land;false;jungle;7
8369;67;81;1;land;false;forest;7
8370;110;86;1;land;false;forest;7
8371;106;43;1;land;false;forest;7
8372;95;53;1;land;false;plains;7
8373;78;74;1;land;false;forest;7
8374;38;67;1;land;false;plains;7
8375;87;51;1;land;false;hills;7
8376;99;63;1;land;false;forest;7
8377;84;104;1;land;false;forest;7
8378;43;57;1;land;false;forest;7
8379;43;98;1;land;false;forest;7
8380;73;54;1;land;false;forest;7
8381;112;87;1;land;false;plains;7
8382;45;104;1;land;true;plains;6
8383;209;183;1;land;true;plains;7
8384;112;188;1;land;false;plains;7
8385;111;211;1;land;false;plains;7
8386;58;212;1;land;false;plains;7
8387;64;224;1;land;false;plains;7
8388;73;229;1;land;false;plains;7
8389;99;200;1;land;false;plains;7
8390;73;180;1;land;false;plains;7
8391;48;208;1;land;false;plains;7
8392;48;244;1;land;false;plains;7
8393;119;196;1;land;true;plains;4
8394;57;146;1;land;false;hills;6
8395;168;176;1;land;true;forest;7
8396;152;220;1;land;true;forest;7
8397;208;148;1;land;true;forest;7
8398;176;183;1;land;true;forest;7
8399;30;88;1;land;false;plains;3
8400;17;49;1;land;true;forest;3
8401;80;70;1;land;true;forest;3
8402;53;86;1;land;true;forest;3
8403;140;207;1;land;false;mountain;6
8404;199;221;1;land;false;mountain;6
8405;133;211;1;land;false;plains;6
8406;193;252;1;land;false;plains;6
8407;195;198;1;land;true;hills;6
8408;201;239;1;land;false;mountain;6
8409;175;184;1;land;false;plains;6
8410;165;240;1;land;false;mountain;6
8411;134;195;1;land;false;hills;6
8412;205;61;1;land;false;forest;7
8413;240;62;1;land;false;forest;7
8414;226;86;1;land;false;hills;7
8415;188;87;1;land;false;hills;7
8416;174;26;1;land;false;forest;7
8417;30;146;1;land;false;forest;7
8418;46;176;1;land;false;forest;7
8419;31;119;1;land;false;desert;7
8420;82;119;1;land;false;desert;7
8421;32;114;1;land;false;forest;7
8422;84;138;1;land;false;plains;7
8423;121;141;1;land;false;plains;7
8424;120;148;1;land;true;plains;7
8425;119;165;1;land;false;urban;7
8426;108;161;1;land;false;plains;7
8427;116;134;1;land;true;plains;7
8428;92;187;1;land;true;urban;7
8429;226;188;1;land;false;urban;7
8430;193;191;1;land;false;forest;7
8431;239;187;1;land;false;forest;7
8432;239;163;1;land;false;urban;7
8433;199;139;1;land;false;plains;7
8434;242;150;1;land;false;plains;7
8435;181;212;1;land;false;plains;7
8436;154;195;1;land;true;hills;6
8437;131;196;1;land;true;plains;6
8438;153;182;1;land;true;mountain;6
8439;141;176;1;land;true;hills;6
8440;173;202;1;land;true;plains;6
8441;165;165;1;land;true;hills;6
8442;143;207;1;land;true;plains;6
8443;141;154;1;land;true;hills;6
8444;48;209;1;land;false;plains;7
8445;57;190;1;land;true;forest;7
8446;84;224;1;land;true;plains;7
8447;78;207;1;land;false;plains;7
8448;66;179;1;land;false;plains;7
8449;77;212;1;land;true;plains;7
8450;88;195;1;land;false;plains;7
8451;28;165;1;land;false;forest;7
8452;62;164;1;land;false;forest;7
8453;31;173;1;land;false;plains;7
8454;69;200;1;land;true;plains;3
8455;32;175;1;land;false;plains;3
8456;69;234;1;land;true;plains;3
8457;60;160;1;land;true;forest;3
8458;49;216;1;land;false;plains;3
8459;104;197;1;land;true;forest;3
8460;59;203;1;land;true;plains;3
8461;60;211;1;land;false;forest;3
8462;74;214;1;land;false;plains;3
8463;188;78;1;land;true;plains;6
8464;198;89;1;land;false;plains;6
8465;147;158;1;land;false;plains;7
8466;136;193;1;land;false;plains;7
8467;148;156;1;land;false;plains;7
8468;123;149;1;land;false;plains;7
8469;134;175;1;land;false;plains;7
8470;140;187;1;land;false;plains;7
8471;100;127;1;land;false;plains;7
8472;155;157;1;land;true;plains;6
8473;89;227;1;land;false;plains;6
8474;86;217;1;land;false;plains;6
8475;129;169;1;land;true;plains;6
8476;128;174;1;land;true;plains;6
8477;80;190;1;land;true;plains;6
8478;125;170;1;land;true;plains;6
8479;92;184;1;land;false;plains;6
8480;159;198;1;land;true;plains;6
8481;128;178;1;land;false;plains;6
8482;83;211;1;land;true;plains;6
8483;101;184;1;land;true;hills;6
8484;138;147;1;land;true;plains;6
8485;98;169;1;land;false;plains;6
8486;130;189;1;land;false;plains;6
8487;150;194;1;land;false;plains;6
8488;146;54;1;land;false;plains;6
8489;131;126;1;land;false;plains;6
8490;154;120;1;land;false;plains;6
8491;131;115;1;land;false;forest;6
8492;110;56;1;land;false;hills;6
8493;160;107;1;land;false;forest;6
8494;160;97;1;land;false;plains;6
8495;164;104;1;land;false;forest;6
8496;101;56;1;land;false;hills;6
8497;151;94;1;land;false;plains;6
8498;148;73;1;land;false;plains;6
8499;175;154;1;land;true;plains;3
8500;112;83;1;land;false;plains;7
8501;91;92;1;land;false;plains;7
8502;124;131;1;land;false;plains;7
8503;112;73;1;land;false;plains;7
8504;136;120;1;land;false;plains;7
8505;84;86;1;land;false;plains;7
8506;152;201;1;land;false;plains;6
8507;197;208;1;land;false;plains;6
8508;208;241;1;land;false;plains;6
8509;143;172;1;land;false;hills;7
8510;133;207;1;land;false;hills;7
8511;110;180;1;land;false;hills;7
8512;147;176;1;land;false;hills;7
8513;105;129;1;land;false;mountain;7
8514;126;208;1;land;false;mountain;7
8515;110;142;1;land;false;plains;7
8516;166;205;1;land;false;mountain;7
8517;138;197;1;land;false;mountain;7
8518;143;132;1;land;false;mountain;7
8519;113;133;1;land;false;plains;7
8520;182;162;1;land;false;hills;7
8521;155;136;1;land;false;plains;7
8522;142;131;1;land;false;mountain;7
8523;143;192;1;land;false;hills;7
8524;158;136;1;land;false;mountain;7
8525;125;190;1;land;false;mountain;7
8526;168;117;1;land;false;forest;6
8527;139;76;1;land;true;plains;6
8528;136;91;1;land;true;plains;6
8529;97;163;1;land;false;plains;7
8530;53;175;1;land;false;plains;7
8531;46;156;1;land;true;plains;7
8532;69;187;1;land;true;jungle;7
8533;105;181;1;land;true;plains;7
8534;32;195;1;land;true;hills;7
8535;132;180;1;land;true;plains;6
8536;27;38;1;land;false;plains;7
8537;45;23;1;land;false;plains;7
8538;20;27;1;land;false;plains;7
8539;18;37;1;land;false;plains;7
8540;18;4;1;land;false;plains;7
8541;0;7;1;land;false;plains;7
8542;20;5;1;land;false;plains;7
8543;48;42;1;land;false;plains;7
8544;27;24;1;land;false;plains;7
8545;56;186;1;land;false;hills;6
8546;73;140;1;land;false;mountain;6
8547;77;181;1;land;false;hills;6
8548;75;210;1;land;false;hills;6
8549;40;191;1;land;false;hills;6
8550;101;163;1;land;false;hills;6
8551;113;194;1;land;false;hills;6
8552;89;208;1;land;false;mountain;6
8553;54;186;1;land;false;hills;6
8554;75;152;1;land;false;mountain;6
8555;251;210;1;land;true;hills;6
8556;223;178;1;land;true;hills;6
8557;239;208;1;land;false;plains;6
8558;234;225;1;land;false;forest;6
8559;241;197;1;land;true;plains;6
8560;135;221;1;land;true;plains;7
8561;119;128;1;land;true;plains;6
8562;154;115;1;land;true;plains;7
8563;150;69;1;land;true;plains;7
8564;194;60;1;land;true;plains;7
8565;176;106;1;land;true;plains;7
8566;41;77;1;land;false;plains;6
8567;6;93;1;land;false;plains;6
8568;32;113;1;land;true;plains;6
8569;13;107;1;land;false;plains;6
8570;14;125;1;land;false;plains;6
8571;12;93;1;land;false;forest;6
8572;11;93;1;land;true;hills;6
8573;13;121;1;land;false;plains;6
8574;24;69;1;land;false;plains;6
8575;4;123;1;land;true;plains;6
8576;53;110;1;land;false;forest;6
8577;34;96;1;land;false;plains;6
8578;2;16;1;land;true;hills;7
8579;91;88;1;land;false;plains;6
8580;58;160;1;land;false;plains;6
8581;91;128;1;land;false;forest;6
8582;75;98;1;land;false;plains;6
8583;81;113;1;land;false;plains;6
8584;50;236;1;land;true;plains;6
8585;89;194;1;land;true;plains;6
8586;61;218;1;land;true;plains;6
8587;41;226;1;land;false;urban;6
8588;56;207;1;land;true;plains;6
8589;64;108;1;land;false;plains;6
8590;249;175;1;land;false;hills;7
8591;220;223;1;land;false;mountain;7
8592;239;157;1;land;false;hills;7
8593;249;222;1;land;false;mountain;7
8594;253;212;1;land;false;mountain;7
8595;238;172;1;land;false;mountain;7
8596;215;190;1;land;false;mountain;7
8597;6;108;1;land;true;plains;6
8598;1;87;1;land;true;plains;6
8599;70;150;1;land;true;plains;6
8600;138;217;1;land;false;mountain;7
8601;107;232;1;land;false;mountain;7
8602;108;214;1;land;false;hills;7
8603;115;209;1;land;false;plains;7
8604;166;157;1;land;false;mountain;7
8605;181;225;1;land;false;mountain;7
8606;164;172;1;land;false;mountain;7
8607;115;188;1;land;false;hills;7
8608;118;210;1;land;false;plains;7
8609;158;172;1;land;false;mountain;7
8610;174;207;1;land;false;hills;7
8611;160;203;1;land;false;mountain;7
8612;169;209;1;land;false;mountain;7
8613;121;223;1;land;false;hills;7
8614;105;227;1;land;false;mountain;7
8615;167;195;1;land;false;mountain;7
8616;161;175;1;land;false;mountain;7
8617;135;213;1;land;false;plains;7
8618;117;159;1;land;false;mountain;7
8619;170;225;1;land;false;hills;7
8620;123;216;1;land;false;plains;7
8621;107;236;1;land;false;hills;7
8622;182;214;1;land;false;mountain;7
8623;173;169;1;land;false;mountain;7
8624;163;177;1;land;false;hills;7
8625;152;175;1;land;false;plains;7
8626;109;165;1;land;false;mountain;7
8627;163;170;1;land;false;hills;7
8628;110;219;1;land;false;mountain;7
8629;162;176;1;land;false;mountain;7
8630;142;202;1;land;false;hills;7
8631;133;188;1;land;false;mountain;7
8632;67;124;1;land;true;plains;7
8633;73;162;1;land;false;plains;7
8634;74;151;1;land;true;forest;7
8635;73;137;1;land;false;forest;7
8636;91;152;1;land;true;forest;7
8637;129;170;1;land;true;forest;7
8638;125;169;1;land;false;forest;7
8639;126;167;1;land;true;forest;3
8640;153;248;1;land;true;hills;6
8641;155;193;1;land;true;hills;6
8642;141;186;1;land;false;mountain;6
8643;131;239;1;land;true;mountain;6
8644;185;243;1;land;true;hills;6
8645;162;222;1;land;true;plains;6
8646;87;33;1;land;false;hills;7
8647;138;51;1;land;false;forest;7
8648;138;82;1;land;false;forest;7
8649;56;56;1;land;false;plains;6
8650;75;59;1;land;false;plains;6
8651;62;54;1;land;false;plains;6
8652;89;92;1;land;false;plains;6
8653;129;100;1;land;false;plains;6
8654;66;53;1;land;false;plains;6
8655;126;72;1;land;false;plains;6
8656;93;121;1;land;false;urban;6
8657;65;49;1;land;false;plains;6
8658;164;114;1;land;false;plains;6
8659;106;141;1;land;false;plains;6
8660;176;149;1;land;false;plains;6
8661;162;143;1;land;false;plains;6
8662;126;155;1;land;false;plains;6
8663;104;156;1;land;false;plains;6
8664;226;141;1;land;false;hills;6
8665;201;134;1;land;false;plains;6
8666;239;114;1;land;false;plains;6
8667;203;144;1;land;false;plains;6
8668;224;149;1;land;false;plains;6
8669;179;150;1;land;false;plains;6
8670;220;140;1;land;false;plains;6
8671;176;129;1;land;false;plains;6
8672;180;106;1;land;false;plains;6
8673;239;122;1;land;false;plains;6
8674;175;136;1;land;false;plains;6
8675;239;115;1;land;false;plains;6
8676;207;110;1;land;false;hills;6
8677;192;128;1;land;false;plains;6
8678;238;84;1;land;false;plains;6
8679;84;176;1;land;false;hills;7
8680;123;204;1;land;false;plains;7
8681;116;213;1;land;false;plains;7
8682;116;174;1;land;false;hills;7
8683;124;142;1;land;false;hills;7
8684;70;172;1;land;false;plains;7
8685;241;156;1;land;false;plains;7
8686;159;32;1;land;false;plains;7
8687;142;0;1;land;false;forest;7
8688;99;38;1;land;false;plains;7
8689;88;56;1;land;false;plains;7
8690;153;0;1;land;false;forest;7
8691;126;29;1;land;false;plains;7
8692;237;187;1;land;false;plains;6
8693;240;243;1;land;false;plains;6
8694;234;216;1;land;false;plains;6
8695;254;184;1;land;false;plains;6
8696;253;204;1;land;false;plains;6
8697;241;242;1;land;false;hills;6
8698;174;171;1;land;true;forest;6
8699;181;156;1;land;false;urban;6
8700;152;119;1;land;true;forest;6
8701;114;135;1;land;false;forest;6
8702;109;186;1;land;true;plains;6
8703;130;104;1;land;false;forest;7
8704;128;87;1;land;false;forest;7
8705;141;101;1;land;false;forest;7
8706;131;63;1;land;false;forest;7
8707;123;138;1;land;false;forest;7
8708;234;192;1;land;true;forest;3
8709;213;189;1;land;true;forest;3
8710;229;190;1;land;true;forest;3
8711;200;209;1;land;false;plains;3
8712;80;144;1;land;true;urban;6
8713;26;173;1;land;true;forest;6
8714;33;131;1;land;false;forest;6
8715;90;133;1;land;false;urban;6
8716;102;138;1;land;true;plains;6
8717;92;98;1;land;true;plains;6
8718;80;117;1;land;false;plains;6
8719;46;117;1;land;true;forest;6
8720;60;114;1;land;true;plains;6
8721;54;143;1;land;true;plains;6
8722;20;136;1;land;false;hills;6
8723;42;160;1;land;false;plains;6
8724;103;94;1;land;false;plains;7
8725;122;91;1;land;false;mountain;7
8726;101;147;1;land;false;mountain;7
8727;151;38;1;land;false;forest;6
8728;126;57;1;land;false;plains;6
8729;142;31;1;land;false;plains;6
8730;166;79;1;land;false;forest;6
8731;138;24;1;land;false;plains;6
8732;143;54;1;land;false;plains;6
8733;125;81;1;land;false;plains;6
8734;152;77;1;land;false;plains;6
8735;165;26;1;land;false;forest;6
8736;167;41;1;land;false;plains;6
8737;100;213;1;land;false;plains;7
8738;73;236;1;land;true;forest;7
8739;120;197;1;land;false;plains;7
8740;123;195;1;land;false;plains;7
8741;97;241;1;land;false;plains;7
8742;67;239;1;land;false;plains;7
8743;118;231;1;land;false;forest;7
8744;39;112;1;land;false;plains;6
8745;67;54;1;land;false;plains;6
8746;66;51;1;land;false;plains;6
8747;61;91;1;land;false;urban;6
8748;101;63;1;land;false;plains;6
8749;103;77;1;land;false;hills;6
8750;108;51;1;land;false;urban;6
8751;84;42;1;land;false;urban;6
8752;91;41;1;land;false;plains;6
8753;121;171;1;land;false;plains;6
8754;92;192;1;land;true;forest;6
8755;95;161;1;land;false;plains;6
8756;101;167;1;land;false;plains;6
8757;150;144;1;land;false;forest;6
8758;80;157;1;land;false;forest;6
8759;107;205;1;land;false;plains;6
8760;108;203;1;land;false;forest;6
8761;102;148;1;land;false;forest;6
8762;147;191;1;land;true;forest;6
8763;97;175;1;land;false;plains;6
8764;81;173;1;land;false;plains;6
8765;144;180;1;land;false;plains;6
8766;110;195;1;land;false;forest;6
8767;139;159;1;land;true;forest;6
8768;79;179;1;land;false;forest;6
8769;84;206;1;land;true;plains;6
8770;81;207;1;land;true;plains;6
8771;116;236;1;land;true;forest;6
8772;129;187;1;land;true;hills;6
8773;139;202;1;land;true;forest;6
8774;87;155;1;land;false;plains;6
8775;130;166;1;land;false;plains;6
8776;64;139;1;land;false;forest;6
8777;134;154;1;land;false;plains;6
8778;78;128;1;land;false;forest;6
8779;126;117;1;land;false;plains;6
8780;89;157;1;land;false;forest;6
8781;196;185;1;land;false;plains;6
8782;106;34;1;land;false;plains;6
8783;145;33;1;land;false;plains;6
8784;129;76;1;land;false;urban;6
8785;126;88;1;land;false;plains;6
8786;113;72;1;land;false;plains;6
8787;113;37;1;land;false;plains;6
8788;147;53;1;land;false;urban;6
8789;112;82;1;land;false;urban;6
8790;79;72;1;land;false;plains;6
8791;119;38;1;land;false;plains;6
8792;72;145;1;land;false;jungle;7
8793;50;171;1;land;false;jungle;7
8794;33;183;1;land;false;forest;7
8795;57;130;1;land;false;jungle;7
8796;70;181;1;land;false;forest;7
8797;62;174;1;land;false;plains;7
8798;52;198;1;land;true;forest;7
8799;100;79;1;land;false;plains;6
8800;48;53;1;land;false;hills;6
8801;61;126;1;land;false;mountain;6
8802;69;87;1;land;false;plains;6
8803;90;67;1;land;false;hills;6
8804;102;199;1;land;false;forest;7
8805;151;253;1;land;false;forest;7
8806;121;200;1;land;false;forest;7
8807;96;203;1;land;false;plains;7
8808;110;201;1;land;false;mountain;7
8809;165;228;1;land;false;forest;7
8810;129;199;1;land;false;hills;7
8811;110;241;1;land;false;mountain;7
8812;125;244;1;land;false;forest;7
8813;119;181;1;land;false;mountain;7
8814;169;206;1;land;false;forest;7
8815;165;243;1;land;false;forest;7
8816;114;182;1;land;false;mountain;7
8817;142;250;1;land;false;forest;7
8818;95;183;1;land;false;mountain;7
8819;100;229;1;land;false;jungle;7
8820;140;189;1;land;false;hills;7
8821;143;247;1;land;false;hills;7
8822;154;237;1;land;false;hills;7
8823;153;228;1;land;false;mountain;7
8824;131;187;1;land;false;mountain;7
8825;139;213;1;land;false;forest;7
8826;119;194;1;land;false;forest;7
8827;140;213;1;land;false;mountain;7
8828;134;242;1;land;false;forest;7
8829;97;208;1;land;false;hills;7
8830;92;185;1;land;false;hills;7
8831;90;183;1;land;false;mountain;7
8832;104;183;1;land;false;hills;7
8833;109;180;1;land;false;mountain;7
8834;85;32;1;land;false;forest;6
8835;13;211;1;land;false;plains;7
8836;226;189;1;land;false;plains;6
8837;221;162;1;land;true;plains;6
8838;131;200;1;land;false;urban;7
8839;112;168;1;land;false;plains;7
8840;124;200;1;land;false;plains;7
8841;62;203;1;land;true;plains;7
8842;86;195;1;land;false;plains;7
8843;83;198;1;land;true;plains;7
8844;76;215;1;land;false;plains;7
8845;114;173;1;land;true;plains;7
8846;106;179;1;land;true;forest;7
8847;99;211;1;land;false;plains;7
8848;55;202;1;land;false;plains;7
8849;112;169;1;land;true;plains;7
8850;180;161;1;land;false;plains;7
8851;97;206;1;land;false;plains;7
8852;157;167;1;land;false;plains;7
8853;82;205;1;land;false;plains;7
8854;108;182;1;land;false;plains;7
8855;109;217;1;land;false;plains;7
8856;48;132;1;land;false;mountain;6
8857;60;182;1;land;false;plains;6
8858;23;149;1;land;false;urban;6
8859;64;126;1;land;false;forest;6
8860;63;123;1;land;false;plains;6
8861;26;150;1;land;false;plains;6
8862;25;123;1;land;false;forest;6
8863;77;170;1;land;false;plains;6
8864;34;159;1;land;false;urban;6
8865;67;173;1;land;false;forest;6
8866;42;168;1;land;false;forest;6
8867;98;168;1;land;false;plains;6
8868;75;162;1;land;false;forest;6
8869;68;176;1;land;false;forest;6
8870;118;181;1;land;true;plains;6
8871;133;163;1;land;true;plains;6
8872;140;135;1;land;true;plains;6
8873;83;145;1;land;true;plains;6
8874;144;135;1;land;true;plains;6
8875;136;105;1;land;false;plains;6
8876;86;154;1;land;true;plains;6
8877;86;158;1;land;true;plains;6
8878;40;148;1;land;false;forest;6
8879;108;196;1;land;false;plains;7
8880;156;180;1;land;false;hills;7
8881;125;164;1;land;false;plains;7
8882;96;227;1;land;false;forest;7
8883;124;209;1;land;false;plains;7
8884;184;215;1;land;false;jungle;7
8885;213;238;1;land;false;forest;7
8886;169;185;1;land;false;hills;7
8887;147;246;1;land;false;forest;7
8888;174;195;1;land;false;forest;7
8889;185;238;1;land;false;forest;7
8890;201;180;1;land;false;forest;7
8891;203;183;1;land;false;hills;7
8892;181;238;1;land;false;forest;7
8893;145;75;1;land;true;mountain;6
8894;83;79;1;land;true;hills;6
8895;149;37;1;land;false;mountain;6
8896;94;74;1;land;true;hills;6
8897;123;105;1;land;false;mountain;6
8898;124;81;1;land;true;hills;6
8899;128;68;1;land;true;mountain;6
8900;150;107;1;land;false;mountain;6
8901;131;85;1;land;true;forest;3
8902;182;94;1;land;true;forest;3
8903;132;61;1;land;false;urban;6
8904;190;48;1;land;false;plains;6
8905;127;108;1;land;false;plains;6
8906;122;137;1;land;false;forest;6
8907;165;88;1;land;false;urban;6
8908;132;129;1;land;false;plains;6
8909;142;127;1;land;false;plains;6
8910;123;66;1;land;false;plains;6
8911;119;69;1;land;false;plains;6
8912;154;72;1;land;false;plains;6
8913;173;79;1;land;false;plains;6
8914;136;68;1;land;false;plains;7
8915;121;65;1;land;false;plains;7
8916;129;60;1;land;false;plains;7
8917;108;131;1;land;false;plains;7
8918;107;109;1;land;false;plains;7
8919;90;70;1;land;false;plains;7
8920;129;67;1;land;false;plains;7
8921;106;65;1;land;false;plains;7
8922;59;75;1;land;false;plains;7
8923;100;89;1;land;false;plains;7
8924;95;68;1;land;false;plains;7
8925;73;125;1;land;false;plains;7
8926;70;78;1;land;false;plains;7
8927;123;71;1;land;false;plains;7
8928;67;116;1;land;false;plains;7
8929;78;76;1;land;false;plains;7
8930;84;88;1;land;false;plains;7
8931;84;59;1;land;false;plains;7
8932;84;58;1;land;false;plains;7
8933;46;219;1;land;true;hills;6
8934;92;249;1;land;true;plains;6
8935;45;225;1;land;false;hills;6
8936;40;227;1;land;false;plains;6
8937;114;158;1;land;false;plains;6
8938;116;104;1;land;false;plains;6
8939;100;107;1;land;false;plains;6
8940;152;126;1;land;false;plains;6
8941;163;127;1;land;false;plains;6
8942;136;166;1;land;false;urban;6
8943;115;120;1;land;false;plains;6
8944;102;162;1;land;false;plains;6
8945;91;100;1;land;false;forest;6
8946;33;216;1;land;false;plains;7
8947;78;222;1;land;false;plains;7
8948;40;200;1;land;true;hills;7
8949;79;164;1;land;false;hills;7
8950;108;150;1;land;false;plains;7
8951;61;146;1;land;false;plains;7
8952;46;197;1;land;false;plains;7
8953;38;222;1;land;true;plains;7
8954;55;201;1;land;true;desert;7
8955;35;153;1;land;true;hills;7
8956;233;154;1;land;false;plains;7
8957;173;116;1;land;false;plains;7
8958;210;100;1;land;false;plains;7
8959;181;173;1;land;false;plains;7
8960;115;87;1;land;false;plains;7
8961;131;78;1;land;false;plains;7
8962;154;116;1;land;false;plains;7
8963;116;127;1;land;false;plains;6
8964;154;168;1;land;false;plains;6
8965;97;136;1;land;false;plains;6
8966;130;140;1;land;false;plains;6
8967;104;180;1;land;false;plains;6
8968;128;134;1;land;false;plains;6
8969;140;163;1;land;false;plains;6
8970;113;143;1;land;false;plains;6
8971;72;30;1;land;true;plains;2
8972;131;87;1;land;false;plains;2
8973;93;56;1;land;true;plains;2
8974;113;94;1;land;true;plains;2
8975;99;61;1;land;true;plains;2
8976;95;90;1;land;false;plains;2
8977;110;90;1;land;false;urban;2
8978;108;103;1;land;true;plains;2
8979;85;57;1;land;true;plains;2
8980;62;60;1;land;true;plains;2
8981;70;66;1;land;true;plains;2
8982;160;83;1;land;true;plains;6
8983;180;26;1;land;true;hills;6
8984;155;107;1;land;true;plains;6
8985;248;177;1;land;false;plains;6
8986;238;125;1;land;false;plains;6
8987;229;134;1;land;false;plains;6
8988;239;201;1;land;false;plains;6
8989;223;140;1;land;true;plains;6
8990;232;181;1;land;true;forest;7
8991;219;201;1;land;true;jungle;7
8992;233;133;1;land;false;forest;7
8993;236;170;1;land;true;forest;7
8994;216;145;1;land;true;forest;7
8995;249;131;1;land;true;forest;7
8996;249;150;1;land;false;forest;7
8997;214;201;1;land;true;plains;7
8998;249;149;1;land;false;forest;7
8999;232;186;1;land;false;forest;7
9000;60;126;1;land;true;plains;3
9001;72;215;1;land;true;hills;6
9002;101;195;1;land;false;mountain;6
9003;48;198;1;land;false;hills;6
9004;68;217;1;land;true;hills;6
9005;76;222;1;land;true;hills;6
9006;66;200;1;land;false;hills;6
9007;84;240;1;land;true;hills;6
9008;52;208;1;land;true;hills;6
9009;69;213;1;land;true;hills;6
9010;115;243;1;land;true;hills;6
9011;72;245;1;land;true;mountain;6
9012;95;213;1;land;false;hills;6
9013;55;190;1;land;true;hills;6
9014;94;252;1;land;true;hills;6
9015;156;201;1;land;false;plains;2
9016;167;130;1;land;true;plains;2
9017;171;202;1;land;false;forest;2
9018;213;201;1;land;false;plains;2
9019;202;191;1;land;false;plains;2
9020;222;141;1;land;false;plains;2
9021;171;183;1;land;false;plains;2
9022;191;153;1;land;true;plains;2
9023;246;58;1;land;false;hills;7
9024;224;90;1;land;false;hills;7
9025;215;58;1;land;false;hills;7
9026;222;76;1;land;false;hills;7
9027;238;76;1;land;false;plains;7
9028;250;87;1;land;false;hills;7
9029;211;99;1;land;false;hills;7
9030;203;45;1;land;false;mountain;7
9031;245;90;1;land;false;mountain;7
9032;226;83;1;land;false;hills;7
9033;227;95;1;land;false;hills;7
9034;202;36;1;land;false;plains;7
9035;251;56;1;land;false;hills;7
9036;210;71;1;land;false;plains;7
9037;218;89;1;land;false;hills;7
9038;250;51;1;land;false;hills;7
9039;229;61;1;land;false;plains;7
9040;210;50;1;land;false;mountain;7
9041;247;84;1;land;false;hills;7
9042;220;43;1;land;false;plains;7
9043;226;95;1;land;false;plains;7
9044;71;38;1;land;true;forest;3
9045;65;169;1;land;false;plains;7
9046;72;181;1;land;false;plains;7
9047;100;189;1;land;false;hills;7
9048;91;91;1;land;false;plains;6
9049;85;49;1;land;false;plains;6
9050;89;57;1;land;false;hills;6
9051;130;88;1;land;false;plains;6
9052;96;98;1;land;false;plains;6
9053;113;50;1;land;false;plains;6
9054;65;189;1;land;true;hills;7
9055;181;205;1;land;false;plains;6
9056;165;130;1;land;false;plains;6
9057;104;177;1;land;false;plains;6
9058;172;170;1;land;false;plains;6
9059;121;157;1;land;false;plains;6
9060;144;151;1;land;false;plains;6
9061;120;169;1;land;false;plains;6
9062;182;190;1;land;false;plains;6
9063;163;138;1;land;false;plains;6
9064;176;200;1;land;false;plains;6
9065;115;131;1;land;false;forest;6
9066;176;170;1;land;false;plains;6
9067;176;165;1;land;false;plains;6
9068;159;201;1;land;false;urban;6
9069;40;88;1;land;false;hills;6
9070;62;153;1;land;false;hills;6
9071;7;154;1;land;false;hills;6
9072;116;66;1;land;false;plains;6
9073;88;89;1;land;true;plains;6
9074;99;87;1;land;true;plains;6
9075;53;75;1;land;false;plains;6
9076;86;84;1;land;false;plains;6
9077;117;241;1;land;false;plains;6
9078;78;198;1;land;true;plains;6
9079;67;209;1;land;true;plains;6
9080;125;201;1;land;true;hills;6
9081;168;197;1;land;true;plains;6
9082;178;202;1;land;false;forest;6
9083;46;22;1;land;false;forest;7
9084;1;69;1;land;false;plains;7
9085;22;27;1;land;false;plains;7
9086;11;64;1;land;false;plains;7
9087;41;58;1;land;false;plains;7
9088;21;6;1;land;false;plains;7
9089;29;62;1;land;false;plains;7
9090;5;33;1;land;false;forest;7
9091;11;0;1;land;false;forest;7
9092;24;8;1;land;false;plains;7
9093;4;59;1;land;false;plains;7
9094;30;31;1;land;false;urban;7
9095;38;29;1;land;false;forest;7
9096;51;21;1;land;false;plains;7
9097;18;7;1;land;false;urban;7
9098;16;46;1;land;false;plains;7
9099;21;24;1;land;false;plains;7
9100;31;22;1;land;false;plains;7
9101;0;14;1;land;false;plains;7
9102;6;36;1;land;false;plains;7
9103;29;14;1;land;false;plains;7
9104;30;53;1;land;false;plains;7
9105;59;51;1;land;false;plains;7
9106;37;28;1;land;false;plains;7
9107;53;59;1;land;false;plains;7
9108;29;61;1;land;false;plains;7
9109;6;20;1;land;false;plains;7
9110;29;47;1;land;false;plains;7
9111;37;21;1;land;false;plains;7
9112;54;43;1;land;false;plains;7
9113;51;69;1;land;false;forest;7
9114;7;177;1;land;true;forest;6
9115;20;161;1;land;true;plains;6
9116;22;183;1;land;true;hills;6
9117;127;239;1;land;false;forest;6
9118;85;35;1;land;true;hills;7
9119;238;190;1;land;false;plains;7
9120;230;183;1;land;false;plains;7
9121;241;218;1;land;false;plains;7
9122;224;142;1;land;false;plains;7
9123;158;73;1;land;true;plains;6
9124;109;96;1;land;true;plains;6
9125;127;90;1;land;false;plains;6
9126;103;65;1;land;true;plains;6
9127;159;152;1;land;false;plains;7
9128;149;197;1;land;false;urban;7
9129;138;214;1;land;false;plains;7
9130;155;226;1;land;false;plains;7
9131;155;216;1;land;false;urban;7
9132;119;225;1;land;false;plains;7
9133;119;188;1;land;false;plains;7
9134;134;169;1;land;false;plains;7
9135;157;170;1;land;false;plains;7
9136;123;199;1;land;false;plains;7
9137;84;161;1;land;false;plains;7
9138;91;27;1;land;false;plains;6
9139;98;61;1;land;false;forest;6
9140;142;24;1;land;false;forest;6
9141;151;74;1;land;false;plains;6
9142;115;71;1;land;false;plains;6
9143;106;58;1;land;false;plains;6
9144;62;50;1;land;false;plains;6
9145;33;58;1;land;false;plains;6
9146;77;54;1;land;false;plains;6
9147;72;68;1;land;false;plains;6
9148;39;64;1;land;false;plains;6
9149;25;30;1;land;false;plains;6
9150;46;13;1;land;false;plains;6
9151;24;85;1;land;false;plains;6
9152;17;80;1;land;false;plains;6
9153;92;86;1;land;false;plains;6
9154;73;7;1;land;false;plains;6
9155;54;75;1;land;false;plains;6
9156;124;114;1;land;false;plains;7
9157;78;114;1;land;false;plains;7
9158;145;125;1;land;false;hills;6
9159;157;101;1;land;false;mountain;6
9160;120;114;1;land;false;hills;6
9161;148;106;1;land;false;hills;6
9162;153;99;1;land;false;hills;6
9163;122;109;1;land;false;plains;6
9164;166;125;1;land;false;plains;6
9165;173;155;1;land;false;plains;6
9166;172;152;1;land;false;hills;6
9167;145;150;1;land;false;hills;6
9168;160;82;1;land;false;hills;6
9169;202;67;1;land;true;plains;6
9170;171;50;1;land;false;hills;6
9171;123;115;1;land;false;hills;7
9172;103;162;1;land;false;jungle;7
9173;141;116;1;land;false;jungle;7
9174;125;118;1;land;false;jungle;7
9175;151;180;1;land;false;hills;7
9176;144;128;1;land;false;plains;7
9177;124;130;1;land;false;plains;7
9178;157;183;1;land;false;forest;7
9179;165;154;1;land;false;plains;7
9180;98;171;1;land;false;hills;7
9181;101;142;1;land;false;plains;7
9182;160;161;1;land;false;plains;7
9183;163;169;1;land;false;hills;7
9184;108;168;1;land;false;forest;7
9185;135;170;1;land;false;plains;7
9186;158;173;1;land;false;plains;7
9187;98;142;1;land;false;hills;7
9188;109;147;1;land;false;plains;7
9189;102;163;1;land;false;hills;7
9190;172;148;1;land;false;forest;7
9191;160;102;1;land;false;plains;7
9192;180;114;1;land;false;plains;7
9193;154;167;1;land;false;plains;7
9194;149;112;1;land;false;plains;7
9195;151;154;1;land;false;plains;7
9196;132;148;1;land;false;hills;7
9197;194;117;1;land;false;forest;7
9198;195;118;1;land;false;plains;7
9199;190;140;1;land;false;forest;7
9200;201;119;1;land;false;plains;7
9201;157;160;1;land;false;forest;7
9202;132;111;1;land;false;plains;7
9203;172;103;1;land;false;plains;7
9204;148;164;1;land;false;forest;7
9205;128;168;1;land;false;hills;7
9206;120;146;1;land;false;forest;6
9207;113;247;1;land;false;forest;6
9208;118;209;1;land;false;plains;6
9209;169;228;1;land;false;forest;6
9210;115;185;1;land;false;hills;6
9211;181;201;1;land;false;forest;6
9212;169;238;1;land;true;hills;6
9213;137;240;1;land;false;forest;6
9214;144;166;1;land;true;plains;6
9215;107;195;1;land;true;plains;6
9216;100;191;1;land;false;plains;6
9217;132;221;1;land;false;plains;6
9218;110;234;1;land;false;plains;6
9219;119;211;1;land;true;plains;6
9220;140;166;1;land;false;plains;6
9221;150;214;1;land;false;plains;6
9222;200;94;1;land;true;hills;6
9223;181;119;1;land;false;plains;6
9224;220;165;1;land;false;hills;6
9225;143;148;1;land;false;plains;6
9226;185;107;1;land;false;plains;6
9227;164;151;1;land;false;plains;6
9228;219;141;1;land;false;plains;6
9229;163;143;1;land;true;plains;6
9230;215;163;1;land;false;hills;6
9231;213;140;1;land;true;plains;6
9232;150;106;1;land;false;hills;6
9233;158;99;1;land;false;plains;6
9234;164;117;1;land;false;plains;6
9235;181;214;1;land;false;plains;7
9236;186;212;1;land;false;plains;7
9237;160;204;1;land;false;plains;7
9238;222;243;1;land;false;plains;7
9239;204;237;1;land;false;plains;7
9240;198;183;1;land;false;plains;7
9241;143;200;1;land;true;hills;6
9242;196;193;1;land;false;plains;6
9243;241;188;1;land;false;plains;6
9244;200;194;1;land;false;plains;6
9245;236;201;1;land;false;plains;6
9246;134;71;1;land;true;hills;6
9247;72;150;1;land;false;forest;6
9248;93;118;1;land;true;plains;6
9249;214;170;1;land;true;hills;6
9250;121;192;1;land;false;plains;7
9251;121;218;1;land;false;plains;7
9252;102;211;1;land;false;plains;7
9253;161;203;1;land;false;plains;7
9254;98;189;1;land;false;plains;7
9255;157;208;1;land;false;plains;7
9256;102;45;1;land;false;hills;6
9257;153;100;1;land;false;plains;6
9258;103;121;1;land;false;plains;6
9259;116;111;1;land;false;hills;6
9260;144;60;1;land;false;hills;6
9261;92;99;1;land;false;hills;6
9262;123;52;1;land;false;plains;6
9263;134;79;1;land;false;plains;6
9264;182;81;1;land;false;plains;6
9265;186;64;1;land;false;plains;6
9266;163;24;1;land;false;plains;6
9267;187;78;1;land;false;plains;6
9268;159;30;1;land;false;plains;6
9269;134;47;1;land;false;plains;6
9270;115;85;1;land;false;plains;6
9271;163;27;1;land;false;forest;6
9272;66;215;1;land;true;plains;7
9273;64;233;1;land;true;plains;7
9274;29;188;1;land;true;plains;7
9275;73;209;1;land;true;plains;7
9276;47;226;1;land;true;plains;7
9277;95;190;1;land;false;plains;7
9278;99;130;1;land;false;plains;7
9279;62;179;1;land;false;plains;7
9280;93;184;1;land;false;plains;7
9281;82;159;1;land;false;hills;7
9282;166;161;1;land;false;urban;6
9283;113;137;1;land;false;plains;6
9284;130;186;1;land;false;plains;6
9285;100;158;1;land;false;plains;6
9286;117;121;1;land;false;plains;6
9287;170;186;1;land;false;plains;6
9288;148;144;1;land;false;plains;6
9289;165;119;1;land;false;plains;6
9290;150;159;1;land;false;plains;6
9291;160;131;1;land;false;plains;6
9292;162;191;1;land;false;plains;6
9293;124;195;1;land;false;plains;6
9294;103;148;1;land;false;plains;6
9295;138;121;1;land;false;plains;6
9296;134;133;1;land;false;urban;6
9297;156;127;1;land;false;plains;6
9298;161;162;1;land;false;plains;6
9299;204;191;1;land;true;plains;7
9300;229;226;1;land;true;urban;7
9301;227;205;1;land;true;urban;7
9302;225;220;1;land;false;plains;7
9303;213;246;1;land;false;plains;7
9304;239;246;1;land;false;plains;7
9305;205;244;1;land;false;forest;7
9306;145;102;1;land;false;plains;6
9307;198;67;1;land;false;plains;6
9308;210;80;1;land;false;plains;6
9309;198;99;1;land;false;plains;6
9310;212;97;1;land;false;plains;6
9311;149;29;1;land;false;plains;6
9312;180;63;1;land;false;plains;6
9313;190;102;1;land;false;plains;6
9314;208;52;1;land;false;plains;6
9315;158;50;1;land;false;plains;6
9316;148;46;1;land;false;plains;6
9317;150;47;1;land;false;plains;6
9318;171;74;1;land;false;plains;6
9319;183;167;1;land;false;plains;6
9320;151;219;1;land;false;plains;6
9321;135;232;1;land;false;plains;6
9322;193;205;1;land;false;forest;6
9323;187;212;1;land;false;plains;6
9324;184;227;1;land;false;plains;6
9325;139;205;1;land;false;forest;6
9326;205;211;1;land;false;plains;6
9327;206;181;1;land;false;plains;6
9328;31;128;1;land;false;hills;6
9329;43;134;1;land;false;plains;6
9330;70;147;1;land;false;mountain;6
9331;67;115;1;land;false;hills;6
9332;93;87;1;land;false;hills;6
9333;67;94;1;land;false;mountain;6
9334;72;72;1;land;false;mountain;6
9335;49;80;1;land;false;plains;7
9336;1;35;1;land;false;plains;7
9337;54;41;1;land;false;plains;7
9338;4;64;1;land;false;urban;7
9339;55;28;1;land;false;plains;7
9340;5;37;1;land;false;plains;7
9341;62;20;1;land;false;plains;7
9342;45;27;1;land;false;plains;7
9343;21;32;1;land;false;urban;7
9344;28;91;1;land;false;plains;7
9345;24;59;1;land;false;plains;7
9346;50;79;1;land;false;plains;7
9347;63;41;1;land;false;plains;7
9348;57;64;1;land;false;hills;7
9349;73;88;1;land;false;plains;7
9350;131;56;1;land;false;hills;6
9351;174;37;1;land;false;hills;6
9352;74;203;1;land;false;hills;7
9353;113;195;1;land;false;mountain;7
9354;66;231;1;land;false;hills;7
9355;59;169;1;land;false;mountain;7
9356;109;213;1;land;false;plains;7
9357;74;202;1;land;false;mountain;7
9358;76;194;1;land;false;mountain;7
9359;125;186;1;land;false;hills;7
9360;72;204;1;land;false;hills;7
9361;71;191;1;land;false;mountain;7
9362;57;179;1;land;false;hills;7
9363;80;170;1;land;false;plains;7
9364;66;212;1;land;false;plains;7
9365;185;86;1;land;false;plains;7
9366;213;53;1;land;false;plains;7
9367;208;98;1;land;false;plains;7
9368;169;106;1;land;false;urban;7
9369;215;47;1;land;false;plains;7
9370;171;59;1;land;false;plains;7
9371;221;79;1;land;false;plains;7
9372;215;86;1;land;true;plains;7
9373;227;62;1;land;false;plains;7
9374;166;113;1;land;false;plains;7
9375;219;113;1;land;false;plains;7
9376;173;77;1;land;false;plains;7
9377;200;59;1;land;false;plains;7
9378;185;110;1;land;false;plains;7
9379;235;101;1;land;false;plains;7
9380;218;88;1;land;true;plains;7
9381;213;69;1;land;false;plains;7
9382;179;48;1;land;false;plains;7
9383;192;72;1;land;false;plains;7
9384;199;51;1;land;true;plains;7
9385;188;85;1;land;false;plains;7
9386;226;59;1;land;false;plains;7
9387;227;85;1;land;true;plains;7
9388;165;96;1;land;false;plains;7
9389;192;49;1;land;false;plains;7
9390;168;90;1;land;false;plains;7
9391;233;80;1;land;false;plains;7
9392;188;41;1;land;false;plains;7
9393;162;55;1;land;false;plains;7
9394;237;105;1;land;true;plains;7
9395;231;39;1;land;false;plains;7
9396;238;86;1;land;false;plains;7
9397;232;97;1;land;false;plains;7
9398;232;109;1;land;false;plains;7
9399;163;119;1;land;false;plains;7
9400;207;111;1;land;false;plains;7
9401;165;98;1;land;false;plains;7
9402;177;54;1;land;false;plains;7
9403;172;93;1;land;false;plains;7
9404;164;100;1;land;false;plains;7
9405;241;92;1;land;false;forest;7
9406;172;98;1;land;true;plains;7
9407;192;94;1;land;false;plains;7
9408;195;40;1;land;false;plains;7
9409;177;104;1;land;false;plains;7
9410;192;86;1;land;false;plains;7
9411;223;81;1;land;false;plains;7
9412;197;107;1;land;false;plains;7
9413;186;44;1;land;false;plains;7
9414;216;41;1;land;true;plains;7
9415;168;98;1;land;false;plains;7
9416;203;69;1;land;false;plains;7
9417;200;90;1;land;false;plains;7
9418;212;77;1;land;false;plains;7
9419;220;44;1;land;false;plains;7
9420;211;72;1;land;false;plains;7
9421;178;112;1;land;false;plains;7
9422;239;44;1;land;false;plains;7
9423;205;116;1;land;false;plains;7
9424;228;112;1;land;false;plains;7
9425;203;76;1;land;false;plains;7
9426;203;81;1;land;false;forest;7
9427;232;53;1;land;false;plains;7
9428;172;89;1;land;true;plains;7
9429;201;94;1;land;false;plains;7
9430;228;65;1;land;false;plains;7
9431;186;105;1;land;false;forest;7
9432;227;60;1;land;false;plains;7
9433;227;102;1;land;false;plains;7
9434;191;109;1;land;true;plains;7
9435;209;99;1;land;false;plains;7
9436;185;93;1;land;true;plains;7
9437;218;101;1;land;false;plains;7
9438;194;100;1;land;false;plains;7
9439;202;106;1;land;false;plains;7
9440;229;58;1;land;false;plains;7
9441;233;42;1;land;false;plains;7
9442;189;42;1;land;false;plains;7
9443;202;108;1;land;false;urban;7
9444;99;215;1;land;false;plains;7
9445;73;185;1;land;false;mountain;7
9446;94;214;1;land;false;plains;7
9447;86;168;1;land;false;mountain;7
9448;132;188;1;land;false;mountain;7
9449;90;162;1;land;false;hills;7
9450;87;204;1;land;false;hills;7
9451;61;214;1;land;false;plains;7
9452;97;157;1;land;false;hills;7
9453;89;165;1;land;false;plains;7
9454;71;166;1;land;false;plains;7
9455;70;192;1;land;false;hills;7
9456;114;153;1;land;false;mountain;7
9457;89;204;1;land;false;plains;7
9458;93;158;1;land;false;plains;7
9459;75;200;1;land;false;plains;7
9460;126;182;1;land;false;mountain;7
9461;113;201;1;land;false;plains;7
9462;101;165;1;land;false;plains;7
9463;110;196;1;land;false;mountain;7
9464;136;171;1;land;false;hills;7
9465;87;209;1;land;false;plains;7
9466;105;152;1;land;false;plains;7
9467;86;170;1;land;false;mountain;7
9468;90;151;1;land;false;mountain;7
9469;94;190;1;land;false;plains;7
9470;82;168;1;land;false;hills;7
9471;224;172;1;land;false;plains;7
9472;134;92;1;land;false;plains;6
9473;138;74;1;land;false;plains;6
9474;158;74;1;land;false;plains;6
9475;166;47;1;land;false;hills;6
9476;138;37;1;land;false;plains;6
9477;127;85;1;land;false;hills;6
9478;39;120;1;land;false;hills;7
9479;77;118;1;land;false;plains;7
9480;96;141;1;land;false;hills;7
9481;74;112;1;land;false;plains;7
9482;71;151;1;land;false;forest;7
9483;50;115;1;land;false;forest;7
9484;76;137;1;land;false;forest;7
9485;77;129;1;land;false;jungle;7
9486;36;111;1;land;false;forest;7
9487;44;108;1;land;false;plains;7
9488;100;99;1;land;false;forest;7
9489;68;152;1;land;false;forest;7
9490;59;99;1;land;false;plains;7
9491;183;200;1;land;false;plains;6
9492;138;45;1;land;false;forest;6
9493;106;83;1;land;false;plains;7
9494;79;117;1;land;false;plains;7
9495;95;131;1;land;false;plains;7
9496;72;36;1;land;false;plains;6
9497;116;55;1;land;true;plains;6
9498;132;114;1;land;true;plains;6
9499;115;117;1;land;false;plains;6
9500;147;118;1;land;false;desert;6
9501;121;147;1;land;false;plains;6
9502;86;191;1;land;false;jungle;7
9503;85;199;1;land;false;plains;7
9504;178;160;1;land;false;forest;7
9505;178;168;1;land;false;forest;7
9506;224;211;1;land;false;plains;7
9507;243;151;1;land;false;plains;7
9508;235;190;1;land;false;plains;7
9509;220;161;1;land;false;forest;7
9510;210;155;1;land;false;plains;7
9511;222;181;1;land;false;plains;7
9512;202;147;1;land;false;forest;7
9513;234;141;1;land;false;plains;7
9514;223;174;1;land;false;forest;7
9515;81;109;1;land;false;mountain;7
9516;90;137;1;land;false;hills;7
9517;71;98;1;land;false;hills;7
9518;54;124;1;land;false;mountain;7
9519;64;144;1;land;false;mountain;7
9520;25;129;1;land;false;hills;7
9521;37;150;1;land;false;mountain;7
9522;20;115;1;land;false;mountain;7
9523;45;138;1;land;false;mountain;7
9524;43;160;1;land;false;mountain;7
9525;15;113;1;land;false;hills;7
9526;15;119;1;land;false;mountain;7
9527;28;124;1;land;false;mountain;7
9528;67;113;1;land;false;mountain;7
9529;69;128;1;land;false;mountain;7
9530;35;112;1;land;false;mountain;7
9531;71;144;1;land;false;hills;7
9532;78;142;1;land;false;hills;7
9533;25;162;1;land;false;mountain;7
9534;78;137;1;land;false;mountain;7
9535;123;192;1;land;false;plains;6
9536;152;208;1;land;false;plains;6
9537;172;195;1;land;false;plains;6
9538;83;110;1;land;false;plains;7
9539;82;91;1;land;false;plains;7
9540;130;122;1;land;false;hills;7
9541;83;164;1;land;false;plains;7
9542;147;133;1;land;false;hills;7
9543;142;99;1;land;false;plains;7
9544;252;86;1;land;false;plains;6
9545;240;127;1;land;false;plains;6
9546;231;84;1;land;false;urban;6
9547;234;69;1;land;false;plains;6
9548;230;136;1;land;false;urban;6
9549;209;73;1;land;false;plains;6
9550;205;118;1;land;true;plains;6
9551;211;65;1;land;false;urban;6
9552;241;84;1;land;true;plains;6
9553;195;64;1;land;false;plains;6
9554;248;106;1;land;false;plains;6
9555;202;72;1;land;false;plains;6
9556;239;117;1;land;false;urban;6
9557;217;64;1;land;false;plains;6
9558;127;91;1;land;true;plains;6
9559;64;147;1;land;true;hills;6
9560;119;229;1;land;false;plains;6
9561;95;227;1;land;false;plains;6
9562;90;228;1;land;false;plains;6
9563;165;233;1;land;false;plains;6
9564;140;188;1;land;false;plains;6
9565;110;181;1;land;false;plains;6
9566;92;200;1;land;false;plains;6
9567;97;182;1;land;false;urban;6
9568;4;48;1;land;false;forest;7
9569;40;21;1;land;false;forest;7
9570;28;55;1;land;false;hills;7
9571;12;207;1;land;false;plains;7
9572;19;213;1;land;false;hills;7
9573;39;221;1;land;false;plains;7
9574;29;221;1;land;false;plains;7
9575;10;220;1;land;false;plains;7
9576;8;218;1;land;false;hills;7
9577;156;204;1;land;true;plains;7
9578;97;101;1;land;false;hills;6
9579;103;67;1;land;false;hills;6
9580;143;66;1;land;false;mountain;6
9581;133;88;1;land;false;mountain;6
9582;111;76;1;land;false;plains;6
9583;86;44;1;land;false;plains;6
9584;79;56;1;land;false;plains;6
9585;69;116;1;land;false;plains;6
9586;112;122;1;land;false;plains;6
9587;65;109;1;land;false;plains;6
9588;38;162;1;land;false;forest;7
9589;18;193;1;land;false;hills;7
9590;24;206;1;land;false;forest;7
9591;34;172;1;land;false;jungle;7
9592;33;161;1;land;false;plains;7
9593;9;183;1;land;false;jungle;7
9594;16;167;1;land;false;jungle;7
9595;1;228;1;land;false;forest;7
9596;39;189;1;land;false;jungle;7
9597;5;167;1;land;false;forest;7
9598;19;221;1;land;false;jungle;7
9599;56;188;1;land;false;forest;7
9600;12;164;1;land;false;jungle;7
9601;13;219;1;land;false;plains;7
9602;58;192;1;land;false;plains;7
9603;5;180;1;land;false;forest;7
9604;49;196;1;land;false;forest;7
9605;35;169;1;land;false;forest;7
9606;43;205;1;land;false;hills;7
9607;64;51;1;land;false;plains;6
9608;232;223;1;land;false;urban;6
9609;203;182;1;land;false;plains;6
9610;195;214;1;land;false;plains;6
9611;205;210;1;land;false;plains;6
9612;185;212;1;land;false;plains;6
9613;194;229;1;land;false;plains;6
9614;205;181;1;land;false;plains;6
9615;230;184;1;land;false;plains;6
9616;245;179;1;land;false;plains;6
9617;120;2;1;land;false;hills;6
9618;217;231;1;land;false;forest;7
9619;227;232;1;land;false;forest;7
9620;209;214;1;land;false;forest;7
9621;201;250;1;land;false;plains;7
9622;225;234;1;land;false;forest;7
9623;75;157;1;land;false;hills;6
9624;95;122;1;land;false;forest;7
9625;88;167;1;land;false;forest;7
9626;151;129;1;land;false;forest;7
9627;135;146;1;land;false;forest;7
9628;21;97;1;land;false;plains;6
9629;77;86;1;land;false;forest;6
9630;32;35;1;land;false;plains;6
9631;23;91;1;land;false;plains;6
9632;23;30;1;land;false;plains;6
9633;90;50;1;land;false;plains;6
9634;42;46;1;land;false;forest;6
9635;110;220;1;land;true;plains;7
9636;156;247;1;land;true;plains;7
9637;117;195;1;land;false;plains;7
9638;152;241;1;land;false;plains;7
9639;139;232;1;land;false;plains;7
9640;159;196;1;land;false;plains;7
9641;84;197;1;land;true;plains;7
9642;124;191;1;land;true;plains;7
9643;132;226;1;land;false;plains;7
9644;195;156;1;land;false;urban;7
9645;186;106;1;land;false;plains;7
9646;167;145;1;land;false;plains;7
9647;168;156;1;land;false;plains;7
9648;171;147;1;land;false;plains;7
9649;203;90;1;land;false;plains;7
9650;170;103;1;land;false;urban;7
9651;175;141;1;land;false;urban;7
9652;159;120;1;land;true;hills;6
9653;114;132;1;land;true;hills;6
9654;132;141;1;land;true;jungle;7
9655;137;129;1;land;false;jungle;7
9656;146;127;1;land;false;forest;7
9657;100;171;1;land;true;jungle;7
9658;169;181;1;land;false;forest;7
9659;169;162;1;land;false;jungle;7
9660;138;145;1;land;false;jungle;7
9661;153;147;1;land;false;jungle;7
9662;41;37;1;land;false;hills;6
9663;92;46;1;land;false;plains;6
9664;62;79;1;land;false;plains;6
9665;41;91;1;land;false;plains;6
9666;43;108;1;land;false;plains;6
9667;105;45;1;land;true;forest;7
9668;129;74;1;land;true;plains;7
9669;137;63;1;land;false;urban;7
9670;97;56;1;land;false;forest;7
9671;114;36;1;land;true;plains;7
9672;134;153;1;land;false;plains;6
9673;191;123;1;land;false;plains;6
9674;158;103;1;land;false;plains;6
9675;198;93;1;land;false;plains;6
9676;163;157;1;land;false;plains;6
9677;145;165;1;land;false;plains;6
9678;195;93;1;land;false;plains;6
9679;211;128;1;land;false;plains;6
9680;198;170;1;land;false;plains;6
9681;139;103;1;land;false;plains;6
9682;1;144;1;land;false;plains;7
9683;39;126;1;land;false;plains;7
9684;57;194;1;land;false;plains;7
9685;27;182;1;land;false;plains;7
9686;22;152;1;land;false;mountain;7
9687;127;137;1;land;false;hills;6
9688;149;138;1;land;false;mountain;6
9689;102;113;1;land;false;mountain;6
9690;151;86;1;land;false;hills;6
9691;121;90;1;land;false;hills;6
9692;118;82;1;land;false;hills;6
9693;123;80;1;land;false;hills;6
9694;108;71;1;land;false;hills;6
9695;77;141;1;land;false;hills;6
9696;84;75;1;land;false;plains;6
9697;109;130;1;land;false;hills;6
9698;132;93;1;land;false;mountain;6
9699;113;93;1;land;false;plains;6
9700;115;65;1;land;false;hills;6
9701;118;110;1;land;false;hills;6
9702;82;100;1;land;false;plains;6
9703;110;111;1;land;false;hills;6
9704;96;95;1;land;false;hills;6
9705;76;89;1;land;false;mountain;6
9706;179;203;1;land;true;plains;7
9707;82;194;1;land;false;jungle;7
9708;89;170;1;land;false;jungle;7
9709;129;157;1;land;false;jungle;7
9710;90;187;1;land;false;forest;7
9711;66;191;1;land;false;forest;7
9712;101;211;1;land;false;jungle;7
9713;98;193;1;land;false;forest;7
9714;113;190;1;land;false;forest;7
9715;79;178;1;land;false;forest;7
9716;81;161;1;land;false;forest;7
9717;68;197;1;land;false;forest;7
9718;190;106;1;land;true;plains;2
9719;205;120;1;land;true;plains;2
9720;194;254;1;land;true;plains;7
9721;92;139;1;land;false;mountain;7
9722;112;147;1;land;false;plains;7
9723;56;166;1;land;false;mountain;7
9724;104;151;1;land;false;mountain;7
9725;48;172;1;land;false;mountain;7
9726;57;149;1;land;false;mountain;7
9727;96;128;1;land;false;mountain;7
9728;52;117;1;land;false;mountain;7
9729;53;128;1;land;false;hills;7
9730;72;114;1;land;false;mountain;7
9731;64;106;1;land;false;hills;7
9732;58;112;1;land;false;mountain;7
9733;112;170;1;land;false;plains;7
9734;47;159;1;land;false;mountain;7
9735;62;155;1;land;false;hills;7
9736;112;157;1;land;false;hills;7
9737;82;130;1;land;false;hills;7
9738;56;150;1;land;false;hills;7
9739;150;142;1;land;false;plains;6
9740;167;144;1;land;false;plains;7
9741;162;202;1;land;false;plains;7
9742;152;192;1;land;false;plains;7
9743;195;204;1;land;false;plains;7
9744;166;206;1;land;false;plains;7
9745;204;157;1;land;false;plains;7
9746;87;139;1;land;false;plains;6
9747;62;168;1;land;false;jungle;7
9748;66;214;1;land;false;forest;7
9749;55;215;1;land;false;forest;7
9750;99;171;1;land;false;jungle;7
9751;101;180;1;land;false;forest;7
9752;97;224;1;land;false;forest;7
9753;58;151;1;land;false;forest;7
9754;54;164;1;land;false;forest;7
9755;170;106;1;land;false;plains;7
9756;164;156;1;land;false;mountain;7
9757;206;124;1;land;false;plains;7
9758;193;117;1;land;false;plains;7
9759;211;120;1;land;false;plains;7
9760;175;137;1;land;false;plains;7
9761;144;95;1;land;false;plains;7
9762;172;92;1;land;false;plains;7
9763;199;108;1;land;false;plains;7
9764;138;100;1;land;false;plains;7
9765;181;135;1;land;false;plains;7
9766;154;118;1;land;false;hills;7
9767;189;160;1;land;false;plains;7
9768;152;106;1;land;false;plains;7
9769;162;145;1;land;false;plains;7
9770;139;108;1;land;false;plains;7
9771;143;137;1;land;false;forest;7
9772;176;128;1;land;false;plains;7
9773;176;112;1;land;false;plains;7
9774;135;110;1;land;false;plains;7
9775;149;121;1;land;false;mountain;7
9776;161;116;1;land;false;mountain;7
9777;145;106;1;land;false;plains;7
9778;155;156;1;land;false;plains;7
9779;135;100;1;land;false;hills;7
9780;209;151;1;land;false;hills;7
9781;209;155;1;land;false;plains;7
9782;168;95;1;land;false;mountain;7
9783;173;122;1;land;false;plains;7
9784;149;127;1;land;false;hills;7
9785;141;136;1;land;false;plains;7
9786;185;116;1;land;false;plains;7
9787;150;160;1;land;false;mountain;7
9788;77;75;1;land;false;plains;6
9789;80;83;1;land;false;plains;6
9790;100;120;1;land;false;plains;6
9791;80;108;1;land;false;plains;6
9792;123;84;1;land;false;plains;6
9793;100;116;1;land;false;plains;6
9794;119;51;1;land;false;plains;6
9795;107;53;1;land;false;plains;6
9796;198;143;1;land;false;plains;7
9797;196;129;1;land;false;plains;7
9798;126;163;1;land;false;plains;6
9799;97;169;1;land;false;urban;6
9800;147;216;1;land;false;plains;6
9801;120;177;1;land;false;plains;6
9802;121;231;1;land;false;plains;6
9803;121;188;1;land;false;plains;6
9804;122;221;1;land;false;urban;6
9805;112;231;1;land;false;plains;6
9806;91;233;1;land;false;urban;6
9807;90;23;1;land;false;urban;6
9808;50;81;1;land;false;forest;6
9809;46;53;1;land;false;urban;6
9810;65;71;1;land;false;forest;6
9811;93;9;1;land;false;plains;6
9812;76;32;1;land;false;plains;6
9813;50;61;1;land;false;plains;6
9814;52;38;1;land;false;forest;6
9815;187;155;1;land;false;plains;7
9816;208;150;1;land;false;plains;7
9817;242;218;1;land;false;plains;7
9818;179;154;1;land;false;plains;7
9819;184;219;1;land;false;urban;7
9820;177;220;1;land;false;plains;7
9821;189;218;1;land;false;plains;7
9822;233;203;1;land;false;urban;7
9823;146;70;1;land;false;plains;6
9824;90;114;1;land;false;plains;6
9825;79;144;1;land;false;plains;6
9826;120;103;1;land;false;plains;6
9827;76;143;1;land;false;plains;6
9828;248;165;1;land;false;forest;7
9829;229;193;1;land;false;forest;7
9830;243;180;1;land;false;plains;7
9831;250;168;1;land;false;forest;7
9832;220;189;1;land;false;plains;7
9833;230;176;1;land;false;forest;7
9834;98;233;1;land;true;plains;7
9835;68;92;1;land;false;plains;7
9836;42;100;1;land;false;plains;7
9837;47;84;1;land;false;plains;7
9838;71;125;1;land;false;plains;7
9839;63;92;1;land;false;plains;7
9840;43;124;1;land;false;hills;7
9841;38;112;1;land;false;plains;7
9842;98;109;1;land;false;plains;7
9843;245;248;1;land;false;mountain;6
9844;216;204;1;land;true;plains;6
9845;201;226;1;land;false;mountain;6
9846;226;199;1;land;false;mountain;6
9847;223;247;1;land;false;mountain;6
9848;205;248;1;land;true;mountain;6
9849;185;227;1;land;true;hills;6
9850;170;214;1;land;false;hills;6
9851;214;225;1;land;false;plains;6
9852;112;86;1;land;false;plains;6
9853;82;108;1;land;true;plains;6
9854;125;77;1;land;true;plains;6
9855;87;74;1;land;false;plains;6
9856;114;47;1;land;true;plains;6
9857;233;208;1;land;true;plains;6
9858;212;179;1;land;true;plains;6
9859;216;199;1;land;true;plains;6
9860;239;220;1;land;false;plains;6
9861;185;251;1;land;true;plains;6
9862;45;151;1;land;false;plains;6
9863;86;106;1;land;false;plains;6
9864;45;154;1;land;false;plains;6
9865;140;140;1;land;false;plains;6
9866;96;156;1;land;false;plains;6
9867;126;135;1;land;false;plains;6
9868;95;147;1;land;false;plains;6
9869;94;156;1;land;false;hills;6
9870;156;175;1;land;true;plains;7
9871;145;143;1;land;false;plains;6
9872;147;181;1;land;false;plains;6
9873;116;146;1;land;false;plains;6
9874;97;166;1;land;false;plains;6
9875;104;165;1;land;false;plains;6
9876;34;164;1;land;false;plains;7
9877;77;193;1;land;false;plains;7
9878;87;120;1;land;false;plains;7
9879;18;118;1;land;false;hills;7
9880;18;196;1;land;false;forest;7
9881;23;174;1;land;false;plains;7
9882;24;129;1;land;false;plains;7
9883;67;185;1;land;false;mountain;7
9884;63;169;1;land;false;hills;7
9885;56;176;1;land;false;plains;7
9886;85;194;1;land;false;plains;7
9887;47;163;1;land;false;plains;7
9888;55;142;1;land;false;plains;7
9889;65;188;1;land;false;plains;7
9890;86;192;1;land;false;hills;7
9891;73;170;1;land;false;forest;7
9892;132;238;1;land;false;plains;7
9893;122;112;1;land;false;plains;6
9894;7;171;1;land;false;forest;7
9895;53;196;1;land;false;forest;7
9896;48;212;1;land;false;jungle;7
9897;5;241;1;land;false;forest;7
9898;154;94;1;land;false;plains;7
9899;166;107;1;land;false;plains;7
9900;153;155;1;land;false;plains;7
9901;43;122;1;land;false;hills;6
9902;87;90;1;land;true;hills;6
9903;98;92;1;land;false;plains;6
9904;43;101;1;land;false;plains;6
9905;82;121;1;land;true;hills;6
9906;115;95;1;land;false;hills;6
9907;95;69;1;land;true;hills;6
9908;84;97;1;land;false;hills;6
9909;68;139;1;land;false;plains;6
9910;49;114;1;land;false;hills;6
9911;133;92;1;land;false;forest;7
9912;147;145;1;land;true;forest;7
9913;129;112;1;land;false;forest;7
9914;106;114;1;land;true;forest;7
9915;112;118;1;land;false;forest;7
9916;94;150;1;land;true;forest;7
9917;145;94;1;land;true;forest;7
9918;106;84;1;land;false;forest;7
9919;94;94;1;land;false;urban;7
9920;113;89;1;land;false;forest;7
9921;82;99;1;land;true;hills;7
9922;79;45;1;land;true;plains;6
9923;166;207;1;land;true;forest;7
9924;25;151;1;land;false;plains;6
9925;55;132;1;land;false;plains;6
9926;33;147;1;land;false;plains;6
9927;27;102;1;land;false;plains;6
9928;34;165;1;land;false;plains;6
9929;13;111;1;land;false;plains;6
9930;2;166;1;land;false;plains;6
9931;22;129;1;land;false;plains;6
9932;12;171;1;land;false;plains;6
9933;11;117;1;land;false;plains;6
9934;69;100;1;land;false;plains;6
9935;132;24;1;land;false;mountain;7
9936;132;41;1;land;false;plains;7
9937;156;31;1;land;false;mountain;7
9938;134;27;1;land;false;plains;7
9939;84;31;1;land;false;plains;7
9940;125;38;1;land;false;plains;7
9941;100;2;1;land;false;plains;7
9942;80;27;1;land;false;mountain;7
9943;109;34;1;land;false;plains;7
9944;142;45;1;land;false;hills;7
9945;98;43;1;land;false;plains;7
9946;115;40;1;land;false;plains;7
9947;119;26;1;land;false;hills;7
9948;83;28;1;land;false;mountain;7
9949;109;39;1;land;false;plains;7
9950;136;51;1;land;false;plains;7
9951;87;32;1;land;false;plains;7
9952;96;6;1;land;false;mountain;7
9953;155;38;1;land;false;plains;7
9954;106;0;1;land;false;mountain;7
9955;123;37;1;land;false;plains;7
9956;102;17;1;land;false;plains;7
9957;137;59;1;land;false;plains;6
9958;116;65;1;land;false;plains;6
9959;105;76;1;land;false;plains;6
9960;142;67;1;land;false;plains;6
9961;147;30;1;land;false;plains;6
9962;152;60;1;land;false;hills;6
9963;103;49;1;land;false;plains;6
9964;142;87;1;land;false;hills;6
9965;129;225;1;land;true;forest;7
9966;89;177;1;land;false;forest;7
9967;146;229;1;land;false;jungle;7
9968;127;201;1;land;false;forest;7
9969;123;202;1;land;false;forest;7
9970;85;221;1;land;false;jungle;7
9971;94;198;1;land;false;plains;7
9972;77;218;1;land;true;forest;7
9973;207;132;1;land;false;forest;7
9974;74;147;1;land;true;forest;6
9975;116;82;1;land;true;forest;6
9976;108;136;1;land;true;forest;6
9977;108;84;1;land;true;forest;6
9978;34;122;1;land;true;hills;6
9979;31;124;1;land;false;hills;6
9980;66;140;1;land;true;plains;6
9981;121;132;1;land;false;plains;6
9982;138;140;1;land;false;mountain;6
9983;90;84;1;land;false;hills;6
9984;145;88;1;land;false;plains;6
9985;131;86;1;land;false;hills;6
9986;127;104;1;land;false;hills;6
9987;129;129;1;land;false;hills;6
9988;132;78;1;land;false;mountain;6
9989;156;129;1;land;false;hills;6
9990;93;131;1;land;false;hills;6
9991;162;102;1;land;false;mountain;6
9992;158;129;1;land;false;hills;6
9993;110;62;1;land;false;plains;6
9994;171;56;1;land;false;plains;6
9995;112;67;1;land;false;plains;6
9996;122;78;1;land;false;plains;6
9997;153;80;1;land;false;plains;6
9998;174;64;1;land;false;plains;6
9999;166;131;1;land;false;plains;6
10000;158;78;1;land;false;plains;6
10001;156;66;1;land;false;plains;6
10002;20;194;1;land;false;plains;6
10003;58;195;1;land;false;hills;6
10004;17;127;1;land;false;urban;6
10005;38;155;1;land;false;urban;6
10006;5;181;1;land;false;plains;6
10007;24;173;1;land;false;plains;6
10008;50;188;1;land;false;plains;6
10009;59;163;1;land;false;plains;6
10010;77;175;1;land;false;plains;6
10011;74;173;1;land;false;hills;6
10012;20;154;1;land;false;plains;6
10013;71;122;1;land;false;plains;6
10014;28;119;1;land;false;plains;6
10015;63;156;1;land;false;hills;6
10016;42;176;1;land;false;plains;6
10017;81;116;1;land;false;plains;6
10018;55;180;1;land;false;plains;6
10019;66;146;1;land;false;hills;6
10020;48;160;1;land;false;plains;6
10021;30;151;1;land;false;plains;6
10022;101;177;1;land;false;hills;6
10023;31;152;1;land;false;plains;6
10024;27;179;1;land;false;plains;6
10025;101;124;1;land;false;plains;6
10026;29;148;1;land;false;plains;6
10027;204;195;1;land;false;plains;7
10028;150;141;1;land;false;plains;7
10029;229;181;1;land;true;plains;7
10030;240;173;1;land;true;plains;7
10031;187;156;1;land;true;plains;7
10032;208;134;1;land;false;plains;7
10033;164;102;1;land;true;plains;7
10034;205;103;1;land;true;plains;7
10035;163;136;1;land;false;plains;7
10036;181;101;1;land;true;plains;6
10037;134;111;1;land;false;plains;6
10038;113;90;1;land;true;plains;6
10039;132;84;1;land;true;plains;6
10040;117;111;1;land;true;plains;6
10041;144;130;1;land;false;plains;6
10042;30;13;1;land;false;plains;7
10043;76;7;1;land;false;plains;7
10044;48;50;1;land;false;plains;7
10045;99;44;1;land;false;plains;7
10046;57;39;1;land;false;plains;7
10047;48;32;1;land;false;plains;7
10048;54;50;1;land;false;plains;7
10049;94;4;1;land;false;plains;7
10050;70;44;1;land;false;plains;7
10051;37;27;1;land;false;plains;7
10052;214;163;1;land;false;forest;7
10053;160;163;1;land;false;urban;7
10054;173;131;1;land;false;forest;7
10055;46;163;1;land;true;plains;2
10056;64;162;1;land;true;plains;2
10057;32;119;1;land;true;plains;2
10058;25;133;1;land;true;plains;2
10059;183;127;1;land;false;hills;7
10060;163;131;1;land;false;hills;7
10061;142;185;1;land;false;plains;7
10062;115;181;1;land;false;mountain;7
10063;110;138;1;land;false;mountain;7
10064;182;132;1;land;false;hills;7
10065;204;180;1;land;false;mountain;7
10066;128;96;1;land;false;plains;6
10067;153;229;1;land;false;forest;7
10068;155;240;1;land;false;forest;7
10069;150;245;1;land;false;forest;7
10070;208;230;1;land;false;forest;7
10071;137;225;1;land;false;forest;7
10072;92;140;1;land;false;plains;7
10073;42;172;1;land;false;plains;7
10074;63;177;1;land;false;plains;7
10075;44;201;1;land;false;plains;7
10076;33;228;1;land;false;plains;7
10077;59;229;1;land;false;plains;7
10078;61;210;1;land;false;forest;7
10079;41;227;1;land;false;hills;7
10080;91;173;1;land;false;plains;7
10081;86;214;1;land;false;plains;7
10082;218;10;1;land;false;hills;7
10083;209;30;1;land;false;plains;7
10084;194;27;1;land;false;hills;7
10085;242;21;1;land;false;hills;7
10086;238;3;1;land;false;hills;7
10087;232;6;1;land;false;mountain;7
10088;216;4;1;land;false;hills;7
10089;190;3;1;land;false;mountain;7
10090;130;55;1;land;false;mountain;6
10091;98;41;1;land;true;hills;6
10092;105;25;1;land;false;mountain;6
10093;109;37;1;land;false;mountain;6
10094;29;118;1;land;false;plains;7
10095;32;138;1;land;false;plains;7
10096;31;166;1;land;false;hills;7
10097;46;147;1;land;false;plains;7
10098;11;136;1;land;false;plains;7
10099;22;158;1;land;false;hills;7
10100;34;161;1;land;false;hills;7
10101;25;161;1;land;false;hills;7
10102;25;175;1;land;false;plains;7
10103;25;136;1;land;false;mountain;7
10104;8;129;1;land;false;plains;7
10105;28;140;1;land;false;hills;7
10106;108;79;1;land;false;plains;7
10107;194;212;1;land;false;plains;7
10108;135;44;1;land;false;plains;6
10109;136;39;1;land;false;forest;7
10110;33;120;1;land;false;plains;7
10111;50;69;1;land;false;plains;6
10112;77;18;1;land;false;urban;6
10113;57;71;1;land;false;plains;6
10114;99;52;1;land;false;plains;6
10115;52;17;1;land;false;plains;6
10116;94;52;1;land;false;plains;6
10117;100;71;1;land;false;plains;6
10118;43;33;1;land;false;plains;6
10119;91;60;1;land;false;plains;6
10120;46;37;1;land;false;plains;6
10121;42;55;1;land;false;plains;6
10122;75;19;1;land;false;urban;6
10123;46;24;1;land;false;plains;6
10124;107;214;1;land;false;hills;7
10125;111;155;1;land;false;forest;7
10126;74;199;1;land;false;hills;7
10127;184;99;1;land;true;plains;6
10128;118;147;1;land;false;hills;7
10129;123;154;1;land;false;hills;7
10130;88;128;1;land;false;plains;7
10131;87;175;1;land;false;plains;7
10132;140;129;1;land;false;plains;7
10133;137;175;1;land;false;plains;7
10134;118;173;1;land;false;forest;7
10135;113;132;1;land;false;forest;7
10136;95;111;1;land;false;forest;7
10137;153;173;1;land;false;plains;7
10138;112;107;1;land;false;plains;7
10139;145;173;1;land;false;hills;7
10140;86;131;1;land;false;forest;7
10141;141;161;1;land;false;plains;7
10142;94;171;1;land;false;plains;7
10143;143;133;1;land;false;plains;7
10144;119;163;1;land;false;mountain;7
10145;133;175;1;land;false;hills;7
10146;120;139;1;land;false;plains;7
10147;116;144;1;land;false;plains;7
10148;126;114;1;land;false;forest;7
10149;125;147;1;land;false;forest;7
10150;206;209;1;land;false;plains;6
10151;219;200;1;land;false;plains;6
10152;162;197;1;land;false;plains;6
10153;220;195;1;land;false;forest;6
10154;159;223;1;land;false;plains;6
10155;147;189;1;land;false;forest;6
10156;212;202;1;land;false;plains;6
10157;70;74;1;land;false;forest;7
10158;104;143;1;land;false;forest;6
10159;79;156;1;land;false;forest;6
10160;93;141;1;land;false;plains;6
10161;97;114;1;land;false;plains;6
10162;137;149;1;land;false;plains;6
10163;148;172;1;land;false;plains;6
10164;107;114;1;land;false;plains;6
10165;117;110;1;land;false;plains;6
10166;137;161;1;land;false;plains;6
10167;157;125;1;land;false;plains;6
10168;142;106;1;land;false;forest;6
10169;82;152;1;land;false;plains;6
10170;128;171;1;land;false;forest;6
10171;127;171;1;land;false;forest;6
10172;124;132;1;land;false;forest;6
10173;86;129;1;land;false;plains;6
10174;243;195;1;land;false;forest;7
10175;236;177;1;land;false;forest;7
10176;210;162;1;land;false;plains;7
10177;218;172;1;land;false;plains;7
10178;237;216;1;land;false;urban;7
10179;229;225;1;land;false;forest;7
10180;118;121;1;land;false;plains;6
10181;103;134;1;land;false;plains;6
10182;133;161;1;land;false;forest;6
10183;172;149;1;land;false;forest;6
10184;114;199;1;land;true;plains;6
10185;138;153;1;land;true;plains;6
10186;86;56;1;land;false;plains;6
10187;37;115;1;land;false;plains;6
10188;84;51;1;land;false;plains;6
10189;53;123;1;land;false;plains;6
10190;178;136;1;land;false;plains;7
10191;221;231;1;land;false;plains;7
10192;231;218;1;land;false;plains;7
10193;209;180;1;land;false;plains;7
10194;202;199;1;land;false;urban;7
10195;202;165;1;land;false;plains;7
10196;196;126;1;land;false;forest;7
10197;85;45;1;land;false;plains;6
10198;152;193;1;land;false;urban;6
10199;211;207;1;land;false;plains;6
10200;221;240;1;land;false;urban;6
10201;150;248;1;land;true;plains;6
10202;161;214;1;land;false;forest;6
10203;153;190;1;land;false;urban;6
10204;184;210;1;land;false;plains;6
10205;174;223;1;land;false;plains;6
10206;178;231;1;land;true;hills;6
10207;164;231;1;land;true;forest;6
10208;182;249;1;land;false;forest;6
10209;175;176;1;land;false;urban;6
10210;206;221;1;land;false;plains;6
10211;143;104;1;land;true;plains;7
10212;143;108;1;land;false;plains;7
10213;91;144;1;land;false;mountain;6
10214;85;126;1;land;false;plains;6
10215;64;68;1;land;false;plains;6
10216;73;92;1;land;false;plains;6
10217;50;88;1;land;false;plains;6
10218;97;68;1;land;false;plains;6
10219;98;75;1;land;false;mountain;6
10220;40;82;1;land;false;plains;6
10221;214;63;1;land;false;plains;7
10222;204;71;1;land;false;plains;7
10223;228;76;1;land;false;urban;7
10224;194;86;1;land;false;plains;7
10225;246;60;1;land;false;plains;7
10226;224;128;1;land;false;plains;7
10227;191;135;1;land;false;plains;7
10228;227;113;1;land;false;plains;7
10229;224;111;1;land;false;plains;7
10230;239;85;1;land;false;plains;7
10231;240;121;1;land;false;forest;7
10232;9;163;1;land;false;plains;2
10233;124;134;1;land;false;plains;6
10234;54;150;1;land;false;urban;6
10235;80;101;1;land;false;plains;6
10236;64;75;1;land;false;plains;6
10237;65;125;1;land;false;urban;6
10238;82;114;1;land;false;forest;6
10239;124;137;1;land;false;plains;6
10240;69;130;1;land;false;forest;6
10241;79;122;1;land;false;plains;6
10242;108;148;1;land;false;forest;6
10243;66;87;1;land;false;urban;6
10244;53;84;1;land;false;plains;6
10245;125;135;1;land;false;plains;6
10246;80;138;1;land;false;plains;6
10247;83;146;1;land;false;forest;6
10248;171;192;1;land;false;urban;7
10249;122;214;1;land;false;forest;7
10250;138;209;1;land;false;forest;7
10251;167;220;1;land;false;forest;7
10252;183;157;1;land;false;forest;7
10253;206;104;1;land;false;plains;6
10254;226;111;1;land;false;hills;6
10255;172;145;1;land;false;plains;6
10256;241;145;1;land;false;plains;6
10257;175;160;1;land;false;plains;6
10258;225;115;1;land;false;plains;6
10259;196;155;1;land;false;plains;6
10260;203;162;1;land;false;hills;6
10261;200;170;1;land;false;plains;6
10262;245;162;1;land;false;hills;6
10263;232;111;1;land;false;hills;6
10264;227;162;1;land;false;plains;6
10265;246;178;1;land;false;plains;6
10266;170;164;1;land;false;hills;6
10267;231;119;1;land;false;plains;6
10268;184;174;1;land;false;plains;6
10269;208;113;1;land;false;plains;6
10270;207;237;1;land;false;plains;7
10271;120;174;1;land;true;plains;7
10272;135;106;1;land;false;plains;7
10273;173;120;1;land;false;plains;7
10274;177;125;1;land;false;forest;7
10275;210;205;1;land;false;hills;6
10276;172;244;1;land;false;plains;6
10277;162;216;1;land;true;plains;6
10278;165;186;1;land;true;plains;6
10279;206;194;1;land;true;plains;6
10280;169;235;1;land;true;hills;6
10281;170;224;1;land;false;plains;6
10282;190;243;1;land;false;hills;6
10283;98;28;1;land;false;plains;6
10284;92;60;1;land;false;hills;6
10285;92;56;1;land;false;plains;6
10286;84;30;1;land;false;plains;6
10287;88;45;1;land;false;hills;6
10288;144;84;1;land;false;plains;6
10289;139;72;1;land;true;hills;6
10290;139;37;1;land;false;hills;6
10291;82;50;1;land;false;plains;6
10292;83;51;1;land;false;plains;6
10293;119;59;1;land;true;hills;6
10294;145;93;1;land;true;plains;6
10295;80;64;1;land;true;hills;6
10296;98;65;1;land;false;plains;6
10297;110;51;1;land;false;plains;6
10298;95;76;1;land;false;plains;6
10299;137;39;1;land;false;plains;6
10300;91;25;1;land;false;hills;6
10301;122;43;1;land;false;plains;6
10302;135;53;1;land;true;hills;6
10303;137;86;1;land;true;hills;6
10304;71;92;1;land;false;plains;6
10305;91;82;1;land;false;plains;6
10306;94;71;1;land;false;hills;6
10307;132;37;1;land;false;plains;6
10308;73;124;1;land;false;plains;7
10309;73;105;1;land;false;hills;7
10310;79;140;1;land;false;plains;7
10311;57;136;1;land;false;plains;7
10312;55;123;1;land;false;plains;7
10313;46;144;1;land;false;plains;7
10314;57;153;1;land;false;hills;7
10315;46;179;1;land;false;plains;7
10316;116;118;1;land;false;plains;7
10317;92;124;1;land;false;hills;7
10318;78;184;1;land;false;hills;7
10319;85;165;1;land;false;hills;7
10320;46;175;1;land;false;plains;7
10321;52;152;1;land;false;hills;7
10322;65;184;1;land;false;hills;7
10323;69;118;1;land;false;plains;7
10324;84;137;1;land;false;plains;7
10325;49;166;1;land;false;plains;7
10326;91;183;1;land;false;plains;7
10327;54;156;1;land;false;plains;7
10328;67;107;1;land;false;hills;7
10329;69;123;1;land;false;plains;7
10330;104;117;1;land;false;plains;7
10331;119;139;1;land;false;plains;7
10332;116;177;1;land;false;plains;7
10333;167;188;1;land;false;plains;7
10334;210;141;1;land;false;hills;7
10335;186;135;1;land;false;plains;7
10336;158;160;1;land;false;plains;7
10337;138;206;1;land;false;forest;6
10338;160;222;1;land;false;plains;6
10339;180;245;1;land;false;forest;6
10340;136;242;1;land;false;plains;6
10341;133;249;1;land;false;urban;6
10342;82;109;1;land;false;plains;6
10343;52;119;1;land;false;plains;6
10344;37;135;1;land;false;plains;6
10345;62;81;1;land;false;plains;6
10346;43;123;1;land;false;hills;6
10347;68;131;1;land;false;plains;6
10348;62;145;1;land;false;plains;6
10349;38;83;1;land;false;plains;6
10350;75;142;1;land;false;hills;6
10351;92;83;1;land;false;hills;6
10352;53;121;1;land;false;plains;6
10353;207;90;1;land;false;plains;6
10354;141;59;1;land;false;plains;6
10355;183;80;1;land;false;plains;6
10356;189;75;1;land;false;plains;6
10357;199;236;1;land;true;plains;6
10358;170;165;1;land;false;hills;6
10359;191;195;1;land;false;plains;6
10360;165;155;1;land;false;plains;6
10361;219;197;1;land;false;plains;6
10362;197;195;1;land;false;plains;6
10363;196;169;1;land;false;hills;6
10364;170;146;1;land;false;plains;6
10365;198;196;1;land;false;plains;6
10366;223;197;1;land;false;plains;6
10367;234;153;1;land;false;plains;6
10368;172;205;1;land;false;plains;6
10369;100;69;1;land;true;urban;6
10370;68;24;1;land;true;forest;6
10371;66;57;1;land;false;forest;6
10372;36;112;1;land;false;hills;7
10373;72;158;1;land;false;plains;6
10374;125;199;1;land;false;plains;6
10375;66;159;1;land;false;plains;6
10376;126;214;1;land;false;plains;6
10377;137;172;1;land;false;plains;6
10378;144;195;1;land;false;plains;6
10379;96;218;1;land;false;plains;6
10380;124;151;1;land;false;plains;6
10381;70;190;1;land;false;urban;6
10382;86;201;1;land;false;plains;6
10383;70;146;1;land;false;plains;6
10384;76;157;1;land;false;plains;6
10385;120;168;1;land;false;plains;6
10386;99;219;1;land;false;plains;6
10387;119;179;1;land;false;plains;6
10388;46;119;1;land;false;plains;6
10389;207;144;1;land;false;plains;7
10390;175;116;1;land;false;plains;7
10391;154;89;1;land;false;plains;7
10392;68;41;1;land;false;hills;7
10393;90;31;1;land;false;mountain;7
10394;70;35;1;land;false;mountain;7
10395;34;79;1;land;false;hills;7
10396;66;56;1;land;false;hills;7
10397;89;36;1;land;false;hills;7
10398;93;71;1;land;false;hills;7
10399;80;35;1;land;false;plains;7
10400;94;31;1;land;false;hills;7
10401;65;82;1;land;false;hills;7
10402;26;70;1;land;false;hills;7
10403;32;19;1;land;false;mountain;7
10404;89;81;1;land;false;hills;7
10405;47;33;1;land;false;mountain;7
10406;71;27;1;land;false;hills;7
10407;92;54;1;land;false;hills;7
10408;20;67;1;land;false;hills;7
10409;50;33;1;land;false;mountain;7
10410;35;91;1;land;false;mountain;7
10411;19;32;1;land;false;hills;7
10412;41;40;1;land;false;hills;7
10413;45;42;1;land;false;hills;7
10414;65;21;1;land;false;hills;7
10415;25;22;1;land;false;mountain;7
10416;25;96;1;land;false;hills;7
10417;47;78;1;land;false;hills;7
10418;89;40;1;land;false;hills;7
10419;55;50;1;land;false;mountain;7
10420;75;62;1;land;false;hills;7
10421;36;59;1;land;false;mountain;7
10422;77;43;1;land;false;mountain;7
10423;47;17;1;land;false;mountain;7
10424;22;95;1;land;false;hills;7
10425;82;25;1;land;false;hills;7
10426;58;17;1;land;false;mountain;7
10427;20;51;1;land;false;mountain;7
10428;69;33;1;land;false;mountain;7
10429;82;38;1;land;false;hills;7
10430;88;47;1;land;false;mountain;7
10431;32;53;1;land;false;hills;7
10432;73;78;1;land;false;mountain;7
10433;57;56;1;land;false;hills;7
10434;62;94;1;land;false;hills;7
10435;57;65;1;land;false;hills;7
10436;75;53;1;land;false;mountain;7
10437;52;83;1;land;false;hills;7
10438;53;22;1;land;false;mountain;7
10439;42;84;1;land;false;mountain;7
10440;21;79;1;land;false;mountain;7
10441;45;59;1;land;false;hills;7
10442;96;83;1;land;false;hills;7
10443;49;34;1;land;false;mountain;7
10444;33;90;1;land;false;mountain;7
10445;66;67;1;land;false;hills;7
10446;109;95;1;land;false;plains;6
10447;147;123;1;land;false;plains;6
10448;192;117;1;land;false;plains;6
10449;185;165;1;land;false;plains;6
10450;134;148;1;land;false;plains;6
10451;20;99;1;land;false;forest;7
10452;29;94;1;land;false;plains;7
10453;2;89;1;land;false;forest;7
10454;18;119;1;land;false;forest;7
10455;67;127;1;land;false;plains;7
10456;28;85;1;land;false;plains;7
10457;8;137;1;land;false;forest;7
10458;21;74;1;land;false;plains;7
10459;13;123;1;land;false;plains;7
10460;34;73;1;land;false;forest;7
10461;46;109;1;land;false;urban;7
10462;31;93;1;land;false;plains;7
10463;14;72;1;land;false;forest;7
10464;2;127;1;land;false;forest;7
10465;43;66;1;land;false;forest;7
10466;15;111;1;land;false;forest;7
10467;15;80;1;land;false;forest;7
10468;31;104;1;land;false;forest;7
10469;8;119;1;land;false;forest;7
10470;62;138;1;land;false;plains;7
10471;7;129;1;land;false;forest;7
10472;6;95;1;land;false;plains;7
10473;196;104;1;land;false;plains;7
10474;181;104;1;land;false;plains;7
10475;113;233;1;land;false;forest;2
10476;130;180;1;land;true;plains;2
10477;161;229;1;land;false;forest;2
10478;76;105;1;land;false;plains;6
10479;81;142;1;land;false;plains;6
10480;75;145;1;land;false;plains;6
10481;83;155;1;land;false;plains;6
10482;149;118;1;land;false;mountain;6
10483;154;63;1;land;false;mountain;6
10484;168;67;1;land;false;mountain;6
10485;186;112;1;land;false;mountain;6
10486;156;126;1;land;false;hills;6
10487;122;64;1;land;false;hills;6
10488;117;104;1;land;false;hills;6
10489;208;247;1;land;false;plains;7
10490;230;253;1;land;false;plains;7
10491;130;225;1;land;false;forest;7
10492;107;178;1;land;false;forest;7
10493;146;221;1;land;false;forest;7
10494;118;211;1;land;false;forest;7
10495;155;201;1;land;false;forest;7
10496;169;170;1;land;false;forest;7
10497;147;197;1;land;false;forest;7
10498;111;171;1;land;false;forest;7
10499;165;199;1;land;false;hills;7
10500;136;225;1;land;false;forest;7
10501;153;205;1;land;false;forest;7
10502;162;227;1;land;false;forest;7
10503;95;179;1;land;false;forest;7
10504;107;191;1;land;false;forest;7
10505;214;198;1;land;false;plains;7
10506;204;186;1;land;false;plains;7
10507;229;133;1;land;true;plains;7
10508;215;128;1;land;true;plains;7
10509;192;153;1;land;true;forest;7
10510;207;161;1;land;false;plains;7
10511;229;182;1;land;false;urban;7
10512;226;154;1;land;true;plains;7
10513;188;50;1;land;false;plains;6
10514;182;51;1;land;false;plains;6
10515;122;92;1;land;false;plains;6
10516;185;47;1;land;false;plains;6
10517;183;102;1;land;false;plains;6
10518;124;37;1;land;false;plains;6
10519;187;67;1;land;false;plains;6
10520;129;65;1;land;false;plains;6
10521;113;48;1;land;false;mountain;6
10522;169;99;1;land;false;plains;6
10523;147;93;1;land;false;plains;6
10524;183;55;1;land;false;plains;6
10525;219;9;1;land;false;plains;7
10526;202;27;1;land;false;plains;7
10527;243;49;1;land;false;plains;7
10528;218;16;1;land;true;plains;7
10529;196;30;1;land;true;plains;7
10530;232;5;1;land;true;plains;7
10531;239;37;1;land;true;plains;7
10532;237;30;1;land;true;plains;7
10533;252;20;1;land;false;plains;7
10534;237;22;1;land;true;plains;7
10535;48;127;1;land;false;hills;6
10536;88;156;1;land;false;plains;6
10537;78;170;1;land;false;hills;6
10538;83;123;1;land;false;mountain;6
10539;66;172;1;land;false;hills;6
10540;48;158;1;land;false;hills;6
10541;59;153;1;land;false;hills;6
10542;114;157;1;land;false;hills;6
10543;88;121;1;land;false;hills;6
10544;46;137;1;land;false;hills;6
10545;71;157;1;land;false;mountain;6
10546;151;121;1;land;false;forest;7
10547;129;105;1;land;false;forest;7
10548;181;153;1;land;true;forest;7
10549;173;161;1;land;true;forest;7
10550;187;143;1;land;true;forest;7
10551;173;151;1;land;false;forest;7
10552;147;162;1;land;true;forest;7
10553;207;92;1;land;false;plains;7
10554;205;129;1;land;false;plains;6
10555;216;163;1;land;false;plains;6
10556;196;166;1;land;false;plains;6
10557;181;142;1;land;false;plains;6
10558;201;181;1;land;false;plains;6
10559;226;124;1;land;false;plains;6
10560;171;118;1;land;false;plains;6
10561;159;113;1;land;false;plains;6
10562;168;172;1;land;false;plains;6
10563;90;78;1;land;false;plains;7
10564;151;84;1;land;false;hills;7
10565;82;129;1;land;false;plains;7
10566;146;134;1;land;false;plains;7
10567;153;142;1;land;false;plains;7
10568;88;82;1;land;false;plains;7
10569;114;88;1;land;false;plains;7
10570;142;80;1;land;false;plains;7
10571;49;36;1;land;false;mountain;7
10572;66;21;1;land;false;hills;7
10573;34;40;1;land;false;plains;7
10574;159;165;1;land;false;plains;6
10575;126;161;1;land;false;plains;6
10576;132;248;1;land;false;plains;7
10577;69;21;1;land;true;plains;7
10578;54;57;1;land;false;plains;7
10579;48;47;1;land;false;plains;7
10580;42;56;1;land;false;plains;7
10581;55;51;1;land;true;plains;7
10582;91;8;1;land;true;plains;7
10583;43;9;1;land;false;plains;7
10584;64;10;1;land;false;plains;7
10585;33;24;1;land;true;plains;7
10586;47;0;1;land;true;plains;7
10587;90;24;1;land;false;plains;7
10588;31;39;1;land;false;plains;7
10589;65;17;1;land;true;plains;7
10590;71;47;1;land;true;plains;7
10591;168;53;1;land;false;plains;7
10592;148;70;1;land;false;plains;7
10593;116;83;1;land;false;forest;7
10594;169;61;1;land;false;jungle;7
10595;144;104;1;land;false;plains;7
10596;121;75;1;land;false;forest;7
10597;146;66;1;land;false;plains;7
10598;155;59;1;land;false;plains;7
10599;173;43;1;land;false;plains;7
10600;170;69;1;land;false;forest;7
10601;127;106;1;land;false;forest;7
10602;147;76;1;land;false;plains;7
10603;129;101;1;land;false;forest;7
10604;132;48;1;land;false;plains;7
10605;140;41;1;land;false;plains;7
10606;169;81;1;land;false;forest;7
10607;173;93;1;land;false;plains;7
10608;222;17;1;land;false;plains;7
10609;223;60;1;land;false;hills;7
10610;184;21;1;land;false;plains;7
10611;208;62;1;land;false;plains;7
10612;139;155;1;land;false;plains;7
10613;130;153;1;land;false;plains;7
10614;99;95;1;land;false;plains;7
10615;166;117;1;land;false;plains;7
10616;101;139;1;land;false;plains;7
10617;150;100;1;land;false;urban;7
10618;109;150;1;land;false;plains;7
10619;114;164;1;land;false;plains;7
10620;133;142;1;land;false;plains;7
10621;172;137;1;land;false;plains;7
10622;131;161;1;land;false;forest;7
10623;165;215;1;land;false;forest;7
10624;163;212;1;land;false;forest;7
10625;117;210;1;land;false;forest;7
10626;164;224;1;land;false;forest;7
10627;132;205;1;land;false;forest;7
10628;176;184;1;land;false;forest;7
10629;209;74;1;land;false;plains;7
10630;142;44;1;land;false;plains;7
10631;161;26;1;land;false;plains;7
10632;197;87;1;land;false;plains;7
10633;144;47;1;land;false;plains;7
10634;185;64;1;land;false;plains;7
10635;150;16;1;land;false;hills;7
10636;152;79;1;land;false;plains;7
10637;171;13;1;land;false;plains;7
10638;180;15;1;land;false;mountain;7
10639;185;38;1;land;false;mountain;7
10640;202;85;1;land;false;hills;7
10641;210;18;1;land;false;hills;7
10642;205;52;1;land;false;forest;7
10643;213;41;1;land;false;forest;7
10644;199;13;1;land;false;forest;7
10645;170;23;1;land;false;plains;7
10646;217;61;1;land;false;plains;7
10647;200;17;1;land;false;plains;7
10648;145;20;1;land;false;plains;7
10649;210;82;1;land;false;plains;7
10650;153;59;1;land;false;forest;7
10651;157;71;1;land;false;plains;7
10652;146;23;1;land;false;plains;7
10653;174;24;1;land;false;plains;7
10654;205;18;1;land;false;hills;7
10655;149;66;1;land;false;plains;7
10656;172;68;1;land;false;plains;7
10657;157;68;1;land;false;plains;6
10658;202;65;1;land;false;plains;6
10659;155;80;1;land;false;plains;6
10660;175;87;1;land;false;plains;7
10661;210;145;1;land;false;plains;7
10662;197;154;1;land;false;plains;7
10663;161;91;1;land;false;plains;7
10664;197;123;1;land;false;plains;7
10665;173;95;1;land;false;plains;7
10666;184;208;1;land;false;plains;7
10667;154;212;1;land;true;hills;7
10668;56;201;1;land;false;plains;7
10669;36;182;1;land;false;plains;7
10670;61;217;1;land;false;plains;7
10671;36;187;1;land;false;plains;7
10672;28;222;1;land;false;plains;7
10673;30;169;1;land;false;plains;7
10674;64;202;1;land;false;plains;7
10675;50;222;1;land;false;plains;7
10676;74;162;1;land;false;plains;7
10677;79;215;1;land;false;plains;7
10678;50;165;1;land;false;plains;7
10679;69;110;1;land;false;plains;6
10680;106;139;1;land;false;plains;6
10681;75;118;1;land;false;plains;6
10682;137;123;1;land;false;plains;6
10683;84;151;1;land;false;plains;6
10684;62;128;1;land;false;forest;6
10685;115;84;1;land;false;urban;6
10686;137;107;1;land;false;plains;6
10687;120;94;1;land;false;plains;6
10688;68;102;1;land;false;plains;6
10689;125;71;1;land;false;plains;6
10690;115;142;1;land;false;urban;6
10691;106;88;1;land;false;urban;6
10692;75;101;1;land;false;plains;6
10693;123;96;1;land;false;plains;6
10694;60;8;1;land;false;plains;7
10695;33;31;1;land;false;plains;7
10696;33;37;1;land;false;plains;7
10697;56;87;1;land;true;hills;6
10698;25;113;1;land;false;plains;6
10699;33;126;1;land;false;urban;6
10700;13;237;1;land;false;hills;6
10701;44;220;1;land;false;mountain;6
10702;38;232;1;land;false;hills;6
10703;1;225;1;land;false;hills;6
10704;43;248;1;land;false;hills;6
10705;4;244;1;land;false;mountain;6
10706;38;230;1;land;false;plains;6
10707;26;251;1;land;false;mountain;6
10708;59;247;1;land;false;hills;6
10709;34;254;1;land;false;hills;6
10710;26;221;1;land;false;hills;6
10711;63;224;1;land;false;hills;6
10712;32;239;1;land;false;hills;6
10713;10;226;1;land;false;mountain;6
10714;51;251;1;land;false;hills;6
10715;2;221;1;land;false;hills;6
10716;14;237;1;land;false;hills;6
10717;26;253;1;land;false;mountain;6
10718;3;125;1;land;false;plains;7
10719;15;102;1;land;false;plains;7
10720;23;139;1;land;false;hills;7
10721;30;108;1;land;false;hills;7
10722;15;108;1;land;false;plains;7
10723;48;168;1;land;false;hills;7
10724;8;150;1;land;false;plains;7
10725;37;149;1;land;false;plains;7
10726;0;148;1;land;false;plains;7
10727;39;142;1;land;false;plains;7
10728;186;89;1;land;false;plains;6
10729;148;120;1;land;false;forest;6
10730;133;108;1;land;false;plains;6
10731;122;84;1;land;false;plains;7
10732;105;104;1;land;false;plains;7
10733;131;103;1;land;false;plains;7
10734;136;119;1;land;false;plains;7
10735;126;106;1;land;false;plains;7
10736;170;160;1;land;false;plains;7
10737;147;109;1;land;false;plains;7
10738;114;105;1;land;false;plains;7
10739;138;110;1;land;false;plains;7
10740;142;112;1;land;false;plains;7
10741;152;145;1;land;false;plains;7
10742;108;155;1;land;false;plains;7
10743;194;158;1;land;false;plains;6
10744;49;31;1;land;false;plains;7
10745;28;26;1;land;false;plains;7
10746;43;51;1;land;false;plains;7
10747;25;14;1;land;false;plains;7
10748;18;153;1;land;false;plains;7
10749;23;163;1;land;false;plains;7
10750;67;128;1;land;false;hills;7
10751;51;165;1;land;false;plains;7
10752;62;231;1;land;false;forest;7
10753;94;203;1;land;false;hills;7
10754;169;134;1;land;false;plains;7
10755;161;148;1;land;false;plains;7
10756;106;109;1;land;false;plains;7
10757;101;160;1;land;false;plains;7
10758;166;104;1;land;false;plains;7
10759;150;99;1;land;false;plains;7
10760;122;104;1;land;false;plains;7
10761;96;161;1;land;false;plains;7
10762;149;166;1;land;false;plains;7
10763;102;118;1;land;false;plains;7
10764;193;102;1;land;false;urban;6
10765;193;67;1;land;false;plains;6
10766;126;44;1;land;false;urban;6
10767;177;95;1;land;false;plains;6
10768;183;71;1;land;false;plains;6
10769;41;39;1;land;false;urban;7
10770;32;42;1;land;true;plains;7
10771;51;99;1;land;false;plains;7
10772;7;46;1;land;false;plains;7
10773;47;94;1;land;false;plains;7
10774;16;72;1;land;true;plains;7
10775;12;54;1;land;true;plains;7
10776;14;80;1;land;true;plains;7
10777;40;108;1;land;true;plains;7
10778;32;45;1;land;true;plains;7
10779;2;57;1;land;true;plains;7
10780;46;92;1;land;false;plains;7
10781;6;63;1;land;true;plains;7
10782;12;96;1;land;false;plains;7
10783;204;98;1;land;false;mountain;7
10784;136;103;1;land;false;hills;7
10785;152;81;1;land;false;mountain;7
10786;170;138;1;land;false;hills;7
10787;149;102;1;land;false;hills;7
10788;207;138;1;land;false;hills;7
10789;152;138;1;land;false;hills;7
10790;181;84;1;land;false;hills;7
10791;145;69;1;land;false;hills;7
10792;157;127;1;land;false;hills;7
10793;232;165;1;land;false;plains;6
10794;198;146;1;land;false;hills;6
10795;229;200;1;land;false;plains;6
10796;245;176;1;land;false;hills;6
10797;230;185;1;land;false;plains;6
10798;185;133;1;land;false;plains;6
10799;92;157;1;land;true;forest;6
10800;145;64;1;land;false;plains;6
10801;148;92;1;land;false;hills;6
10802;77;47;1;land;false;plains;6
10803;99;69;1;land;false;plains;6
10804;149;53;1;land;false;plains;6
10805;127;54;1;land;false;plains;6
10806;77;83;1;land;false;plains;6
10807;135;96;1;land;false;plains;6
10808;94;85;1;land;false;plains;6
10809;111;81;1;land;false;plains;6
10810;74;53;1;land;false;hills;6
10811;132;88;1;land;false;plains;6
10812;121;99;1;land;false;plains;6
10813;87;108;1;land;false;plains;6
10814;61;43;1;land;false;plains;6
10815;44;62;1;land;false;plains;6
10816;100;58;1;land;false;urban;6
10817;76;30;1;land;false;urban;6
10818;44;70;1;land;false;urban;6
10819;101;78;1;land;false;plains;6
10820;110;74;1;land;false;plains;6
10821;53;37;1;land;false;urban;6
10822;64;69;1;land;false;plains;6
10823;84;34;1;land;false;plains;6
10824;214;129;1;land;false;forest;7
10825;239;173;1;land;false;hills;7
10826;236;192;1;land;false;forest;7
10827;208;138;1;land;false;forest;7
10828;198;133;1;land;false;hills;7
10829;34;89;1;land;true;plains;6
10830;115;96;1;land;false;plains;6
10831;82;118;1;land;false;plains;6
10832;117;57;1;land;false;plains;6
10833;147;52;1;land;false;plains;6
10834;139;73;1;land;false;plains;6
10835;113;105;1;land;false;plains;6
10836;73;74;1;land;false;forest;6
10837;143;126;1;land;false;hills;6
10838;91;77;1;land;false;plains;6
10839;134;113;1;land;false;hills;6
10840;150;72;1;land;false;hills;6
10841;149;113;1;land;false;plains;6
10842;127;114;1;land;false;plains;6
10843;146;94;1;land;false;plains;6
10844;119;84;1;land;false;hills;6
10845;143;94;1;land;false;plains;6
10846;137;82;1;land;false;hills;6
10847;96;84;1;land;false;plains;6
10848;142;84;1;land;false;plains;6
10849;82;110;1;land;false;plains;6
10850;74;49;1;land;false;plains;6
10851;82;98;1;land;false;hills;6
10852;100;101;1;land;false;forest;6
10853;107;57;1;land;false;plains;6
10854;148;53;1;land;false;hills;6
10855;103;123;1;land;false;plains;6
10856;48;163;1;land;false;plains;7
10857;92;154;1;land;false;plains;7
10858;72;135;1;land;false;plains;7
10859;45;162;1;land;false;plains;7
10860;111;174;1;land;true;plains;7
10861;83;186;1;land;true;plains;7
10862;46;116;1;land;false;plains;7
10863;46;169;1;land;false;plains;7
10864;64;159;1;land;true;plains;7
10865;118;115;1;land;true;plains;7
10866;41;190;1;land;false;plains;7
10867;61;117;1;land;false;urban;7
10868;62;157;1;land;false;plains;7
10869;83;168;1;land;false;plains;7
10870;87;160;1;land;false;plains;7
10871;61;157;1;land;true;hills;7
10872;52;131;1;land;true;plains;7
10873;66;160;1;land;false;plains;7
10874;80;113;1;land;false;forest;6
10875;40;97;1;land;false;hills;6
10876;87;126;1;land;false;forest;6
10877;83;116;1;land;false;plains;6
10878;100;194;1;land;false;plains;6
10879;81;151;1;land;false;plains;6
10880;133;148;1;land;false;urban;6
10881;94;134;1;land;false;plains;6
10882;99;164;1;land;false;plains;6
10883;113;148;1;land;false;plains;6
10884;111;118;1;land;false;plains;6
10885;94;175;1;land;false;plains;6
10886;96;180;1;land;false;plains;6
10887;27;150;1;land;false;plains;6
10888;31;218;1;land;false;urban;6
10889;64;149;1;land;false;plains;6
10890;95;205;1;land;false;plains;6
10891;75;206;1;land;false;plains;6
10892;51;217;1;land;false;plains;6
10893;61;165;1;land;false;plains;6
10894;27;157;1;land;false;plains;6
10895;28;74;1;land;false;plains;6
10896;169;143;1;land;false;plains;6
10897;48;152;1;land;false;forest;7
10898;65;172;1;land;false;forest;7
10899;48;131;1;land;false;forest;7
10900;95;145;1;land;false;forest;7
10901;114;140;1;land;false;plains;7
10902;56;170;1;land;false;hills;7
10903;50;143;1;land;false;jungle;7
10904;53;111;1;land;false;forest;7
10905;96;154;1;land;false;forest;7
10906;79;161;1;land;false;forest;7
10907;94;125;1;land;false;forest;7
10908;64;175;1;land;false;forest;7
10909;56;172;1;land;false;forest;7
10910;56;174;1;land;false;forest;7
10911;79;182;1;land;false;forest;7
10912;26;250;1;land;false;forest;7
10913;42;231;1;land;false;hills;7
10914;11;236;1;land;false;forest;7
10915;76;153;1;land;true;plains;6
10916;220;97;1;land;false;plains;6
10917;185;102;1;land;false;plains;6
10918;214;106;1;land;false;plains;6
10919;225;44;1;land;false;plains;6
10920;179;81;1;land;false;plains;6
10921;217;88;1;land;false;plains;6
10922;169;57;1;land;false;plains;6
10923;164;71;1;land;false;plains;6
10924;172;104;1;land;true;plains;6
10925;104;235;1;land;true;plains;6
10926;130;231;1;land;true;plains;6
10927;75;150;1;land;false;plains;7
10928;53;151;1;land;false;forest;7
10929;87;107;1;land;false;plains;7
10930;38;129;1;land;false;plains;7
10931;27;110;1;land;false;plains;7
10932;66;108;1;land;false;plains;7
10933;48;126;1;land;false;plains;7
10934;96;162;1;land;false;plains;6
10935;109;216;1;land;false;plains;7
10936;87;220;1;land;true;plains;6
10937;91;199;1;land;true;plains;6
10938;91;203;1;land;false;hills;6
10939;80;213;1;land;true;hills;6
10940;125;222;1;land;true;plains;6
10941;87;228;1;land;true;plains;6
10942;130;223;1;land;true;hills;6
10943;79;230;1;land;false;plains;6
10944;81;192;1;land;true;mountain;6
10945;19;185;1;land;false;jungle;7
10946;67;222;1;land;false;forest;7
10947;48;226;1;land;false;forest;7
10948;15;177;1;land;false;jungle;7
10949;31;154;1;land;false;forest;7
10950;47;162;1;land;false;hills;7
10951;65;216;1;land;false;forest;7
10952;41;166;1;land;false;hills;7
10953;47;190;1;land;false;hills;7
10954;229;23;1;land;false;jungle;7
10955;246;38;1;land;false;forest;7
10956;216;25;1;land;false;hills;7
10957;253;4;1;land;false;jungle;7
10958;236;4;1;land;false;plains;7
10959;225;1;1;land;false;plains;7
10960;236;15;1;land;false;jungle;7
10961;215;15;1;land;false;jungle;7
10962;243;33;1;land;false;plains;7
10963;215;39;1;land;false;jungle;7
10964;231;9;1;land;false;plains;7
10965;228;22;1;land;false;hills;7
10966;240;21;1;land;false;plains;7
10967;241;11;1;land;false;jungle;7
10968;242;37;1;land;false;jungle;7
10969;229;16;1;land;false;jungle;7
10970;246;16;1;land;false;jungle;7
10971;132;73;1;land;true;plains;6
10972;121;32;1;land;false;plains;6
10973;108;83;1;land;false;plains;6
10974;215;192;1;land;true;plains;7
10975;93;236;1;land;true;plains;6
10976;62;111;1;land;false;mountain;6
10977;97;88;1;land;false;plains;6
10978;82;145;1;land;false;plains;6
10979;98;118;1;land;false;plains;6
10980;98;81;1;land;false;plains;6
10981;108;86;1;land;false;mountain;6
10982;101;154;1;land;false;plains;6
10983;93;104;1;land;false;plains;6
10984;35;135;1;land;false;mountain;6
10985;90;109;1;land;false;hills;6
10986;53;87;1;land;false;mountain;6
10987;39;124;1;land;false;plains;6
10988;65;99;1;land;false;mountain;6
10989;67;151;1;land;false;plains;6
10990;98;119;1;land;false;plains;6
10991;39;117;1;land;false;mountain;6
10992;106;129;1;land;false;hills;6
10993;44;138;1;land;false;plains;6
10994;34;115;1;land;false;plains;6
10995;41;135;1;land;false;hills;6
10996;78;111;1;land;false;hills;6
10997;220;89;1;land;true;plains;6
10998;196;131;1;land;true;plains;7
10999;225;187;1;land;true;plains;7
11000;198;138;1;land;true;forest;7
11001;200;153;1;land;true;plains;7
11002;243;167;1;land;true;plains;7
11003;180;147;1;land;false;plains;7
11004;111;45;1;land;false;plains;6
11005;53;23;1;land;false;hills;6
11006;64;28;1;land;false;plains;6
11007;85;23;1;land;false;plains;6
11008;96;90;1;land;false;plains;6
11009;166;197;1;land;false;hills;6
11010;245;253;1;land;true;hills;6
11011;37;117;1;land;false;plains;6
11012;38;136;1;land;false;plains;6
11013;60;135;1;land;false;plains;6
11014;17;85;1;land;false;plains;6
11015;52;122;1;land;false;plains;6
11016;68;151;1;land;false;plains;6
11017;30;104;1;land;false;plains;6
11018;23;120;1;land;false;plains;6
11019;63;107;1;land;false;plains;6
11020;49;93;1;land;false;plains;6
11021;47;85;1;land;false;plains;6
11022;17;104;1;land;false;plains;6
11023;12;103;1;land;false;plains;6
11024;9;103;1;land;false;plains;6
11025;90;117;1;land;false;plains;6
11026;75;88;1;land;false;plains;6
11027;183;210;1;land;false;plains;7
11028;173;172;1;land;false;plains;7
11029;168;160;1;land;false;hills;7
11030;203;205;1;land;false;plains;7
11031;225;217;1;land;false;plains;7
11032;223;214;1;land;false;plains;7
11033;156;164;1;land;false;plains;7
11034;205;196;1;land;false;plains;7
11035;209;185;1;land;false;plains;7
11036;196;157;1;land;false;plains;7
11037;211;200;1;land;false;plains;7
11038;202;163;1;land;false;plains;7
11039;218;222;1;land;false;plains;7
11040;160;166;1;land;false;plains;7
11041;166;233;1;land;false;plains;7
11042;216;231;1;land;false;hills;7
11043;162;192;1;land;false;plains;7
11044;225;204;1;land;false;plains;7
11045;189;197;1;land;false;hills;7
11046;151;235;1;land;false;hills;7
11047;170;237;1;land;false;plains;7
11048;214;183;1;land;false;plains;7
11049;149;202;1;land;false;hills;7
11050;206;187;1;land;false;hills;7
11051;219;165;1;land;false;plains;7
11052;208;164;1;land;false;plains;7
11053;178;214;1;land;false;plains;7
11054;194;224;1;land;false;hills;7
11055;155;219;1;land;false;plains;7
11056;159;205;1;land;false;plains;7
11057;168;221;1;land;false;plains;7
11058;212;201;1;land;false;plains;7
11059;220;225;1;land;false;hills;7
11060;208;232;1;land;false;plains;7
11061;171;216;1;land;false;plains;7
11062;175;218;1;land;false;plains;7
11063;147;198;1;land;false;hills;7
11064;195;229;1;land;false;plains;7
11065;181;175;1;land;false;plains;7
11066;211;195;1;land;false;plains;7
11067;179;165;1;land;false;plains;7
11068;198;209;1;land;false;plains;7
11069;208;180;1;land;false;hills;7
11070;191;175;1;land;false;plains;7
11071;174;189;1;land;false;hills;7
11072;217;168;1;land;false;plains;7
11073;154;171;1;land;false;plains;7
11074;171;234;1;land;false;plains;7
11075;0;75;1;land;false;forest;7
11076;0;24;1;land;false;forest;7
11077;19;54;1;land;false;forest;7
11078;10;77;1;land;false;forest;7
11079;132;167;1;land;false;plains;7
11080;157;157;1;land;false;plains;7
11081;175;153;1;land;false;plains;7
11082;91;55;1;land;false;hills;6
11083;76;58;1;land;false;hills;6
11084;28;94;1;land;false;hills;6
11085;37;98;1;land;false;hills;6
11086;67;36;1;land;false;plains;6
11087;52;54;1;land;false;plains;6
11088;86;204;1;land;false;plains;7
11089;57;198;1;land;false;forest;7
11090;20;203;1;land;false;forest;7
11091;17;181;1;land;false;forest;7
11092;115;201;1;land;false;forest;7
11093;116;251;1;land;false;forest;7
11094;103;187;1;land;false;forest;7
11095;78;203;1;land;false;forest;7
11096;108;243;1;land;false;forest;7
11097;101;189;1;land;false;forest;7
11098;96;235;1;land;false;plains;7
11099;61;236;1;land;false;forest;7
11100;185;97;1;land;false;plains;7
11101;109;200;1;land;true;hills;6
11102;116;123;1;land;true;plains;7
11103;53;229;1;land;false;plains;7
11104;6;212;1;land;false;hills;7
11105;42;210;1;land;false;plains;7
11106;31;200;1;land;false;plains;7
11107;34;248;1;land;false;plains;7
11108;37;205;1;land;true;plains;6
11109;55;224;1;land;false;plains;6
11110;58;229;1;land;false;plains;6
11111;69;237;1;land;false;plains;6
11112;84;225;1;land;true;plains;6
11113;19;195;1;land;false;plains;6
11114;52;233;1;land;false;plains;6
11115;52;226;1;land;false;plains;6
11116;36;219;1;land;true;plains;6
11117;176;204;1;land;false;plains;7
11118;143;166;1;land;false;plains;6
11119;188;173;1;land;false;plains;6
11120;58;139;1;land;true;plains;6
11121;80;102;1;land;true;plains;6
11122;98;106;1;land;false;plains;7
11123;174;49;1;land;false;hills;6
11124;146;47;1;land;false;plains;6
11125;137;56;1;land;false;hills;6
11126;97;191;1;land;false;plains;7
11127;72;205;1;land;false;plains;7
11128;53;250;1;land;false;plains;7
11129;32;253;1;land;false;plains;7
11130;56;131;1;land;false;plains;7
11131;198;139;1;land;true;hills;6
11132;223;220;1;land;true;plains;6
11133;218;239;1;land;true;plains;7
11134;123;157;1;land;false;forest;7
11135;123;165;1;land;false;hills;7
11136;145;194;1;land;false;plains;7
11137;139;197;1;land;false;plains;7
11138;111;214;1;land;false;forest;7
11139;82;160;1;land;false;forest;7
11140;148;157;1;land;false;forest;7
11141;117;204;1;land;false;forest;7
11142;91;181;1;land;false;hills;7
11143;90;166;1;land;false;hills;7
11144;90;206;1;land;false;forest;7
11145;118;218;1;land;false;forest;7
11146;81;165;1;land;false;plains;7
11147;123;159;1;land;false;forest;7
11148;88;216;1;land;false;forest;7
11149;141;190;1;land;false;forest;7
11150;125;160;1;land;false;plains;7
11151;91;163;1;land;false;mountain;7
11152;153;212;1;land;false;hills;7
11153;121;142;1;land;false;plains;7
11154;240;59;1;land;true;plains;7
11155;247;43;1;land;false;plains;7
11156;177;43;1;land;false;plains;7
11157;172;65;1;land;false;plains;7
11158;218;76;1;land;true;plains;7
11159;233;83;1;land;false;plains;7
11160;218;99;1;land;false;plains;7
11161;238;94;1;land;false;plains;7
11162;229;48;1;land;true;hills;7
11163;214;50;1;land;false;plains;7
11164;246;35;1;land;true;plains;7
11165;239;89;1;land;false;plains;7
11166;198;46;1;land;true;plains;7
11167;195;42;1;land;false;plains;7
11168;225;70;1;land;false;plains;7
11169;184;76;1;land;true;plains;7
11170;184;61;1;land;false;plains;7
11171;183;97;1;land;false;plains;7
11172;173;52;1;land;true;plains;7
11173;207;93;1;land;false;plains;7
11174;171;89;1;land;false;plains;7
11175;212;31;1;land;false;plains;7
11176;206;58;1;land;true;plains;7
11177;178;43;1;land;true;plains;7
11178;244;76;1;land;false;plains;7
11179;196;32;1;land;true;plains;7
11180;204;82;1;land;true;plains;7
11181;176;31;1;land;true;plains;7
11182;222;62;1;land;true;plains;7
11183;238;47;1;land;false;plains;7
11184;243;58;1;land;false;plains;7
11185;208;66;1;land;false;plains;7
11186;211;74;1;land;false;plains;7
11187;179;98;1;land;false;plains;7
11188;214;35;1;land;false;plains;7
11189;228;54;1;land;false;plains;7
11190;174;70;1;land;false;plains;7
11191;193;109;1;land;false;plains;6
11192;205;99;1;land;false;plains;6
11193;190;97;1;land;false;plains;6
11194;199;114;1;land;false;plains;6
11195;202;114;1;land;false;plains;6
11196;179;95;1;land;false;plains;6
11197;184;140;1;land;false;plains;6
11198;203;136;1;land;false;plains;6
11199;110;84;1;land;false;urban;6
11200;156;30;1;land;false;plains;6
11201;153;47;1;land;false;plains;6
11202;106;60;1;land;false;plains;6
11203;123;48;1;land;false;plains;6
11204;129;97;1;land;false;plains;6
11205;81;106;1;land;false;mountain;6
11206;52;77;1;land;false;mountain;6
11207;32;97;1;land;false;hills;6
11208;64;74;1;land;false;plains;6
11209;44;76;1;land;false;hills;6
11210;84;71;1;land;false;mountain;6
11211;98;42;1;land;false;plains;6
11212;50;46;1;land;false;plains;6
11213;64;94;1;land;false;urban;6
11214;46;47;1;land;false;hills;6
11215;67;104;1;land;false;mountain;6
11216;78;82;1;land;false;plains;6
11217;77;52;1;land;false;mountain;6
11218;30;96;1;land;false;hills;6
11219;60;106;1;land;false;plains;6
11220;71;53;1;land;false;plains;6
11221;26;30;1;land;false;hills;6
11222;104;94;1;land;false;mountain;6
11223;70;54;1;land;false;plains;6
11224;31;99;1;land;false;plains;6
11225;92;48;1;land;false;plains;6
11226;56;76;1;land;false;plains;6
11227;34;66;1;land;false;mountain;6
11228;71;86;1;land;false;plains;6
11229;57;36;1;land;false;plains;6
11230;77;42;1;land;false;plains;6
11231;196;154;1;land;false;plains;7
11232;201;202;1;land;false;plains;7
11233;212;185;1;land;false;plains;7
11234;180;204;1;land;false;plains;7
11235;213;130;1;land;false;plains;7
11236;185;138;1;land;false;plains;7
11237;65;96;1;land;true;plains;7
11238;60;92;1;land;false;jungle;7
11239;66;113;1;land;true;plains;7
11240;21;160;1;land;true;plains;7
11241;20;103;1;land;false;forest;7
11242;36;96;1;land;false;plains;7
11243;147;80;1;land;false;urban;7
11244;150;61;1;land;true;plains;7
11245;7;11;1;land;false;plains;7
11246;9;46;1;land;false;plains;7
11247;27;61;1;land;false;forest;7
11248;1;38;1;land;false;hills;7
11249;54;0;1;land;false;hills;7
11250;7;22;1;land;false;plains;7
11251;24;28;1;land;false;plains;7
11252;8;33;1;land;false;hills;7
11253;39;16;1;land;false;forest;7
11254;36;44;1;land;false;forest;7
11255;19;64;1;land;false;plains;7
11256;27;5;1;land;false;plains;7
11257;26;2;1;land;false;plains;7
11258;79;167;1;land;false;plains;6
11259;72;146;1;land;false;urban;6
11260;29;102;1;land;false;urban;6
11261;12;173;1;land;false;urban;6
11262;161;37;1;land;false;plains;6
11263;115;79;1;land;true;plains;6
11264;160;93;1;land;false;plains;6
11265;90;51;1;land;false;plains;6
11266;120;1;1;land;false;plains;6
11267;118;40;1;land;false;plains;6
11268;95;61;1;land;false;plains;6
11269;90;63;1;land;false;plains;6
11270;105;56;1;land;false;plains;6
11271;76;11;1;land;false;plains;6
11272;131;70;1;land;false;plains;6
11273;103;44;1;land;false;urban;6
11274;135;42;1;land;false;plains;6
11275;99;2;1;land;false;plains;6
11276;135;28;1;land;false;urban;6
11277;137;55;1;land;false;plains;6
11278;101;30;1;land;false;plains;6
11279;78;36;1;land;false;plains;6
11280;110;17;1;land;false;urban;6
11281;97;8;1;land;false;urban;6
11282;74;25;1;land;false;plains;6
11283;98;14;1;land;false;urban;6
11284;124;33;1;land;false;plains;6
11285;73;60;1;land;false;plains;6
11286;150;139;1;land;false;plains;7
11287;155;153;1;land;false;plains;7
11288;221;103;1;land;false;plains;7
11289;173;178;1;land;false;mountain;7
11290;150;109;1;land;false;forest;7
11291;203;176;1;land;false;forest;7
11292;216;114;1;land;false;plains;7
11293;214;142;1;land;false;plains;7
11294;187;174;1;land;false;plains;7
11295;183;107;1;land;false;plains;7
11296;222;148;1;land;false;plains;7
11297;221;116;1;land;false;plains;7
11298;195;169;1;land;false;plains;7
11299;221;134;1;land;false;plains;7
11300;183;101;1;land;false;mountain;7
11301;219;115;1;land;false;plains;7
11302;170;170;1;land;false;forest;7
11303;181;123;1;land;false;plains;7
11304;203;137;1;land;false;plains;7
11305;221;173;1;land;false;hills;7
11306;214;175;1;land;false;plains;7
11307;213;106;1;land;false;hills;7
11308;191;132;1;land;false;plains;7
11309;206;164;1;land;false;forest;7
11310;184;162;1;land;false;plains;7
11311;159;178;1;land;false;hills;7
11312;204;104;1;land;false;plains;7
11313;151;149;1;land;false;jungle;7
11314;149;179;1;land;false;forest;7
11315;171;185;1;land;false;jungle;7
11316;181;176;1;land;false;jungle;7
11317;118;190;1;land;false;jungle;7
11318;128;147;1;land;false;forest;7
11319;81;129;1;land;false;plains;7
11320;125;72;1;land;false;jungle;7
11321;64;95;1;land;false;jungle;7
11322;78;83;1;land;false;forest;7
11323;143;101;1;land;false;hills;7
11324;109;86;1;land;false;hills;7
11325;135;77;1;land;false;hills;7
11326;92;133;1;land;false;forest;7
11327;103;85;1;land;false;forest;7
11328;136;78;1;land;false;plains;7
11329;106;92;1;land;false;plains;7
11330;120;83;1;land;false;jungle;7
11331;138;97;1;land;false;plains;7
11332;104;107;1;land;false;jungle;7
11333;91;105;1;land;false;hills;7
11334;81;120;1;land;false;hills;7
11335;80;91;1;land;false;hills;7
11336;140;120;1;land;false;hills;7
11337;83;107;1;land;false;plains;7
11338;125;126;1;land;false;jungle;7
11339;86;116;1;land;false;forest;7
11340;129;82;1;land;false;hills;7
11341;112;100;1;land;false;forest;7
11342;102;132;1;land;false;forest;7
11343;124;166;1;land;true;plains;6
11344;160;74;1;land;false;hills;6
11345;134;46;1;land;false;forest;6
11346;156;57;1;land;false;plains;6
11347;143;55;1;land;false;plains;6
11348;188;64;1;land;false;forest;6
11349;167;42;1;land;false;forest;6
11350;113;32;1;land;false;hills;6
11351;166;94;1;land;false;plains;6
11352;174;91;1;land;false;plains;6
11353;165;56;1;land;false;plains;6
11354;142;64;1;land;false;plains;6
11355;123;89;1;land;false;hills;6
11356;128;40;1;land;false;plains;6
11357;142;86;1;land;false;forest;6
11358;120;33;1;land;false;plains;6
11359;119;43;1;land;false;plains;6
11360;16;150;1;land;true;plains;7
11361;59;11;1;land;false;forest;7
11362;122;3;1;land;false;forest;7
11363;99;33;1;land;false;forest;7
11364;121;119;1;land;false;plains;7
11365;99;77;1;land;true;plains;7
11366;91;83;1;land;true;plains;7
11367;80;99;1;land;true;plains;7
11368;151;119;1;land;true;plains;7
11369;82;86;1;land;true;plains;7
11370;153;88;1;land;true;plains;7
11371;143;87;1;land;false;plains;7
11372;140;24;1;land;false;plains;6
11373;58;71;1;land;true;hills;7
11374;55;193;1;land;false;forest;7
11375;44;200;1;land;false;forest;7
11376;31;165;1;land;false;forest;7
11377;3;207;1;land;false;plains;7
11378;9;200;1;land;false;forest;7
11379;55;203;1;land;false;hills;7
11380;53;142;1;land;false;forest;7
11381;2;186;1;land;false;forest;7
11382;24;180;1;land;false;plains;7
11383;95;105;1;land;false;plains;6
11384;75;119;1;land;false;plains;6
11385;73;174;1;land;false;plains;6
11386;76;158;1;land;false;plains;6
11387;116;41;1;land;false;hills;6
11388;111;44;1;land;false;urban;6
11389;105;88;1;land;false;plains;6
11390;138;64;1;land;false;plains;6
11391;159;96;1;land;false;plains;6
11392;140;82;1;land;false;plains;6
11393;95;108;1;land;false;mountain;6
11394;143;46;1;land;false;hills;6
11395;113;46;1;land;false;plains;6
11396;128;93;1;land;false;forest;6
11397;132;34;1;land;false;plains;6
11398;159;82;1;land;false;plains;6
11399;155;54;1;land;false;plains;6
11400;84;101;1;land;false;plains;6
11401;111;43;1;land;false;plains;6
11402;105;110;1;land;false;plains;6
11403;98;36;1;land;false;hills;6
11404;129;90;1;land;false;forest;6
11405;91;94;1;land;false;plains;6
11406;152;87;1;land;false;plains;6
11407;135;55;1;land;false;plains;6
11408;138;44;1;land;false;plains;6
11409;86;45;1;land;false;mountain;6
11410;207;71;1;land;false;plains;6
11411;201;39;1;land;false;plains;6
11412;188;61;1;land;false;plains;6
11413;25;52;1;land;false;forest;6
11414;11;42;1;land;false;forest;6
11415;26;93;1;land;false;forest;6
11416;46;79;1;land;false;forest;6
11417;44;102;1;land;false;urban;6
11418;48;70;1;land;false;mountain;6
11419;82;65;1;land;false;mountain;6
11420;44;68;1;land;false;mountain;6
11421;80;13;1;land;false;plains;6
11422;121;60;1;land;false;mountain;6
11423;82;16;1;land;false;mountain;6
11424;45;13;1;land;false;mountain;6
11425;53;72;1;land;false;plains;6
11426;63;17;1;land;false;hills;6
11427;49;91;1;land;false;mountain;6
11428;97;39;1;land;false;plains;6
11429;48;38;1;land;false;plains;6
11430;94;14;1;land;false;desert;6
11431;49;56;1;land;false;hills;6
11432;46;83;1;land;false;hills;6
11433;71;143;1;land;false;plains;6
11434;72;99;1;land;false;plains;6
11435;90;111;1;land;false;plains;6
11436;71;152;1;land;false;plains;6
11437;121;81;1;land;false;plains;6
11438;80;126;1;land;false;plains;6
11439;93;90;1;land;false;plains;6
11440;114;103;1;land;false;plains;6
11441;121;100;1;land;false;plains;6
11442;102;147;1;land;false;plains;7
11443;125;191;1;land;false;urban;7
11444;115;172;1;land;false;plains;7
11445;172;144;1;land;false;plains;7
11446;133;135;1;land;false;urban;7
11447;164;177;1;land;false;plains;7
11448;172;138;1;land;true;plains;7
11449;211;158;1;land;true;plains;7
11450;185;118;1;land;false;plains;7
11451;154;114;1;land;true;plains;7
11452;228;131;1;land;true;plains;7
11453;210;157;1;land;true;plains;7
11454;187;164;1;land;false;urban;7
11455;194;101;1;land;false;plains;7
11456;185;136;1;land;false;plains;7
11457;145;110;1;land;true;plains;7
11458;157;130;1;land;true;plains;7
11459;177;115;1;land;false;plains;7
11460;184;125;1;land;true;plains;7
11461;190;113;1;land;true;forest;7
11462;178;139;1;land;false;plains;7
11463;155;109;1;land;false;urban;7
11464;137;121;1;land;true;plains;7
11465;209;113;1;land;false;plains;7
11466;132;11;1;land;false;plains;6
11467;98;17;1;land;false;plains;6
11468;98;71;1;land;false;urban;6
11469;138;58;1;land;false;plains;6
11470;110;45;1;land;false;plains;6
11471;150;14;1;land;false;plains;6
11472;106;56;1;land;false;plains;6
11473;110;10;1;land;false;plains;6
11474;163;163;1;land;true;hills;6
11475;24;159;1;land;false;forest;7
11476;54;169;1;land;false;jungle;7
11477;33;100;1;land;false;plains;7
11478;6;111;1;land;false;forest;7
11479;45;109;1;land;false;forest;7
11480;13;160;1;land;false;plains;7
11481;24;99;1;land;false;jungle;7
11482;2;132;1;land;false;jungle;7
11483;69;113;1;land;false;plains;6
11484;53;91;1;land;false;plains;6
11485;117;44;1;land;false;plains;6
11486;113;95;1;land;false;plains;6
11487;65;48;1;land;false;plains;6
11488;44;96;1;land;false;plains;6
11489;109;89;1;land;false;urban;6
11490;84;98;1;land;false;plains;6
11491;78;53;1;land;false;plains;6
11492;110;53;1;land;false;plains;6
11493;59;78;1;land;false;plains;6
11494;93;75;1;land;false;forest;6
11495;46;57;1;land;false;urban;6
11496;86;60;1;land;false;plains;6
11497;86;64;1;land;false;plains;6
11498;83;118;1;land;false;plains;6
11499;49;44;1;land;false;urban;6
11500;38;115;1;land;false;forest;6
11501;16;42;1;land;false;plains;6
11502;216;56;1;land;false;plains;7
11503;200;49;1;land;false;plains;7
11504;178;55;1;land;false;plains;7
11505;181;6;1;land;false;plains;7
11506;228;46;1;land;false;plains;7
11507;210;26;1;land;false;plains;7
11508;184;52;1;land;false;plains;7
11509;227;4;1;land;false;plains;7
11510;227;20;1;land;false;plains;7
11511;182;55;1;land;false;plains;7
11512;212;24;1;land;false;hills;7
11513;210;37;1;land;false;plains;7
11514;176;54;1;land;false;forest;7
11515;141;54;1;land;false;forest;7
11516;179;13;1;land;false;forest;7
11517;143;111;1;land;false;plains;7
11518;113;142;1;land;false;plains;7
11519;155;144;1;land;false;plains;7
11520;105;117;1;land;false;forest;7
11521;109;177;1;land;false;forest;7
11522;119;167;1;land;false;plains;7
11523;101;107;1;land;false;forest;7
11524;157;96;1;land;false;plains;7
11525;129;119;1;land;false;plains;7
11526;154;78;1;land;false;plains;6
11527;185;112;1;land;false;plains;6
11528;118;85;1;land;false;plains;6
11529;122;17;1;land;false;forest;7
11530;184;30;1;land;false;forest;7
11531;120;40;1;land;false;forest;7
11532;165;17;1;land;false;plains;7
11533;117;46;1;land;false;plains;7
11534;135;39;1;land;false;forest;7
11535;185;37;1;land;false;plains;7
11536;170;116;1;land;false;plains;7
11537;133;117;1;land;false;plains;7
11538;112;89;1;land;false;plains;7
11539;104;75;1;land;false;urban;7
11540;105;81;1;land;false;urban;7
11541;148;130;1;land;false;plains;7
11542;159;98;1;land;true;urban;7
11543;98;128;1;land;false;plains;7
11544;168;129;1;land;false;urban;7
11545;166;123;1;land;true;urban;7
11546;101;77;1;land;false;forest;7
11547;101;93;1;land;false;plains;7
11548;151;73;1;land;false;urban;7
11549;105;71;1;land;true;plains;7
11550;119;86;1;land;false;urban;7
11551;98;131;1;land;false;plains;7
11552;97;138;1;land;false;forest;7
11553;122;97;1;land;true;plains;7
11554;100;137;1;land;true;plains;7
11555;146;61;1;land;false;plains;7
11556;159;105;1;land;false;plains;7
11557;137;74;1;land;false;urban;7
11558;163;102;1;land;false;plains;7
11559;118;67;1;land;false;forest;7
11560;107;134;1;land;false;urban;7
11561;113;63;1;land;false;forest;7
11562;4;219;1;land;false;plains;7
11563;41;245;1;land;false;plains;7
11564;56;225;1;land;false;plains;7
11565;1;188;1;land;false;forest;7
11566;23;201;1;land;false;plains;7
11567;0;214;1;land;false;plains;7
11568;14;235;1;land;false;plains;7
11569;8;242;1;land;false;forest;7
11570;35;186;1;land;false;plains;7
11571;56;192;1;land;false;hills;7
11572;41;243;1;land;false;plains;7
11573;19;214;1;land;false;plains;7
11574;15;200;1;land;false;plains;7
11575;162;19;1;land;false;plains;7
11576;141;16;1;land;false;plains;7
11577;135;30;1;land;false;hills;7
11578;206;56;1;land;false;hills;7
11579;224;80;1;land;false;forest;7
11580;184;77;1;land;false;forest;7
11581;195;130;1;land;false;plains;6
11582;192;139;1;land;false;plains;6
11583;212;125;1;land;false;plains;6
11584;235;158;1;land;true;plains;6
11585;221;128;1;land;false;plains;6
11586;204;165;1;land;false;plains;6
11587;202;155;1;land;true;plains;6
11588;251;134;1;land;false;plains;6
11589;213;146;1;land;false;plains;6
11590;232;126;1;land;false;plains;6
11591;88;123;1;land;false;plains;6
11592;52;64;1;land;false;plains;6
11593;47;83;1;land;false;forest;6
11594;41;52;1;land;false;plains;6
11595;86;52;1;land;false;plains;6
11596;85;46;1;land;false;plains;6
11597;240;98;1;land;false;plains;6
11598;217;49;1;land;false;plains;6
11599;250;62;1;land;false;plains;6
11600;197;59;1;land;false;plains;6
11601;234;58;1;land;false;plains;6
11602;228;107;1;land;false;plains;6
11603;216;96;1;land;false;plains;6
11604;210;53;1;land;false;plains;6
11605;236;80;1;land;false;plains;6
11606;231;52;1;land;false;plains;6
11607;151;28;1;land;false;plains;7
11608;163;54;1;land;false;plains;7
11609;132;127;1;land;false;hills;6
11610;84;89;1;land;false;mountain;6
11611;98;143;1;land;false;hills;6
11612;61;78;1;land;false;plains;6
11613;99;106;1;land;false;plains;6
11614;129;127;1;land;false;hills;6
11615;63;153;1;land;false;hills;6
11616;191;169;1;land;false;plains;7
11617;165;148;1;land;false;plains;7
11618;155;182;1;land;false;plains;7
11619;180;222;1;land;false;plains;7
11620;199;226;1;land;false;plains;7
11621;43;68;1;land;false;forest;7
11622;14;216;1;land;false;forest;7
11623;53;197;1;land;false;forest;7
11624;63;212;1;land;false;plains;7
11625;62;208;1;land;false;forest;7
11626;0;159;1;land;false;forest;7
11627;22;220;1;land;false;forest;7
11628;31;177;1;land;false;forest;7
11629;41;228;1;land;false;forest;7
11630;26;90;1;land;false;plains;7
11631;27;49;1;land;true;forest;7
11632;28;47;1;land;false;plains;7
11633;4;81;1;land;true;plains;7
11634;34;105;1;land;true;plains;7
11635;0;47;1;land;true;plains;7
11636;19;56;1;land;false;urban;7
11637;6;52;1;land;true;plains;7
11638;128;74;1;land;false;plains;6
11639;137;98;1;land;false;plains;6
11640;193;84;1;land;false;plains;6
11641;61;85;1;land;false;mountain;6
11642;122;222;1;land;false;plains;7
11643;91;235;1;land;false;plains;7
11644;154;64;1;land;false;plains;6
11645;192;62;1;land;false;plains;6
11646;140;108;1;land;false;plains;6
11647;204;73;1;land;false;plains;6
11648;146;137;1;land;false;plains;6
11649;104;123;1;land;false;forest;7
11650;118;91;1;land;false;plains;7
11651;113;101;1;land;false;forest;7
11652;112;149;1;land;false;forest;7
11653;157;106;1;land;false;forest;7
11654;103;86;1;land;false;plains;7
11655;126;111;1;land;false;forest;7
11656;132;96;1;land;false;plains;7
11657;193;110;1;land;false;plains;6
11658;146;32;1;land;false;plains;7
11659;136;74;1;land;false;mountain;7
11660;153;56;1;land;false;hills;7
11661;142;66;1;land;false;hills;7
11662;142;73;1;land;false;plains;7
11663;133;43;1;land;false;hills;7
11664;160;29;1;land;false;hills;7
11665;138;49;1;land;false;forest;7
11666;136;62;1;land;false;plains;7
11667;132;38;1;land;false;mountain;7
11668;153;63;1;land;false;mountain;7
11669;115;29;1;land;false;plains;7
11670;133;40;1;land;false;hills;7
11671;129;79;1;land;false;hills;7
11672;108;63;1;land;false;mountain;7
11673;114;38;1;land;false;forest;7
11674;159;61;1;land;false;hills;7
11675;121;76;1;land;false;hills;7
11676;105;83;1;land;false;mountain;7
11677;107;36;1;land;false;forest;7
11678;158;28;1;land;false;mountain;7
11679;100;48;1;land;false;hills;7
11680;122;27;1;land;false;mountain;7
11681;186;130;1;land;false;plains;7
11682;184;67;1;land;false;plains;7
11683;217;52;1;land;false;plains;7
11684;236;118;1;land;false;plains;7
11685;213;100;1;land;false;plains;7
11686;223;109;1;land;false;urban;7
11687;200;106;1;land;false;forest;7
11688;189;121;1;land;false;plains;7
11689;170;112;1;land;false;plains;7
11690;234;95;1;land;false;plains;7
11691;221;99;1;land;false;plains;7
11692;173;126;1;land;false;plains;7
11693;160;90;1;land;false;plains;7
11694;148;165;1;land;true;forest;7
11695;178;164;1;land;false;plains;7
11696;175;217;1;land;false;urban;7
11697;173;157;1;land;true;plains;7
11698;196;208;1;land;true;plains;7
11699;114;46;1;land;false;plains;6
11700;113;64;1;land;false;mountain;6
11701;93;25;1;land;false;plains;6
11702;106;30;1;land;false;plains;6
11703;89;58;1;land;false;hills;6
11704;108;45;1;land;false;mountain;6
11705;48;29;1;land;false;mountain;6
11706;105;1;1;land;false;plains;6
11707;99;42;1;land;false;plains;6
11708;80;60;1;land;false;plains;6
11709;108;62;1;land;false;plains;6
11710;103;1;1;land;false;mountain;6
11711;88;52;1;land;false;hills;6
11712;101;20;1;land;false;hills;6
11713;55;59;1;land;false;mountain;6
11714;84;18;1;land;false;plains;6
11715;95;77;1;land;false;forest;7
11716;103;76;1;land;false;plains;7
11717;58;65;1;land;false;plains;7
11718;112;46;1;land;false;plains;7
11719;90;81;1;land;false;forest;7
11720;215;164;1;land;false;plains;6
11721;177;135;1;land;false;plains;6
11722;184;132;1;land;false;urban;6
11723;162;193;1;land;false;forest;6
11724;190;137;1;land;false;plains;6
11725;155;200;1;land;false;plains;6
11726;176;148;1;land;false;forest;6
11727;208;144;1;land;false;hills;6
11728;230;200;1;land;false;plains;6
11729;228;136;1;land;false;plains;6
11730;227;184;1;land;false;plains;6
11731;208;169;1;land;false;forest;6
11732;195;153;1;land;false;plains;6
11733;114;92;1;land;false;plains;6
11734;137;62;1;land;false;plains;7
11735;159;12;1;land;false;plains;7
11736;154;83;1;land;false;mountain;7
11737;123;68;1;land;false;forest;7
11738;163;20;1;land;false;plains;7
11739;135;23;1;land;false;plains;7
11740;151;57;1;land;false;plains;7
11741;155;60;1;land;false;plains;7
11742;133;39;1;land;false;urban;7
11743;125;26;1;land;false;plains;7
11744;133;20;1;land;false;plains;7
11745;141;26;1;land;false;plains;7
11746;125;35;1;land;false;plains;7
11747;175;84;1;land;false;plains;7
11748;145;58;1;land;false;hills;7
11749;178;60;1;land;false;plains;7
11750;150;37;1;land;false;plains;7
11751;180;58;1;land;false;plains;7
11752;138;46;1;land;false;plains;7
11753;175;34;1;land;false;plains;7
11754;147;13;1;land;false;plains;7
11755;132;86;1;land;false;plains;7
11756;144;36;1;land;false;plains;7
11757;115;16;1;land;false;plains;7
11758;113;73;1;land;false;plains;7
11759;138;56;1;land;false;plains;7
11760;98;104;1;land;true;plains;6
11761;8;213;1;land;true;plains;7
11762;15;109;1;land;false;plains;6
11763;58;144;1;land;false;plains;6
11764;52;165;1;land;false;plains;6
11765;124;88;1;land;false;hills;6
11766;91;80;1;land;false;plains;6
11767;100;43;1;land;false;plains;6
11768;79;44;1;land;true;plains;6
11769;127;60;1;land;false;plains;6
11770;91;72;1;land;false;plains;6
11771;84;80;1;land;false;plains;6
11772;98;91;1;land;false;plains;6
11773;132;46;1;land;false;plains;6
11774;72;104;1;land;false;hills;6
11775;95;71;1;land;false;plains;6
11776;100;199;1;land;true;plains;7
11777;132;184;1;land;false;plains;7
11778;110;197;1;land;true;plains;7
11779;109;181;1;land;false;plains;7
11780;119;219;1;land;true;plains;7
11781;134;197;1;land;false;plains;7
11782;178;201;1;land;false;plains;7
11783;165;153;1;land;true;plains;7
11784;140;191;1;land;true;plains;7
11785;122;204;1;land;true;plains;7
11786;108;152;1;land;true;urban;7
11787;157;161;1;land;true;hills;7
11788;103;192;1;land;false;plains;7
11789;179;209;1;land;true;plains;7
11790;118;145;1;land;false;plains;7
11791;147;183;1;land;true;plains;7
11792;146;222;1;land;true;plains;7
11793;119;203;1;land;true;plains;7
11794;155;184;1;land;false;urban;7
11795;134;222;1;land;true;plains;7
11796;179;146;1;land;false;urban;7
11797;120;187;1;land;false;plains;7
11798;133;213;1;land;true;plains;7
11799;111;223;1;land;true;plains;7
11800;202;77;1;land;false;forest;7
11801;221;64;1;land;false;plains;7
11802;169;86;1;land;false;hills;7
11803;228;67;1;land;false;plains;7
11804;232;23;1;land;false;hills;7
11805;232;85;1;land;false;plains;7
11806;187;93;1;land;false;plains;7
11807;195;44;1;land;false;plains;7
11808;168;69;1;land;false;plains;7
11809;226;24;1;land;false;plains;7
11810;213;17;1;land;false;plains;7
11811;213;75;1;land;false;urban;7
11812;226;58;1;land;false;plains;7
11813;173;98;1;land;false;forest;7
11814;83;181;1;land;true;plains;6
11815;165;52;1;land;false;plains;6
11816;122;133;1;land;false;plains;7
11817;96;185;1;land;false;plains;7
11818;79;162;1;land;false;plains;7
11819;118;156;1;land;false;plains;7
11820;103;131;1;land;false;plains;7
11821;185;194;1;land;false;plains;7
11822;214;253;1;land;false;plains;7
11823;222;241;1;land;false;plains;7
11824;164;246;1;land;false;plains;7
11825;209;254;1;land;false;plains;7
11826;167;242;1;land;false;plains;7
11827;190;231;1;land;false;plains;7
11828;165;156;1;land;true;plains;6
11829;155;213;1;land;false;plains;6
11830;112;142;1;land;false;plains;6
11831;107;204;1;land;false;plains;6
11832;89;172;1;land;true;plains;6
11833;118;204;1;land;true;forest;6
11834;102;167;1;land;false;plains;6
11835;102;188;1;land;true;plains;6
11836;42;140;1;land;true;plains;6
11837;126;137;1;land;false;plains;6
11838;140;233;1;land;false;plains;7
11839;149;215;1;land;false;plains;7
11840;114;222;1;land;false;plains;7
11841;138;237;1;land;false;plains;7
11842;180;210;1;land;true;plains;6
11843;162;246;1;land;true;plains;6
11844;220;245;1;land;false;hills;6
11845;184;235;1;land;true;plains;6
11846;161;201;1;land;true;plains;6
11847;175;253;1;land;true;plains;6
11848;166;242;1;land;false;hills;6
11849;26;148;1;land;false;plains;7
11850;90;119;1;land;false;forest;7
11851;138;72;1;land;false;forest;7
11852;143;90;1;land;false;forest;7
11853;100;86;1;land;false;forest;7
11854;166;126;1;land;true;forest;6
11855;88;115;1;land;false;urban;6
11856;56;161;1;land;false;plains;6
11857;110;112;1;land;true;plains;6
11858;66;119;1;land;true;plains;6
11859;121;163;1;land;true;plains;6
11860;78;95;1;land;false;urban;6
11861;91;166;1;land;true;plains;6
11862;107;144;1;land;false;plains;6
11863;61;129;1;land;false;urban;6
11864;88;142;1;land;true;plains;6
11865;116;120;1;land;false;plains;6
11866;66;96;1;land;false;plains;6
11867;106;142;1;land;true;plains;6
11868;83;91;1;land;true;plains;6
11869;114;121;1;land;true;plains;6
11870;49;112;1;land;true;plains;6
11871;89;134;1;land;true;plains;6
11872;48;137;1;land;false;plains;6
11873;59;96;1;land;false;plains;6
11874;89;99;1;land;false;plains;6
11875;100;126;1;land;false;plains;6
11876;124;116;1;land;true;plains;6
11877;49;156;1;land;true;plains;6
11878;83;104;1;land;false;plains;6
11879;82;126;1;land;false;plains;6
11880;182;122;1;land;false;plains;6
11881;67;133;1;land;false;plains;6
11882;70;162;1;land;false;plains;6
11883;91;141;1;land;false;plains;6
11884;77;152;1;land;false;plains;6
11885;50;179;1;land;false;plains;6
11886;103;120;1;land;false;plains;6
11887;88;152;1;land;false;plains;6
11888;115;133;1;land;false;plains;6
11889;101;178;1;land;false;plains;6
11890;96;139;1;land;false;plains;6
11891;166;1;1;land;false;plains;6
11892;160;59;1;land;false;plains;6
11893;126;30;1;land;false;plains;6
11894;102;18;1;land;false;hills;6
11895;93;35;1;land;false;forest;6
11896;132;29;1;land;false;plains;6
11897;134;43;1;land;false;hills;6
11898;135;19;1;land;false;plains;6
11899;143;63;1;land;false;plains;6
11900;108;67;1;land;false;hills;6
11901;63;25;1;land;false;plains;7
11902;19;67;1;land;false;plains;7
11903;24;61;1;land;false;plains;7
11904;22;54;1;land;true;plains;7
11905;59;20;1;land;false;plains;7
11906;21;71;1;land;false;plains;7
11907;246;30;1;land;false;urban;7
11908;195;29;1;land;false;hills;7
11909;231;28;1;land;false;hills;7
11910;238;60;1;land;false;plains;7
11911;193;72;1;land;false;plains;7
11912;229;67;1;land;false;plains;7
11913;213;42;1;land;false;plains;7
11914;219;87;1;land;false;plains;7
11915;234;20;1;land;false;plains;7
11916;247;74;1;land;false;plains;7
11917;246;96;1;land;false;hills;7
11918;225;64;1;land;false;urban;7
11919;185;31;1;land;false;hills;7
11920;180;40;1;land;false;plains;7
11921;213;68;1;land;false;plains;7
11922;228;62;1;land;false;hills;7
11923;210;36;1;land;false;plains;7
11924;240;51;1;land;false;plains;7
11925;169;67;1;land;false;plains;7
11926;211;43;1;land;false;urban;7
11927;193;34;1;land;false;plains;7
11928;192;57;1;land;false;mountain;7
11929;241;77;1;land;false;plains;7
11930;207;76;1;land;false;hills;7
11931;243;59;1;land;false;plains;7
11932;222;66;1;land;false;plains;7
11933;236;51;1;land;false;plains;7
11934;192;90;1;land;false;plains;7
11935;173;60;1;land;false;plains;7
11936;245;60;1;land;false;plains;7
11937;241;22;1;land;false;plains;7
11938;186;67;1;land;false;hills;7
11939;243;55;1;land;false;urban;7
11940;109;84;1;land;false;plains;6
11941;80;33;1;land;false;forest;6
11942;81;76;1;land;false;forest;6
11943;67;64;1;land;true;forest;6
11944;125;67;1;land;true;forest;6
11945;122;31;1;land;true;plains;6
11946;111;59;1;land;true;plains;6
11947;123;60;1;land;true;plains;6
11948;112;133;1;land;false;plains;6
11949;94;164;1;land;false;hills;6
11950;99;120;1;land;false;plains;6
11951;87;183;1;land;false;hills;6
11952;40;159;1;land;false;plains;6
11953;33;118;1;land;false;plains;6
11954;31;108;1;land;false;plains;6
11955;10;73;1;land;false;hills;6
11956;9;60;1;land;false;hills;6
11957;41;163;1;land;false;plains;7
11958;88;119;1;land;false;forest;7
11959;37;133;1;land;false;urban;7
11960;27;136;1;land;false;plains;7
11961;54;105;1;land;false;urban;7
11962;92;165;1;land;false;forest;7
11963;69;115;1;land;false;forest;7
11964;70;113;1;land;false;plains;7
11965;81;119;1;land;false;plains;7
11966;93;150;1;land;false;forest;7
11967;37;91;1;land;false;plains;7
11968;15;149;1;land;false;forest;7
11969;92;136;1;land;false;plains;7
11970;253;159;1;land;false;forest;7
11971;218;115;1;land;false;forest;7
11972;235;175;1;land;false;forest;7
11973;48;111;1;land;false;forest;6
11974;102;125;1;land;false;plains;6
11975;63;176;1;land;false;plains;6
11976;51;111;1;land;true;plains;6
11977;94;179;1;land;false;plains;6
11978;91;142;1;land;false;forest;6
11979;87;152;1;land;false;plains;6
11980;60;169;1;land;true;plains;6
11981;93;172;1;land;true;plains;6
11982;71;173;1;land;false;plains;6
11983;21;115;1;land;false;plains;7
11984;38;100;1;land;false;hills;7
11985;63;135;1;land;false;plains;7
11986;179;148;1;land;true;plains;7
11987;167;88;1;land;false;plains;7
11988;186;92;1;land;false;plains;7
11989;168;70;1;land;false;plains;7
11990;167;61;1;land;false;plains;7
11991;119;108;1;land;false;plains;7
11992;134;85;1;land;false;plains;7
11993;188;55;1;land;false;plains;7
11994;125;78;1;land;false;plains;7
11995;113;92;1;land;false;plains;7
11996;60;54;1;land;false;plains;6
11997;63;52;1;land;false;plains;6
11998;78;77;1;land;false;plains;6
11999;101;80;1;land;false;plains;6
12000;61;79;1;land;false;plains;6
12001;103;78;1;land;false;plains;6
12002;69;67;1;land;false;plains;6
12003;173;194;1;land;false;plains;6
12004;178;134;1;land;false;plains;6
12005;189;171;1;land;false;plains;6
12006;222;136;1;land;false;plains;6
12007;228;172;1;land;false;plains;6
12008;227;189;1;land;false;hills;6
12009;166;177;1;land;false;hills;6
12010;209;134;1;land;false;plains;6
12011;210;203;1;land;false;plains;6
12012;219;170;1;land;false;forest;6
12013;200;128;1;land;false;plains;6
12014;201;204;1;land;false;plains;6
12015;155;206;1;land;false;plains;6
12016;222;164;1;land;false;plains;6
12017;230;181;1;land;false;hills;6
12018;172;186;1;land;false;plains;6
12019;158;139;1;land;false;hills;6
12020;183;142;1;land;false;plains;6
12021;210;125;1;land;false;plains;6
12022;166;162;1;land;false;forest;6
12023;219;145;1;land;false;plains;6
12024;218;149;1;land;false;forest;6
12025;198;198;1;land;false;plains;6
12026;220;179;1;land;false;plains;6
12027;212;168;1;land;false;plains;6
12028;171;162;1;land;false;forest;6
12029;203;63;1;land;false;plains;6
12030;65;142;1;land;false;plains;6
12031;42;121;1;land;false;plains;6
12032;105;77;1;land;false;urban;6
12033;80;120;1;land;false;urban;6
12034;83;131;1;land;false;forest;6
12035;111;120;1;land;false;plains;6
12036;133;227;1;land;false;plains;6
12037;129;183;1;land;false;plains;6
12038;130;192;1;land;false;plains;6
12039;139;156;1;land;false;plains;6
12040;137;228;1;land;false;plains;6
12041;156;162;1;land;false;plains;6
12042;173;233;1;land;false;plains;6
12043;179;163;1;land;false;plains;6
12044;189;219;1;land;false;plains;6
12045;121;191;1;land;false;hills;6
12046;101;175;1;land;false;hills;7
12047;99;186;1;land;false;plains;7
12048;156;130;1;land;false;hills;7
12049;151;171;1;land;false;plains;7
12050;121;124;1;land;false;plains;7
12051;160;142;1;land;false;hills;7
12052;102;177;1;land;false;plains;7
12053;91;117;1;land;false;hills;7
12054;129;186;1;land;false;plains;7
12055;103;137;1;land;false;plains;7
12056;192;99;1;land;false;urban;6
12057;201;88;1;land;false;plains;6
12058;211;150;1;land;false;plains;6
12059;50;251;1;land;true;hills;6
12060;226;214;1;land;false;forest;7
12061;236;246;1;land;false;forest;7
12062;219;241;1;land;false;forest;7
12063;192;241;1;land;false;hills;7
12064;228;233;1;land;false;jungle;7
12065;235;215;1;land;false;hills;7
12066;191;218;1;land;false;forest;7
12067;190;218;1;land;false;forest;7
12068;215;220;1;land;false;jungle;7
12069;0;39;1;land;false;plains;7
12070;27;48;1;land;false;plains;7
12071;32;74;1;land;false;plains;7
12072;26;79;1;land;false;plains;7
12073;37;114;1;land;false;plains;7
12074;3;71;1;land;false;plains;7
12075;145;48;1;land;false;plains;6
12076;72;27;1;land;false;forest;7
12077;79;15;1;land;false;forest;7
12078;25;34;1;land;false;forest;7
12079;49;53;1;land;false;forest;7
12080;186;115;1;land;false;plains;6
12081;173;147;1;land;false;hills;6
12082;176;138;1;land;false;hills;6
12083;139;114;1;land;false;plains;7
12084;171;163;1;land;false;plains;7
12085;196;152;1;land;false;plains;7
12086;139;149;1;land;false;plains;7
12087;134;131;1;land;false;plains;7
12088;130;130;1;land;true;plains;7
12089;200;169;1;land;false;plains;7
12090;97;59;1;land;false;mountain;6
12091;102;44;1;land;false;mountain;6
12092;85;66;1;land;false;mountain;6
12093;40;22;1;land;false;mountain;6
12094;153;114;1;land;false;forest;7
12095;144;117;1;land;false;forest;7
12096;123;72;1;land;false;plains;7
12097;179;49;1;land;false;forest;7
12098;142;57;1;land;false;plains;7
12099;128;62;1;land;false;plains;7
12100;135;124;1;land;false;plains;7
12101;127;119;1;land;false;plains;7
12102;178;99;1;land;false;plains;7
12103;111;113;1;land;false;plains;7
12104;142;55;1;land;false;forest;7
12105;171;54;1;land;false;plains;7
12106;154;75;1;land;false;forest;7
12107;151;58;1;land;false;plains;7
12108;141;97;1;land;false;plains;7
12109;117;88;1;land;false;plains;7
12110;150;89;1;land;false;plains;7
12111;162;98;1;land;false;plains;7
12112;177;57;1;land;false;plains;7
12113;151;80;1;land;false;forest;7
12114;154;76;1;land;false;plains;7
12115;161;95;1;land;false;forest;7
12116;160;106;1;land;false;forest;7
12117;178;101;1;land;false;plains;7
12118;113;96;1;land;false;plains;7
12119;177;111;1;land;false;plains;7
12120;108;109;1;land;false;plains;7
12121;175;59;1;land;false;plains;7
12122;104;54;1;land;false;forest;7
12123;109;114;1;land;false;plains;7
12124;178;100;1;land;false;hills;7
12125;110;122;1;land;false;forest;7
12126;173;121;1;land;false;plains;7
12127;139;78;1;land;false;plains;7
12128;172;66;1;land;false;plains;7
12129;162;85;1;land;false;plains;7
12130;116;69;1;land;false;plains;7
12131;159;85;1;land;false;plains;7
12132;155;78;1;land;false;plains;7
12133;147;114;1;land;false;forest;7
12134;129;128;1;land;false;plains;7
12135;133;73;1;land;false;plains;7
12136;121;109;1;land;false;plains;7
12137;152;69;1;land;false;plains;7
12138;155;98;1;land;false;plains;7
12139;70;62;1;land;false;forest;7
12140;42;41;1;land;false;forest;7
12141;43;34;1;land;false;forest;7
12142;69;84;1;land;false;forest;7
12143;127;189;1;land;false;plains;6
12144;150;193;1;land;false;plains;6
12145;109;135;1;land;true;plains;6
12146;199;239;1;land;true;plains;7
12147;186;221;1;land;true;plains;7
12148;150;180;1;land;true;plains;7
12149;158;228;1;land;true;plains;7
12150;134;198;1;land;true;plains;7
12151;154;52;1;land;false;plains;7
12152;135;48;1;land;false;plains;7
12153;123;59;1;land;false;plains;7
12154;182;82;1;land;false;forest;7
12155;158;26;1;land;false;plains;7
12156;150;29;1;land;false;urban;7
12157;150;95;1;land;false;plains;7
12158;127;84;1;land;false;plains;7
12159;189;96;1;land;false;plains;7
12160;122;54;1;land;false;plains;7
12161;175;37;1;land;false;plains;7
12162;196;81;1;land;false;plains;7
12163;120;79;1;land;false;plains;7
12164;140;88;1;land;false;forest;7
12165;167;74;1;land;false;plains;7
12166;190;85;1;land;false;plains;6
12167;156;56;1;land;false;plains;6
12168;135;97;1;land;false;plains;6
12169;136;57;1;land;false;plains;6
12170;147;166;1;land;false;forest;6
12171;180;177;1;land;false;forest;6
12172;180;185;1;land;false;plains;6
12173;166;164;1;land;false;forest;6
12174;140;148;1;land;false;plains;6
12175;132;146;1;land;false;plains;6
12176;177;98;1;land;false;plains;6
12177;155;141;1;land;false;plains;6
12178;149;103;1;land;false;plains;6
12179;124;106;1;land;false;plains;6
12180;131;110;1;land;false;plains;6
12181;162;116;1;land;false;plains;6
12182;125;132;1;land;false;plains;6
12183;161;83;1;land;false;plains;6
12184;126;70;1;land;false;mountain;6
12185;80;46;1;land;false;mountain;6
12186;86;46;1;land;false;mountain;6
12187;85;50;1;land;false;hills;6
12188;159;221;1;land;false;plains;6
12189;158;152;1;land;false;plains;6
12190;34;208;1;land;false;desert;7
12191;30;209;1;land;false;plains;7
12192;43;180;1;land;false;plains;7
12193;26;114;1;land;false;plains;6
12194;73;115;1;land;true;plains;6
12195;50;95;1;land;false;plains;6
12196;57;103;1;land;false;plains;6
12197;88;81;1;land;false;plains;6
12198;85;143;1;land;false;plains;6
12199;62;98;1;land;false;plains;6
12200;97;128;1;land;false;plains;6
12201;27;112;1;land;false;plains;6
12202;63;97;1;land;false;hills;6
12203;85;159;1;land;false;plains;6
12204;84;112;1;land;false;plains;6
12205;84;108;1;land;false;plains;6
12206;79;95;1;land;false;plains;6
12207;77;91;1;land;false;hills;6
12208;159;144;1;land;false;plains;6
12209;122;93;1;land;false;plains;7
12210;167;76;1;land;false;plains;7
12211;138;88;1;land;false;plains;7
12212;234;100;1;land;false;plains;7
12213;162;99;1;land;false;plains;7
12214;221;78;1;land;false;forest;7
12215;160;91;1;land;false;urban;7
12216;196;97;1;land;true;plains;7
12217;218;52;1;land;false;urban;7
12218;207;101;1;land;false;plains;7
12219;186;47;1;land;false;plains;7
12220;163;92;1;land;true;plains;7
12221;191;97;1;land;true;plains;7
12222;196;56;1;land;false;forest;7
12223;228;101;1;land;false;urban;7
12224;182;45;1;land;false;plains;7
12225;213;103;1;land;true;plains;7
12226;158;44;1;land;false;plains;7
12227;163;65;1;land;false;plains;7
12228;232;68;1;land;false;forest;7
12229;192;34;1;land;true;plains;7
12230;162;65;1;land;true;plains;7
12231;180;88;1;land;false;plains;7
12232;235;102;1;land;true;hills;7
12233;205;89;1;land;false;plains;7
12234;203;29;1;land;false;plains;7
12235;204;41;1;land;true;plains;7
12236;198;85;1;land;false;forest;7
12237;185;90;1;land;false;urban;7
12238;143;162;1;land;false;plains;6
12239;131;171;1;land;false;plains;6
12240;194;134;1;land;false;plains;6
12241;195;75;1;land;false;hills;6
12242;220;46;1;land;false;plains;6
12243;224;74;1;land;false;plains;6
12244;189;57;1;land;false;plains;6
12245;225;68;1;land;false;hills;6
12246;176;102;1;land;false;plains;6
12247;183;50;1;land;false;plains;6
12248;184;100;1;land;false;plains;6
12249;112;31;1;land;false;hills;6
12250;105;95;1;land;false;plains;7
12251;61;136;1;land;false;plains;7
12252;97;91;1;land;false;plains;7
12253;72;133;1;land;false;plains;7
12254;113;141;1;land;false;plains;7
12255;59;144;1;land;false;plains;7
12256;62;119;1;land;false;plains;7
12257;112;121;1;land;false;plains;7
12258;105;131;1;land;false;plains;7
12259;74;164;1;land;false;urban;7
12260;236;87;1;land;false;plains;7
12261;211;98;1;land;false;plains;7
12262;212;105;1;land;false;plains;7
12263;171;69;1;land;false;plains;7
12264;174;61;1;land;false;plains;7
12265;168;132;1;land;false;plains;7
12266;233;125;1;land;false;plains;7
12267;212;137;1;land;false;plains;7
12268;209;129;1;land;false;plains;7
12269;210;113;1;land;false;plains;7
12270;191;83;1;land;false;plains;7
12271;242;86;1;land;false;plains;7
12272;232;90;1;land;false;plains;7
12273;181;105;1;land;false;plains;7
12274;226;119;1;land;false;forest;7
12275;179;108;1;land;false;plains;7
12276;240;72;1;land;false;forest;7
12277;193;71;1;land;false;plains;7
12278;179;72;1;land;false;plains;7
12279;224;93;1;land;false;plains;7
12280;230;128;1;land;false;plains;7
12281;212;68;1;land;false;plains;7
12282;188;98;1;land;false;urban;7
12283;205;124;1;land;false;plains;7
12284;214;68;1;land;false;plains;7
12285;174;72;1;land;false;plains;7
12286;227;87;1;land;false;plains;7
12287;228;68;1;land;false;plains;7
12288;180;69;1;land;false;plains;7
12289;215;85;1;land;false;plains;7
12290;169;104;1;land;false;plains;7
12291;218;72;1;land;false;plains;7
12292;181;129;1;land;false;forest;7
12293;220;115;1;land;false;plains;7
12294;199;149;1;land;true;plains;7
12295;167;203;1;land;true;plains;7
12296;199;176;1;land;true;plains;7
12297;143;95;1;land;true;forest;6
12298;173;118;1;land;true;plains;6
12299;167;75;1;land;false;hills;6
12300;155;138;1;land;false;plains;6
12301;177;136;1;land;false;mountain;6
12302;162;137;1;land;false;hills;6
12303;116;84;1;land;false;hills;6
12304;149;105;1;land;false;plains;6
12305;57;22;1;land;false;mountain;6
12306;44;58;1;land;false;plains;6
12307;109;119;1;land;true;plains;6
12308;80;114;1;land;false;plains;6
12309;117;93;1;land;false;plains;6
12310;80;123;1;land;false;plains;6
12311;79;67;1;land;false;plains;6
12312;139;59;1;land;false;plains;6
12313;86;130;1;land;false;plains;6
12314;156;128;1;land;false;plains;6
12315;145;104;1;land;false;plains;6
12316;117;126;1;land;false;plains;6
12317;100;68;1;land;false;plains;6
12318;122;72;1;land;false;plains;7
12319;104;28;1;land;false;plains;7
12320;156;53;1;land;false;plains;7
12321;117;141;1;land;false;plains;6
12322;190;133;1;land;true;plains;6
12323;191;171;1;land;true;plains;6
12324;188;191;1;land;true;plains;6
12325;127;184;1;land;true;plains;6
12326;144;160;1;land;true;plains;6
12327;70;79;1;land;false;plains;6
12328;124;98;1;land;false;plains;6
12329;66;125;1;land;false;plains;6
12330;63;105;1;land;false;plains;6
12331;74;101;1;land;false;plains;6
12332;73;90;1;land;false;hills;6
12333;94;113;1;land;false;plains;6
12334;105;150;1;land;false;plains;6
12335;129;140;1;land;false;plains;6
12336;108;77;1;land;false;plains;6
12337;90;91;1;land;false;plains;6
12338;234;94;1;land;false;plains;6
12339;217;101;1;land;false;hills;6
12340;193;89;1;land;false;plains;6
12341;234;91;1;land;false;plains;6
12342;241;85;1;land;false;plains;6
12343;199;130;1;land;false;plains;6
12344;203;149;1;land;false;plains;6
12345;53;124;1;land;false;forest;7
12346;88;62;1;land;false;plains;7
12347;102;112;1;land;true;forest;7
12348;61;60;1;land;true;forest;7
12349;119;100;1;land;true;plains;7
12350;54;91;1;land;false;urban;7
12351;54;118;1;land;false;plains;7
12352;112;93;1;land;false;forest;7
12353;84;64;1;land;false;forest;7
12354;35;127;1;land;false;urban;7
12355;6;118;1;land;false;plains;7
12356;37;94;1;land;false;plains;7
12357;36;74;1;land;false;plains;7
12358;14;84;1;land;false;plains;7
12359;27;116;1;land;false;plains;7
12360;3;118;1;land;false;plains;7
12361;45;90;1;land;false;plains;7
12362;44;131;1;land;false;plains;7
12363;48;90;1;land;false;plains;7
12364;29;101;1;land;false;plains;7
12365;6;80;1;land;false;plains;7
12366;2;134;1;land;false;plains;7
12367;49;138;1;land;false;plains;7
12368;45;129;1;land;false;plains;7
12369;28;80;1;land;false;plains;7
12370;199;71;1;land;false;plains;7
12371;155;132;1;land;false;plains;7
12372;194;112;1;land;false;plains;7
12373;171;75;1;land;false;plains;7
12374;147;140;1;land;false;plains;7
12375;60;138;1;land;false;forest;7
12376;84;157;1;land;false;forest;7
12377;120;161;1;land;false;forest;7
12378;91;140;1;land;false;forest;7
12379;122;145;1;land;false;plains;7
12380;117;134;1;land;false;forest;7
12381;129;122;1;land;false;forest;7
12382;123;122;1;land;false;plains;6
12383;109;88;1;land;false;hills;6
12384;131;109;1;land;false;plains;6
12385;110;67;1;land;false;plains;6
12386;133;80;1;land;false;hills;6
12387;105;112;1;land;false;plains;6
12388;109;78;1;land;false;plains;6
12389;163;98;1;land;false;plains;6
12390;178;90;1;land;false;plains;6
12391;170;133;1;land;false;hills;6
12392;104;130;1;land;false;plains;6
12393;150;80;1;land;false;mountain;6
12394;198;174;1;land;false;plains;6
12395;209;152;1;land;false;plains;6
12396;209;179;1;land;false;plains;6
12397;69;176;1;land;false;forest;7
12398;24;139;1;land;false;forest;7
12399;50;147;1;land;false;forest;7
12400;67;129;1;land;false;forest;7
12401;47;136;1;land;false;forest;7
12402;57;155;1;land;false;forest;7
12403;57;133;1;land;false;plains;7
12404;34;130;1;land;false;forest;7
12405;25;121;1;land;false;plains;7
12406;52;172;1;land;false;forest;7
12407;59;126;1;land;false;forest;7
12408;79;185;1;land;false;forest;7
12409;85;135;1;land;false;forest;7
12410;74;183;1;land;false;forest;7
12411;97;139;1;land;false;jungle;7
12412;78;161;1;land;false;forest;7
12413;76;141;1;land;false;plains;6
12414;87;34;1;land;false;plains;7
12415;119;103;1;land;false;plains;7
12416;124;86;1;land;false;plains;7
12417;177;107;1;land;false;plains;7
12418;103;58;1;land;false;hills;6
12419;218;139;1;land;false;urban;6
12420;191;138;1;land;false;plains;6
12421;204;128;1;land;true;plains;6
12422;181;145;1;land;false;plains;6
12423;190;145;1;land;false;plains;6
12424;207;114;1;land;false;plains;6
12425;208;104;1;land;true;plains;6
12426;177;149;1;land;false;plains;6
12427;218;120;1;land;true;plains;6
12428;169;95;1;land;true;plains;6
12429;215;88;1;land;false;urban;6
12430;153;211;1;land;false;plains;6
12431;115;226;1;land;false;plains;6
12432;190;152;1;land;false;plains;6
12433;112;166;1;land;false;plains;6
12434;123;183;1;land;false;plains;6
12435;114;200;1;land;false;plains;6
12436;148;218;1;land;false;plains;6
12437;143;191;1;land;false;plains;6
12438;130;171;1;land;false;plains;6
12439;70;125;1;land;false;plains;6
12440;101;150;1;land;false;plains;6
12441;60;129;1;land;false;hills;6
12442;70;117;1;land;false;plains;6
12443;104;108;1;land;false;plains;6
12444;66;74;1;land;false;plains;6
12445;126;145;1;land;false;plains;6
12446;81;130;1;land;false;plains;6
12447;123;78;1;land;false;plains;6
12448;77;115;1;land;false;plains;6
12449;37;242;1;land;true;plains;6
12450;209;219;1;land;true;plains;6
12451;188;179;1;land;false;plains;6
12452;231;233;1;land;false;plains;6
12453;239;184;1;land;true;plains;6
12454;190;197;1;land;true;plains;6
12455;197;189;1;land;false;plains;6
12456;232;160;1;land;true;plains;6
12457;234;202;1;land;true;plains;6
12458;228;156;1;land;true;plains;6
12459;178;228;1;land;false;plains;6
12460;180;172;1;land;true;plains;6
12461;88;71;1;land;false;hills;7
12462;82;53;1;land;false;hills;7
12463;74;60;1;land;false;plains;7
12464;128;59;1;land;false;jungle;7
12465;99;70;1;land;false;hills;7
12466;60;61;1;land;false;plains;7
12467;67;43;1;land;false;plains;7
12468;43;71;1;land;false;plains;7
12469;106;33;1;land;false;forest;7
12470;45;11;1;land;false;plains;7
12471;35;64;1;land;false;plains;7
12472;70;57;1;land;false;plains;7
12473;39;30;1;land;false;plains;7
12474;107;72;1;land;false;forest;7
12475;103;29;1;land;false;plains;7
12476;59;23;1;land;false;plains;7
12477;57;35;1;land;false;plains;7
12478;91;70;1;land;false;plains;7
12479;231;49;1;land;false;plains;6
12480;226;101;1;land;false;hills;6
12481;254;95;1;land;false;plains;6
12482;195;33;1;land;false;plains;6
12483;212;69;1;land;false;plains;6
12484;84;246;1;land;true;hills;6
12485;15;88;1;land;false;forest;7
12486;43;75;1;land;false;plains;7
12487;20;144;1;land;false;plains;6
12488;66;92;1;land;false;plains;6
12489;43;93;1;land;false;jungle;7
12490;12;90;1;land;false;jungle;7
12491;46;138;1;land;false;forest;7
12492;15;90;1;land;false;jungle;7
12493;42;150;1;land;false;jungle;7
12494;9;131;1;land;false;jungle;7
12495;62;82;1;land;false;plains;7
12496;74;104;1;land;false;plains;7
12497;74;132;1;land;false;forest;7
12498;134;93;1;land;false;plains;2
12499;180;97;1;land;true;plains;2
12500;120;98;1;land;true;plains;2
12501;111;95;1;land;false;plains;2
12502;135;73;1;land;true;plains;2
12503;110;75;1;land;false;plains;2
12504;106;73;1;land;true;plains;2
12505;122;96;1;land;false;plains;2
12506;132;77;1;land;false;plains;2
12507;160;75;1;land;false;plains;2
12508;155;85;1;land;false;hills;6
12509;122;86;1;land;true;forest;7
12510;104;118;1;land;false;plains;7
12511;103;92;1;land;false;plains;7
12512;84;100;1;land;false;forest;7
12513;100;123;1;land;false;urban;7
12514;98;73;1;land;true;plains;7
12515;64;79;1;land;false;plains;7
12516;162;136;1;land;false;mountain;6
12517;117;116;1;land;false;plains;6
12518;120;126;1;land;false;hills;6
12519;100;91;1;land;false;hills;6
12520;156;145;1;land;false;mountain;6
12521;141;112;1;land;false;mountain;6
12522;128;138;1;land;false;plains;6
12523;123;153;1;land;false;hills;6
12524;134;88;1;land;false;mountain;6
12525;108;146;1;land;true;hills;6
12526;102;68;1;land;true;hills;6
12527;131;113;1;land;true;plains;6
12528;113;128;1;land;true;plains;6
12529;181;76;1;land;false;plains;6
12530;222;145;1;land;true;plains;6
12531;216;149;1;land;true;plains;6
12532;206;147;1;land;true;plains;6
12533;164;143;1;land;true;plains;6
12534;168;216;1;land;true;plains;6
12535;140;145;1;land;true;plains;6
12536;205;165;1;land;false;plains;6
12537;151;187;1;land;false;plains;6
12538;225;170;1;land;true;plains;6
12539;175;188;1;land;false;plains;6
12540;111;126;1;land;false;plains;6
12541;39;125;1;land;false;plains;6
12542;70;194;1;land;false;plains;6
12543;70;143;1;land;false;hills;6
12544;47;215;1;land;false;plains;7
12545;63;145;1;land;false;forest;7
12546;113;167;1;land;false;plains;7
12547;88;175;1;land;false;plains;7
12548;101;143;1;land;false;plains;7
12549;81;191;1;land;false;plains;7
12550;99;159;1;land;true;plains;7
12551;108;147;1;land;false;plains;7
12552;61;179;1;land;false;plains;7
12553;90;172;1;land;false;urban;7
12554;108;216;1;land;false;plains;7
12555;58;172;1;land;true;plains;7
12556;98;140;1;land;false;plains;7
12557;54;145;1;land;false;plains;7
12558;59;159;1;land;false;plains;7
12559;41;212;1;land;false;plains;7
12560;84;166;1;land;false;plains;7
12561;52;157;1;land;false;plains;7
12562;106;155;1;land;false;plains;7
12563;97;200;1;land;false;plains;7
12564;57;172;1;land;false;plains;7
12565;100;154;1;land;false;plains;7
12566;89;152;1;land;true;plains;7
12567;94;146;1;land;true;plains;7
12568;63;210;1;land;false;plains;7
12569;45;174;1;land;true;plains;7
12570;44;162;1;land;false;urban;7
12571;58;163;1;land;false;plains;7
12572;91;188;1;land;false;forest;7
12573;51;157;1;land;true;hills;7
12574;66;182;1;land;true;plains;7
12575;68;150;1;land;false;plains;7
12576;78;173;1;land;true;plains;7
12577;57;157;1;land;false;plains;7
12578;114;174;1;land;false;plains;7
12579;54;151;1;land;false;plains;7
12580;68;146;1;land;true;plains;7
12581;92;196;1;land;false;urban;7
12582;42;173;1;land;true;plains;7
12583;54;137;1;land;false;plains;7
12584;82;171;1;land;false;plains;7
12585;74;178;1;land;false;plains;7
12586;50;146;1;land;false;plains;7
12587;71;169;1;land;true;plains;7
12588;63;178;1;land;false;plains;7
12589;48;203;1;land;false;plains;7
12590;40;194;1;land;false;plains;7
12591;48;207;1;land;false;plains;7
12592;76;181;1;land;true;plains;7
12593;64;171;1;land;false;plains;7
12594;106;176;1;land;true;plains;7
12595;76;166;1;land;false;plains;7
12596;98;149;1;land;false;plains;7
12597;109;169;1;land;false;plains;7
12598;43;197;1;land;true;plains;7
12599;99;166;1;land;true;plains;7
12600;103;173;1;land;false;plains;7
12601;39;154;1;land;false;plains;7
12602;75;148;1;land;false;plains;7
12603;103;190;1;land;false;plains;7
12604;114;154;1;land;false;plains;7
12605;39;158;1;land;false;plains;7
12606;93;161;1;land;false;plains;7
12607;58;176;1;land;false;forest;7
12608;67;181;1;land;false;plains;7
12609;114;149;1;land;false;hills;6
12610;115;150;1;land;false;plains;6
12611;168;147;1;land;false;plains;6
12612;110;189;1;land;false;mountain;6
12613;162;200;1;land;false;plains;6
12614;153;128;1;land;false;plains;6
12615;135;167;1;land;false;plains;6
12616;141;189;1;land;false;plains;6
12617;165;151;1;land;false;mountain;6
12618;111;175;1;land;false;plains;6
12619;117;169;1;land;false;hills;6
12620;109;141;1;land;false;plains;6
12621;168;179;1;land;false;mountain;6
12622;135;184;1;land;false;plains;6
12623;157;149;1;land;false;plains;6
12624;152;147;1;land;false;mountain;6
12625;129;178;1;land;false;hills;6
12626;179;200;1;land;false;hills;6
12627;147;126;1;land;false;plains;6
12628;114;195;1;land;false;plains;6
12629;149;130;1;land;false;plains;6
12630;152;172;1;land;false;plains;6
12631;119;135;1;land;false;mountain;6
12632;173;199;1;land;false;mountain;6
12633;118;195;1;land;false;plains;6
12634;135;181;1;land;false;hills;6
12635;114;194;1;land;false;plains;6
12636;114;147;1;land;false;plains;6
12637;129;56;1;land;true;plains;6
12638;157;107;1;land;true;plains;6
12639;125;39;1;land;true;hills;6
12640;141;126;1;land;false;plains;7
12641;195;109;1;land;false;plains;7
12642;179;130;1;land;false;plains;7
12643;61;71;1;land;false;plains;6
12644;50;64;1;land;false;plains;6
12645;35;87;1;land;false;plains;6
12646;25;70;1;land;false;plains;6
12647;29;90;1;land;false;plains;6
12648;36;82;1;land;false;plains;6
12649;29;52;1;land;false;plains;6
12650;90;73;1;land;false;mountain;6
12651;54;123;1;land;false;plains;6
12652;137;160;1;land;false;plains;6
12653;122;124;1;land;false;plains;6
12654;166;170;1;land;false;forest;6
12655;182;105;1;land;false;plains;6
12656;168;161;1;land;false;plains;6
12657;114;179;1;land;false;plains;6
12658;144;138;1;land;false;plains;6
12659;174;137;1;land;false;plains;6
12660;123;181;1;land;false;plains;6
12661;225;87;1;land;false;jungle;7
12662;239;18;1;land;false;urban;7
12663;207;56;1;land;false;jungle;7
12664;205;57;1;land;false;urban;7
12665;198;57;1;land;false;plains;7
12666;253;58;1;land;false;plains;7
12667;199;20;1;land;false;plains;7
12668;216;44;1;land;false;plains;7
12669;197;68;1;land;false;urban;7
12670;248;67;1;land;false;plains;7
12671;253;97;1;land;false;plains;7
12672;220;40;1;land;false;plains;7
12673;240;74;1;land;false;urban;7
12674;231;19;1;land;false;plains;7
12675;245;63;1;land;false;plains;7
12676;204;72;1;land;false;plains;7
12677;206;88;1;land;false;plains;7
12678;37;155;1;land;false;plains;7
12679;38;188;1;land;false;forest;7
12680;11;128;1;land;false;plains;7
12681;27;121;1;land;false;hills;7
12682;26;175;1;land;false;hills;7
12683;34;177;1;land;false;plains;7
12684;16;144;1;land;false;plains;7
12685;10;191;1;land;false;plains;7
12686;13;167;1;land;false;forest;7
12687;1;162;1;land;false;plains;7
12688;45;126;1;land;false;plains;7
12689;19;173;1;land;false;plains;7
12690;66;154;1;land;false;plains;6
12691;80;146;1;land;false;plains;6
12692;68;125;1;land;false;plains;6
12693;178;79;1;land;false;plains;6
12694;157;114;1;land;true;plains;6
12695;168;141;1;land;true;plains;6
12696;165;73;1;land;false;plains;6
12697;108;85;1;land;false;plains;6
12698;157;91;1;land;false;plains;6
12699;127;127;1;land;false;plains;6
12700;56;180;1;land;true;forest;7
12701;46;206;1;land;true;plains;7
12702;27;245;1;land;true;forest;7
12703;51;240;1;land;false;forest;7
12704;75;199;1;land;true;plains;7
12705;98;224;1;land;true;plains;7
12706;24;196;1;land;true;plains;7
12707;24;241;1;land;true;forest;7
12708;168;140;1;land;false;hills;6
12709;167;96;1;land;false;plains;6
12710;150;166;1;land;false;hills;6
12711;157;159;1;land;false;hills;6
12712;211;61;1;land;false;plains;7
12713;230;49;1;land;false;plains;7
12714;221;88;1;land;false;plains;7
12715;188;68;1;land;false;plains;7
12716;200;95;1;land;false;plains;7
12717;148;72;1;land;true;plains;6
12718;181;78;1;land;true;forest;6
12719;171;97;1;land;true;plains;6
12720;106;53;1;land;false;plains;6
12721;147;21;1;land;false;urban;6
12722;146;88;1;land;false;forest;6
12723;166;42;1;land;true;plains;6
12724;162;69;1;land;true;plains;6
12725;111;91;1;land;true;hills;6
12726;130;76;1;land;false;plains;6
12727;148;28;1;land;true;plains;6
12728;20;201;1;land;true;plains;2
12729;4;200;1;land;false;plains;2
12730;16;243;1;land;false;plains;2
12731;7;219;1;land;true;plains;2
12732;6;251;1;land;true;plains;2
12733;44;247;1;land;true;plains;2
12734;8;222;1;land;true;plains;2
12735;16;239;1;land;true;plains;2
12736;166;52;1;land;false;plains;7
12737;219;37;1;land;false;plains;7
12738;211;11;1;land;false;hills;7
12739;191;28;1;land;false;plains;7
12740;195;6;1;land;false;plains;7
12741;223;16;1;land;false;plains;7
12742;211;48;1;land;false;plains;7
12743;207;53;1;land;false;plains;7
12744;190;6;1;land;false;plains;7
12745;203;20;1;land;false;plains;7
12746;163;48;1;land;false;hills;7
12747;173;26;1;land;false;plains;7
12748;199;37;1;land;false;plains;7
12749;210;7;1;land;false;plains;7
12750;193;13;1;land;false;plains;7
12751;78;118;1;land;false;plains;7
12752;53;144;1;land;false;forest;7
12753;45;142;1;land;true;forest;7
12754;71;141;1;land;true;forest;7
12755;93;95;1;land;false;plains;7
12756;89;146;1;land;true;forest;7
12757;36;126;1;land;false;forest;7
12758;78;126;1;land;true;plains;7
12759;60;128;1;land;false;urban;7
12760;49;125;1;land;false;forest;7
12761;216;195;1;land;true;hills;6
12762;176;198;1;land;true;plains;6
12763;212;235;1;land;true;plains;6
12764;229;214;1;land;false;plains;6
12765;165;225;1;land;true;plains;6
12766;172;199;1;land;true;plains;6
12767;155;205;1;land;true;plains;6
12768;45;64;1;land;false;forest;7
12769;16;109;1;land;false;plains;7
12770;21;119;1;land;false;forest;7
12771;12;104;1;land;false;forest;7
12772;10;97;1;land;false;forest;7
12773;30;68;1;land;false;forest;7
12774;2;81;1;land;false;forest;7
12775;168;123;1;land;true;plains;6
12776;164;146;1;land;true;plains;6
12777;196;90;1;land;false;plains;6
12778;160;84;1;land;false;plains;6
12779;53;89;1;land;true;plains;6
12780;58;148;1;land;false;urban;6
12781;206;253;1;land;true;plains;6
12782;119;93;1;land;true;plains;6
12783;126;99;1;land;true;plains;6
12784;70;73;1;land;true;plains;6
12785;71;85;1;land;false;plains;6
12786;93;115;1;land;false;plains;6
12787;107;101;1;land;false;plains;6
12788;67;121;1;land;false;plains;6
12789;203;207;1;land;true;plains;6
12790;214;148;1;land;true;plains;6
12791;182;143;1;land;true;plains;6
12792;42;65;1;land;false;plains;7
12793;55;57;1;land;false;forest;7
12794;17;100;1;land;false;forest;7
12795;72;66;1;land;false;plains;7
12796;42;48;1;land;false;forest;7
12797;77;20;1;land;true;plains;6
12798;46;69;1;land;false;plains;7
12799;20;113;1;land;false;plains;7
12800;7;121;1;land;false;forest;7
12801;58;63;1;land;false;plains;7
12802;70;126;1;land;false;plains;7
12803;97;227;1;land;false;plains;7
12804;127;198;1;land;false;plains;7
12805;34;173;1;land;false;forest;7
12806;74;89;1;land;true;plains;6
12807;80;124;1;land;false;plains;6
12808;71;71;1;land;true;plains;6
12809;81;78;1;land;false;plains;6
12810;70;144;1;land;false;plains;6
12811;132;138;1;land;false;plains;6
12812;87;138;1;land;false;plains;6
12813;82;94;1;land;false;plains;6
12814;70;142;1;land;false;plains;6
12815;134;73;1;land;false;plains;6
12816;136;100;1;land;false;hills;6
12817;60;121;1;land;false;plains;6
12818;85;108;1;land;true;plains;6
12819;118;80;1;land;false;forest;7
12820;73;93;1;land;false;forest;7
12821;79;97;1;land;false;forest;7
12822;166;201;1;land;true;plains;7
12823;148;177;1;land;false;plains;2
12824;71;10;1;land;false;plains;7
12825;77;27;1;land;false;plains;7
12826;37;44;1;land;false;forest;7
12827;169;169;1;land;false;plains;6
12828;206;173;1;land;false;plains;6
12829;185;127;1;land;false;plains;6
12830;161;165;1;land;false;plains;6
12831;148;125;1;land;false;plains;6
12832;147;168;1;land;false;plains;6
12833;171;145;1;land;false;plains;6
12834;179;144;1;land;false;plains;6
12835;156;186;1;land;false;plains;6
12836;203;151;1;land;false;plains;6
12837;157;171;1;land;false;plains;6
12838;146;133;1;land;false;plains;6
12839;210;123;1;land;false;plains;6
12840;209;167;1;land;false;plains;6
12841;163;130;1;land;false;plains;6
12842;198;120;1;land;false;plains;6
12843;188;169;1;land;false;plains;6
12844;196;110;1;land;false;plains;6
12845;72;184;1;land;false;plains;6
12846;60;56;1;land;false;forest;7
12847;49;73;1;land;false;plains;7
12848;31;41;1;land;false;plains;7
12849;9;81;1;land;false;plains;7
12850;36;41;1;land;false;plains;7
12851;8;72;1;land;false;plains;7
12852;2;61;1;land;false;plains;7
12853;6;72;1;land;false;plains;7
12854;22;58;1;land;false;plains;7
12855;177;127;1;land;false;forest;2
12856;152;117;1;land;false;plains;2
12857;157;172;1;land;false;urban;2
12858;131;131;1;land;false;forest;2
12859;157;188;1;land;false;plains;2
12860;192;165;1;land;false;forest;2
12861;155;122;1;land;false;plains;2
12862;93;46;1;land;false;plains;6
12863;103;0;1;land;false;plains;6
12864;69;54;1;land;false;plains;6
12865;43;0;1;land;false;plains;6
12866;37;46;1;land;true;plains;6
12867;73;26;1;land;false;plains;6
12868;45;57;1;land;false;plains;6
12869;56;28;1;land;true;plains;6
12870;107;7;1;land;false;plains;6
12871;98;31;1;land;true;plains;6
12872;85;41;1;land;false;plains;6
12873;47;12;1;land;true;plains;6
12874;65;47;1;land;false;plains;6
12875;83;40;1;land;false;plains;6
12876;43;20;1;land;false;plains;6
12877;43;50;1;land;true;plains;6
12878;87;0;1;land;true;plains;6
12879;56;10;1;land;false;plains;6
12880;91;23;1;land;false;plains;6
12881;130;83;1;land;false;plains;6
12882;89;79;1;land;false;plains;6
12883;179;78;1;land;false;plains;6
12884;174;111;1;land;false;plains;6
12885;168;85;1;land;false;plains;6
12886;212;116;1;land;false;plains;6
12887;210;63;1;land;false;plains;6
12888;218;127;1;land;false;plains;6
12889;103;129;1;land;false;forest;6
12890;102;189;1;land;false;plains;6
12891;95;149;1;land;false;plains;6
12892;163;185;1;land;false;forest;6
12893;134;132;1;land;false;forest;6
12894;99;126;1;land;false;plains;6
12895;152;154;1;land;false;forest;6
12896;117;64;1;land;false;urban;2
12897;128;122;1;land;false;urban;2
12898;104;77;1;land;true;urban;2
12899;85;72;1;land;true;urban;2
12900;134;129;1;land;false;plains;2
12901;122;105;1;land;true;urban;2
12902;117;138;1;land;false;plains;2
12903;140;115;1;land;true;plains;2
12904;148;139;1;land;false;urban;2
12905;85;134;1;land;true;plains;2
12906;143;80;1;land;false;plains;2
12907;113;110;1;land;true;plains;2
12908;79;129;1;land;false;plains;2
12909;144;141;1;land;false;urban;2
12910;146;157;1;land;false;plains;7
12911;163;208;1;land;false;plains;7
12912;180;221;1;land;false;plains;7
12913;136;209;1;land;true;plains;7
12914;161;231;1;land;false;plains;7
12915;174;193;1;land;true;plains;7
12916;188;160;1;land;false;plains;7
12917;145;208;1;land;false;plains;7
12918;145;175;1;land;false;plains;7
12919;150;156;1;land;true;plains;7
12920;115;163;1;land;false;urban;7
12921;10;193;1;land;false;hills;7
12922;55;144;1;land;false;mountain;7
12923;31;172;1;land;false;mountain;7
12924;35;204;1;land;false;plains;7
12925;56;182;1;land;false;plains;7
12926;19;161;1;land;false;plains;7
12927;2;202;1;land;false;plains;7
12928;7;151;1;land;false;mountain;7
12929;8;164;1;land;false;plains;7
12930;17;147;1;land;false;plains;7
12931;3;169;1;land;false;plains;7
12932;123;94;1;land;false;hills;7
12933;241;198;1;land;false;hills;6
12934;213;197;1;land;false;plains;6
12935;253;183;1;land;false;plains;6
12936;203;159;1;land;false;mountain;6
12937;248;179;1;land;false;plains;6
12938;250;191;1;land;false;mountain;6
12939;208;147;1;land;false;plains;6
12940;240;136;1;land;false;plains;6
12941;226;105;1;land;false;plains;6
12942;182;104;1;land;false;hills;6
12943;207;165;1;land;false;mountain;6
12944;254;131;1;land;false;plains;6
12945;202;139;1;land;false;plains;6
12946;228;105;1;land;false;plains;6
12947;205;128;1;land;false;plains;6
12948;195;143;1;land;false;plains;6
12949;210;111;1;land;false;hills;6
12950;229;156;1;land;false;plains;6
12951;233;171;1;land;false;plains;6
12952;194;125;1;land;false;plains;6
12953;252;138;1;land;false;hills;6
12954;202;167;1;land;false;plains;6
12955;150;82;1;land;false;plains;6
12956;85;114;1;land;false;plains;6
12957;138;59;1;land;false;plains;6
12958;142;201;1;land;false;plains;2
12959;170;163;1;land;false;plains;2
12960;199;173;1;land;false;plains;2
12961;134;176;1;land;false;forest;2
12962;197;203;1;land;false;plains;2
12963;168;164;1;land;false;plains;2
12964;162;163;1;land;false;plains;2
12965;138;185;1;land;true;plains;6
12966;128;151;1;land;true;plains;6
12967;120;150;1;land;true;hills;6
12968;122;113;1;land;true;hills;6
12969;192;134;1;land;false;plains;7
12970;224;102;1;land;false;plains;7
12971;227;145;1;land;false;plains;7
12972;174;104;1;land;false;plains;6
12973;175;133;1;land;false;plains;6
12974;142;118;1;land;false;plains;6
12975;86;138;1;land;false;plains;6
12976;17;170;1;land;true;desert;6
12977;64;129;1;land;true;plains;6
12978;48;122;1;land;false;plains;6
12979;77;159;1;land;true;plains;6
12980;13;114;1;land;false;plains;6
12981;50;129;1;land;true;desert;6
12982;189;230;1;land;false;plains;7
12983;242;209;1;land;false;plains;7
12984;206;203;1;land;false;plains;7
12985;244;233;1;land;false;forest;7
12986;232;228;1;land;false;plains;7
12987;175;208;1;land;false;plains;7
12988;184;233;1;land;false;plains;7
12989;204;250;1;land;false;plains;7
12990;65;157;1;land;true;hills;6
12991;73;148;1;land;true;mountain;6
12992;46;177;1;land;true;hills;6
12993;61;205;1;land;true;hills;6
12994;82;39;1;land;false;urban;6
12995;93;33;1;land;true;forest;6
12996;41;44;1;land;true;plains;6
12997;48;55;1;land;false;forest;6
12998;92;90;1;land;false;forest;6
12999;58;56;1;land;false;plains;6
13000;41;62;1;land;false;plains;6
13001;62;64;1;land;false;urban;6
13002;116;75;1;land;false;plains;6
13003;101;41;1;land;false;forest;6
13004;88;59;1;land;false;plains;6
13005;126;233;1;land;false;plains;6
13006;101;194;1;land;false;plains;6
13007;137;185;1;land;true;plains;6
13008;143;141;1;land;true;plains;6
13009;77;122;1;land;false;plains;6
13010;79;163;1;land;true;plains;6
13011;81;194;1;land;true;plains;6
13012;87;169;1;land;false;plains;6
13013;203;125;1;land;false;plains;6
13014;156;160;1;land;false;forest;6
13015;165;129;1;land;false;plains;6
13016;215;161;1;land;false;forest;6
13017;210;91;1;land;false;plains;6
13018;193;106;1;land;false;urban;6
13019;180;155;1;land;false;plains;6
13020;176;126;1;land;false;plains;6
13021;51;147;1;land;false;plains;7
13022;8;74;1;land;false;plains;7
13023;44;112;1;land;false;plains;7
13024;2;152;1;land;false;forest;7
13025;4;153;1;land;false;plains;7
13026;10;126;1;land;false;plains;7
13027;40;133;1;land;false;plains;7
13028;12;82;1;land;false;plains;7
13029;61;149;1;land;false;plains;7
13030;44;149;1;land;false;forest;7
13031;38;127;1;land;false;plains;7
13032;41;112;1;land;false;plains;7
13033;12;127;1;land;false;plains;7
13034;204;197;1;land;true;plains;7
13035;163;46;1;land;false;forest;7
13036;192;59;1;land;false;forest;7
13037;167;66;1;land;true;forest;7
13038;205;68;1;land;true;plains;7
13039;179;83;1;land;false;forest;7
13040;23;124;1;land;false;forest;7
13041;38;79;1;land;false;forest;7
13042;13;139;1;land;false;forest;7
13043;11;99;1;land;true;forest;7
13044;54;127;1;land;true;forest;7
13045;17;92;1;land;false;jungle;7
13046;61;101;1;land;true;plains;7
13047;29;125;1;land;false;forest;7
13048;65;91;1;land;false;forest;7
13049;60;217;1;land;false;forest;7
13050;54;200;1;land;false;plains;7
13051;101;254;1;land;false;forest;7
13052;34;203;1;land;false;plains;7
13053;129;33;1;land;false;forest;7
13054;123;6;1;land;false;urban;7
13055;146;39;1;land;false;forest;7
13056;159;91;1;land;true;plains;6
13057;116;110;1;land;true;plains;6
13058;101;126;1;land;true;plains;6
13059;157;112;1;land;false;plains;6
13060;162;108;1;land;false;plains;6
13061;110;119;1;land;false;plains;6
13062;127;156;1;land;false;plains;6
13063;119;88;1;land;false;plains;6
13064;100;157;1;land;false;plains;6
13065;169;118;1;land;true;plains;6
13066;156;106;1;land;true;plains;6
13067;136;116;1;land;true;urban;6
13068;102;97;1;land;true;plains;6
13069;117;78;1;land;false;plains;6
13070;125;85;1;land;true;plains;6
13071;169;103;1;land;false;plains;6
13072;123;137;1;land;false;plains;6
13073;61;168;1;land;false;mountain;6
13074;33;153;1;land;false;hills;6
13075;28;174;1;land;false;mountain;6
13076;63;151;1;land;false;hills;6
13077;40;129;1;land;false;plains;6
13078;64;132;1;land;false;plains;6
13079;63;128;1;land;false;plains;6
13080;53;143;1;land;false;plains;6
13081;52;155;1;land;false;plains;6
13082;104;155;1;land;false;plains;6
13083;101;117;1;land;false;mountain;6
13084;42;146;1;land;false;plains;6
13085;64;115;1;land;false;plains;6
13086;36;143;1;land;false;plains;6
13087;40;137;1;land;false;hills;6
13088;101;112;1;land;false;hills;6
13089;26;105;1;land;false;hills;6
13090;25;114;1;land;false;plains;6
13091;32;115;1;land;false;mountain;6
13092;25;139;1;land;false;mountain;6
13093;64;130;1;land;false;plains;6
13094;54;167;1;land;false;plains;6
13095;233;166;1;land;true;hills;6
13096;51;117;1;land;true;hills;6
13097;98;163;1;land;true;hills;6
13098;192;155;1;land;true;plains;2
13099;136;97;1;land;true;plains;2
13100;146;132;1;land;true;plains;2
13101;148;107;1;land;true;hills;2
13102;173;152;1;land;false;plains;2
13103;181;143;1;land;false;plains;2
13104;202;135;1;land;true;plains;2
13105;167;158;1;land;false;plains;2
13106;189;185;1;land;true;plains;2
13107;188;164;1;land;true;plains;2
13108;152;171;1;land;true;hills;2
13109;105;119;1;land;false;plains;6
13110;114;104;1;land;false;hills;6
13111;101;94;1;land;false;plains;6
13112;133;158;1;land;false;mountain;6
13113;127;140;1;land;false;hills;6
13114;94;104;1;land;false;plains;6
13115;92;137;1;land;false;hills;6
13116;154;86;1;land;false;plains;6
13117;108;144;1;land;false;plains;6
13118;115;153;1;land;false;plains;6
13119;149;137;1;land;false;hills;6
13120;163;142;1;land;false;plains;6
13121;151;103;1;land;false;hills;6
13122;153;102;1;land;false;plains;6
13123;158;120;1;land;false;plains;6
13124;151;159;1;land;false;plains;6
13125;129;86;1;land;false;hills;6
13126;150;103;1;land;false;plains;6
13127;103;104;1;land;false;plains;6
13128;112;99;1;land;false;urban;6
13129;121;129;1;land;false;urban;6
13130;76;131;1;land;false;plains;6
13131;127;125;1;land;false;forest;6
13132;61;125;1;land;false;plains;6
13133;115;58;1;land;false;forest;6
13134;111;79;1;land;false;urban;6
13135;14;116;1;land;false;forest;7
13136;25;134;1;land;false;plains;7
13137;38;149;1;land;false;plains;7
13138;118;139;1;land;false;plains;7
13139;157;152;1;land;false;plains;7
13140;93;127;1;land;true;plains;7
13141;139;100;1;land;true;plains;7
13142;132;149;1;land;false;plains;7
13143;126;93;1;land;false;urban;7
13144;104;90;1;land;true;plains;7
13145;112;114;1;land;true;plains;7
13146;150;240;1;land;false;plains;7
13147;187;232;1;land;true;plains;7
13148;197;216;1;land;true;plains;7
13149;174;166;1;land;true;plains;7
13150;185;240;1;land;true;hills;7
13151;247;222;1;land;true;plains;7
13152;140;93;1;land;true;plains;7
13153;183;76;1;land;false;forest;7
13154;196;108;1;land;true;plains;7
13155;9;104;1;land;false;plains;7
13156;31;133;1;land;false;plains;7
13157;44;95;1;land;false;plains;7
13158;23;97;1;land;false;plains;7
13159;18;78;1;land;false;plains;7
13160;9;82;1;land;false;plains;7
13161;35;73;1;land;false;plains;7
13162;48;139;1;land;false;plains;7
13163;24;101;1;land;false;plains;7
13164;54;133;1;land;false;plains;7
13165;8;132;1;land;false;plains;7
13166;13;105;1;land;false;plains;7
13167;8;112;1;land;false;plains;7
13168;28;173;1;land;false;plains;7
13169;42;220;1;land;false;forest;7
13170;35;173;1;land;true;plains;7
13171;61;197;1;land;true;plains;7
13172;47;207;1;land;true;plains;7
13173;0;155;1;land;false;plains;7
13174;9;208;1;land;false;plains;7
13175;31;201;1;land;true;plains;7
13176;56;206;1;land;true;forest;7
13177;26;157;1;land;false;plains;7
13178;59;221;1;land;true;hills;7
13179;44;234;1;land;false;forest;7
13180;3;224;1;land;true;hills;7
13181;29;206;1;land;true;plains;7
13182;41;180;1;land;false;urban;7
13183;45;196;1;land;false;plains;7
13184;24;181;1;land;false;forest;7
13185;7;13;1;land;true;plains;7
13186;0;16;1;land;true;plains;7
13187;4;14;1;land;false;plains;7
13188;30;165;1;land;false;plains;7
13189;12;107;1;land;false;plains;7
13190;170;213;1;land;false;plains;6
13191;137;135;1;land;false;plains;6
13192;182;115;1;land;false;plains;6
13193;65;132;1;land;false;plains;7
13194;72;169;1;land;false;plains;7
13195;53;125;1;land;false;plains;7
13196;35;154;1;land;false;plains;7
13197;7;138;1;land;false;plains;7
13198;34;118;1;land;false;plains;7
13199;167;72;1;land;true;hills;6
13200;121;80;1;land;true;hills;6
13201;19;198;1;land;true;plains;7
13202;31;174;1;land;true;plains;7
13203;61;192;1;land;true;plains;7
13204;249;126;1;land;true;hills;6
13205;200;181;1;land;false;plains;6
13206;201;189;1;land;true;plains;6
13207;200;135;1;land;false;plains;6
13208;151;170;1;land;true;hills;6
13209;177;154;1;land;false;hills;6
13210;187;163;1;land;true;plains;6
13211;196;164;1;land;true;plains;6
13212;167;173;1;land;false;plains;6
13213;210;159;1;land;false;hills;6
13214;141;193;1;land;false;plains;6
13215;152;148;1;land;true;plains;6
13216;182;161;1;land;true;plains;6
13217;153;198;1;land;false;forest;6
13218;190;149;1;land;true;plains;6
13219;127;3;1;land;false;plains;7
13220;96;41;1;land;true;plains;7
13221;51;49;1;land;true;plains;7
13222;183;103;1;land;false;plains;7
13223;122;115;1;land;false;plains;7
13224;186;154;1;land;false;plains;7
13225;143;124;1;land;false;plains;7
13226;160;162;1;land;false;plains;7
13227;186;169;1;land;false;urban;7
13228;217;177;1;land;true;plains;7
13229;165;182;1;land;true;hills;6
13230;98;46;1;land;false;plains;6
13231;87;93;1;land;false;plains;6
13232;64;84;1;land;false;plains;6
13233;63;34;1;land;false;plains;6
13234;88;91;1;land;false;hills;6
13235;77;55;1;land;false;plains;6
13236;50;66;1;land;false;plains;6
13237;45;60;1;land;false;plains;6
13238;76;63;1;land;false;plains;6
13239;91;66;1;land;false;hills;6
13240;197;147;1;land;false;plains;6
13241;207;151;1;land;true;plains;6
13242;150;90;1;land;false;plains;6
13243;164;141;1;land;false;plains;6
13244;160;111;1;land;true;plains;6
13245;192;122;1;land;false;plains;6
13246;157;121;1;land;false;plains;6
13247;191;164;1;land;false;plains;6
13248;126;130;1;land;false;plains;7
13249;179;173;1;land;false;plains;7
13250;156;200;1;land;false;plains;7
13251;145;111;1;land;false;plains;6
13252;133;79;1;land;false;plains;6
13253;184;81;1;land;false;plains;6
13254;211;222;1;land;false;plains;7
13255;180;228;1;land;false;plains;7
13256;224;207;1;land;false;hills;7
13257;199;234;1;land;true;plains;7
13258;194;181;1;land;true;plains;7
13259;162;233;1;land;true;forest;7
13260;154;223;1;land;true;plains;7
13261;181;235;1;land;false;plains;7
13262;166;229;1;land;false;plains;7
13263;159;189;1;land;true;plains;7
13264;196;231;1;land;true;plains;7
13265;159;172;1;land;true;plains;7
13266;195;226;1;land;false;hills;7
13267;138;161;1;land;true;plains;7
13268;149;183;1;land;true;plains;7
13269;152;159;1;land;true;hills;7
13270;200;230;1;land;true;plains;7
13271;194;217;1;land;true;hills;7
13272;152;167;1;land;true;plains;7
13273;162;226;1;land;true;plains;7
13274;169;166;1;land;true;plains;7
13275;139;215;1;land;false;plains;7
13276;127;203;1;land;true;plains;7
13277;171;204;1;land;true;plains;7
13278;165;222;1;land;false;forest;7
13279;156;226;1;land;true;hills;7
13280;148;231;1;land;false;plains;7
13281;131;153;1;land;false;plains;6
13282;111;123;1;land;false;plains;6
13283;126;179;1;land;false;plains;6
13284;143;178;1;land;false;plains;6
13285;155;174;1;land;false;plains;6
13286;182;167;1;land;false;plains;6
13287;155;129;1;land;false;plains;6
13288;161;164;1;land;false;plains;6
13289;159;170;1;land;false;plains;6
13290;111;138;1;land;false;plains;6
13291;119;122;1;land;false;plains;6
13292;115;125;1;land;false;plains;6
13293;142;54;1;land;true;hills;6
13294;142;46;1;land;true;hills;6
13295;124;77;1;land;true;mountain;6
13296;184;80;1;land;false;mountain;6
13297;147;90;1;land;false;hills;6
13298;132;203;1;land;false;plains;6
13299;145;149;1;land;false;plains;6
13300;194;209;1;land;false;plains;6
13301;158;191;1;land;false;plains;6
13302;209;211;1;land;false;plains;6
13303;85;80;1;land;false;plains;6
13304;125;117;1;land;false;plains;6
13305;110;72;1;land;false;plains;6
13306;83;135;1;land;false;plains;6
13307;68;79;1;land;false;hills;6
13308;120;104;1;land;false;hills;6
13309;51;76;1;land;false;plains;6
13310;55;106;1;land;false;plains;6
13311;73;83;1;land;false;plains;6
13312;111;65;1;land;false;plains;6
13313;103;99;1;land;false;plains;6
13314;129;94;1;land;false;plains;6
13315;68;76;1;land;false;hills;6
13316;137;138;1;land;true;hills;6
13317;142;104;1;land;false;plains;6
13318;133;47;1;land;false;plains;6
13319;147;108;1;land;false;plains;6
13320;157;104;1;land;false;plains;6
13321;143;59;1;land;false;plains;6
13322;99;103;1;land;false;plains;6
13323;144;72;1;land;false;plains;6
13324;163;50;1;land;false;plains;6
13325;144;111;1;land;false;plains;6
13326;162;79;1;land;false;plains;6
13327;139;43;1;land;false;plains;6
13328;83;143;1;land;false;plains;6
13329;76;129;1;land;false;plains;6
13330;59;104;1;land;false;plains;6
13331;67;137;1;land;false;plains;6
13332;84;121;1;land;false;plains;6
13333;73;149;1;land;false;plains;6
13334;145;144;1;land;false;forest;6
13335;117;144;1;land;false;plains;6
13336;81;81;1;land;false;plains;6
13337;135;113;1;land;false;plains;6
13338;143;83;1;land;false;plains;6
13339;115;213;1;land;false;plains;6
13340;136;157;1;land;false;plains;6
13341;90;163;1;land;false;plains;6
13342;155;199;1;land;false;plains;6
13343;156;192;1;land;false;plains;6
13344;148;205;1;land;false;plains;6
13345;129;197;1;land;false;plains;6
13346;84;136;1;land;false;plains;6
13347;89;193;1;land;false;plains;6
13348;145;171;1;land;false;forest;6
13349;128;199;1;land;false;plains;6
13350;93;179;1;land;false;plains;6
13351;98;186;1;land;false;urban;6
13352;90;132;1;land;false;plains;6
13353;84;128;1;land;false;forest;6
13354;100;114;1;land;false;plains;6
13355;107;171;1;land;false;plains;6
13356;122;129;1;land;false;plains;6
13357;52;150;1;land;false;forest;6
13358;5;143;1;land;true;plains;7
13359;80;148;1;land;true;plains;7
13360;24;126;1;land;true;plains;7
13361;20;158;1;land;true;plains;7
13362;147;129;1;land;false;hills;6
13363;201;179;1;land;true;plains;6
13364;127;158;1;land;false;plains;6
13365;83;174;1;land;false;plains;6
13366;82;189;1;land;false;plains;6
13367;59;182;1;land;false;hills;6
13368;116;158;1;land;false;hills;6
13369;128;132;1;land;false;hills;6
13370;119;200;1;land;false;hills;6
13371;165;149;1;land;true;plains;2
13372;160;104;1;land;true;plains;2
13373;190;90;1;land;false;plains;2
13374;166;149;1;land;false;plains;6
13375;176;136;1;land;false;plains;6
13376;167;171;1;land;false;plains;6
13377;190;168;1;land;false;plains;6
13378;172;168;1;land;false;plains;6
13379;214;138;1;land;false;plains;6
13380;165;198;1;land;false;plains;6
13381;137;206;1;land;false;plains;6
13382;175;152;1;land;false;plains;6
13383;54;114;1;land;false;urban;2
13384;66;161;1;land;true;plains;2
13385;61;137;1;land;true;plains;2
13386;68;174;1;land;true;plains;2
13387;77;155;1;land;false;plains;2
13388;60;133;1;land;true;plains;2
13389;112;178;1;land;true;plains;2
13390;93;177;1;land;false;plains;2
13391;124;123;1;land;false;plains;2
13392;100;124;1;land;true;plains;2
13393;51;164;1;land;false;plains;2
13394;86;104;1;land;false;plains;2
13395;85;102;1;land;false;plains;2
13396;99;121;1;land;false;plains;2
13397;100;148;1;land;true;plains;2
13398;113;99;1;land;true;plains;2
13399;79;105;1;land;true;plains;2
13400;65;162;1;land;true;plains;2
13401;67;165;1;land;true;plains;2
13402;92;149;1;land;false;plains;2
13403;121;166;1;land;true;hills;2
13404;109;172;1;land;true;hills;2
13405;62;149;1;land;false;plains;2
13406;84;116;1;land;true;forest;2
13407;70;101;1;land;true;plains;2
13408;113;163;1;land;false;plains;2
13409;85;157;1;land;true;hills;2
13410;65;144;1;land;true;plains;2
13411;117;123;1;land;false;plains;2
13412;88;138;1;land;true;plains;2
13413;86;153;1;land;false;plains;2
13414;108;156;1;land;true;plains;2
13415;94;114;1;land;true;hills;2
13416;115;103;1;land;true;plains;2
13417;84;133;1;land;false;plains;2
13418;93;101;1;land;false;urban;2
13419;118;118;1;land;true;plains;2
13420;113;114;1;land;true;plains;2
13421;68;133;1;land;false;plains;2
13422;50;177;1;land;true;plains;2
13423;119;173;1;land;true;hills;6
13424;152;207;1;land;false;hills;6
13425;126;174;1;land;false;hills;6
13426;181;168;1;land;false;hills;6
13427;145;227;1;land;false;hills;6
13428;118;205;1;land;false;plains;6
13429;143;174;1;land;false;plains;6
13430;123;214;1;land;true;plains;6
13431;169;230;1;land;false;hills;6
13432;169;173;1;land;false;plains;6
13433;108;169;1;land;false;hills;6
13434;111;161;1;land;false;plains;6
13435;132;165;1;land;false;hills;6
13436;152;131;255;sea;true;ocean;0
13437;101;128;255;sea;true;ocean;0
13438;91;130;255;sea;true;ocean;0
13439;107;109;255;sea;false;ocean;0
13440;88;115;255;sea;false;ocean;0
13441;151;159;255;sea;true;ocean;0
13442;104;142;255;sea;true;ocean;0
13443;122;170;255;sea;true;ocean;0
13444;109;142;255;sea;true;ocean;0
13445;84;117;255;sea;true;ocean;0
13446;98;118;255;sea;true;ocean;0
13447;113;110;255;sea;false;ocean;0
13448;128;104;255;sea;false;ocean;0
13449;113;151;255;sea;false;ocean;0
13450;100;93;255;sea;false;ocean;0
13451;91;116;255;sea;false;ocean;0
13452;85;119;255;sea;false;ocean;0
13453;12;88;255;sea;false;ocean;0
13454;55;117;255;sea;true;ocean;0
13455;15;157;255;sea;true;ocean;0
13456;26;127;255;sea;false;ocean;0
13457;27;148;255;sea;false;ocean;0
13458;5;134;255;sea;false;ocean;0
13459;52;86;255;sea;false;ocean;0
13460;13;116;255;sea;false;ocean;0
13461;10;132;255;sea;false;ocean;0
13462;57;135;255;sea;false;ocean;0
13463;42;89;255;sea;false;ocean;0
13464;36;156;255;sea;true;ocean;0
13465;46;146;255;sea;false;ocean;0
13466;0;118;255;sea;false;ocean;0
13467;21;164;255;sea;true;ocean;0
13468;5;113;255;sea;false;ocean;0
13469;39;134;255;sea;false;ocean;0
13470;37;106;255;sea;true;ocean;0
13471;57;157;255;sea;false;ocean;0
13472;8;144;255;sea;false;ocean;0
13473;7;96;255;sea;false;ocean;0
13474;41;90;255;sea;false;ocean;0
13475;21;97;255;sea;false;ocean;0
13476;14;155;255;sea;false;ocean;0
13477;43;156;255;sea;true;ocean;0
13478;30;86;255;sea;true;ocean;0
13479;40;131;255;sea;false;ocean;0
13480;5;161;255;sea;false;ocean;0
13481;29;150;255;sea;false;ocean;0
13482;50;155;255;sea;false;ocean;0
13483;1;111;255;sea;false;ocean;0
13484;22;158;255;sea;false;ocean;0
13485;20;86;255;sea;false;ocean;0
13486;14;150;255;sea;false;ocean;0
13487;36;123;255;sea;false;ocean;0
13488;19;35;255;sea;false;ocean;0
13489;72;50;255;sea;true;ocean;0
13490;66;62;255;sea;false;ocean;0
13491;81;59;255;sea;false;ocean;0
13492;29;76;255;sea;false;ocean;0
13493;84;76;255;sea;false;ocean;0
13494;85;45;255;sea;false;ocean;0
13495;17;35;255;sea;false;ocean;0
13496;72;92;255;sea;false;ocean;0
13497;72;58;255;sea;false;ocean;0
13498;44;35;255;sea;true;ocean;0
13499;74;43;255;sea;false;ocean;0
13500;17;66;255;sea;false;ocean;0
13501;17;90;255;sea;false;ocean;0
13502;35;38;255;sea;false;ocean;0
13503;51;63;255;sea;false;ocean;0
13504;54;63;255;sea;false;ocean;0
13505;71;59;255;sea;true;ocean;0
13506;52;70;255;sea;false;ocean;0
13507;23;41;255;sea;false;ocean;0
13508;53;92;255;sea;false;ocean;0
13509;37;56;255;sea;false;ocean;0
13510;51;97;255;sea;true;ocean;0
13511;31;71;255;sea;false;ocean;0
13512;28;95;255;sea;false;ocean;0
13513;22;75;255;sea;true;ocean;0
13514;28;59;255;sea;false;ocean;0
13515;35;69;255;sea;true;ocean;0
13516;21;45;255;sea;false;ocean;0
13517;58;83;255;sea;true;ocean;0
13518;22;78;255;sea;true;ocean;0
13519;23;80;255;sea;false;ocean;0
13520;11;99;255;sea;true;ocean;0
13521;60;65;255;sea;false;ocean;0
13522;47;40;255;sea;true;ocean;0
13523;59;101;255;sea;true;ocean;0
13524;17;37;255;sea;false;ocean;0
13525;54;71;255;sea;true;ocean;0
13526;156;165;255;sea;false;ocean;0
13527;163;195;255;sea;false;ocean;0
13528;161;200;255;sea;false;ocean;0
13529;126;213;255;sea;false;ocean;0
13530;144;190;255;sea;false;ocean;0
13531;163;216;255;sea;false;ocean;0
13532;157;210;255;sea;false;ocean;0
13533;176;195;255;sea;false;ocean;0
13534;172;153;255;sea;false;ocean;0
13535;101;160;255;sea;false;ocean;0
13536;173;207;255;sea;false;ocean;0
13537;139;193;255;sea;false;ocean;0
13538;151;142;255;sea;false;ocean;0
13539;133;195;255;sea;false;ocean;0
13540;178;212;255;sea;false;ocean;0
13541;147;180;255;sea;false;ocean;0
13542;139;186;255;sea;false;ocean;0
13543;172;205;255;sea;false;ocean;0
13544;125;155;255;sea;false;ocean;0
13545;94;111;255;sea;true;ocean;0
13546;78;90;255;sea;true;ocean;0
13547;69;130;255;sea;false;ocean;0
13548;88;137;255;sea;false;ocean;0
13549;34;118;255;sea;false;ocean;0
13550;49;99;255;sea;true;ocean;0
13551;57;111;255;sea;false;ocean;0
13552;29;121;255;sea;true;ocean;0
13553;79;118;255;sea;true;ocean;0
13554;29;111;255;sea;true;ocean;0
13555;36;79;255;sea;false;ocean;0
13556;51;85;255;sea;false;ocean;0
13557;88;98;255;sea;false;ocean;0
13558;75;114;255;sea;true;ocean;0
13559;58;62;255;sea;true;ocean;0
13560;31;85;255;sea;true;ocean;0
13561;81;90;255;sea;true;ocean;0
13562;86;82;255;sea;false;ocean;0
13563;124;115;255;sea;true;ocean;0
13564;131;110;255;sea;true;ocean;0
13565;121;99;255;sea;true;ocean;0
13566;109;129;255;sea;true;ocean;0
13567;108;77;255;sea;false;ocean;0
13568;61;114;255;sea;false;ocean;0
13569;105;109;255;sea;false;ocean;0
13570;99;88;255;sea;false;ocean;0
13571;135;61;255;sea;true;ocean;0
13572;107;107;255;sea;false;ocean;0
13573;81;110;255;sea;false;ocean;0
13574;94;81;255;sea;true;ocean;0
13575;113;93;255;sea;true;ocean;0
13576;113;126;255;sea;false;ocean;0
13577;96;89;255;sea;true;ocean;0
13578;94;115;255;sea;true;ocean;0
13579;73;18;255;sea;false;ocean;0
13580;96;36;255;sea;true;ocean;0
13581;67;36;255;sea;false;ocean;0
13582;82;9;255;sea;false;ocean;0
13583;103;3;255;sea;false;ocean;0
13584;33;21;255;sea;false;ocean;0
13585;55;22;255;sea;false;ocean;0
13586;99;30;255;sea;true;ocean;0
13587;70;65;255;sea;false;ocean;0
13588;105;56;255;sea;true;ocean;0
13589;63;43;255;sea;false;ocean;0
13590;84;47;255;sea;true;ocean;0
13591;35;20;255;sea;true;ocean;0
13592;92;0;255;sea;true;ocean;0
13593;68;23;255;sea;false;ocean;0
13594;74;20;255;sea;true;ocean;0
13595;65;28;255;sea;false;ocean;0
13596;78;18;255;sea;false;ocean;0
13597;92;47;255;sea;false;ocean;0
13598;101;93;255;sea;false;ocean;0
13599;79;51;255;sea;true;ocean;0
13600;61;102;255;sea;false;ocean;0
13601;98;85;255;sea;true;ocean;0
13602;111;112;255;sea;false;ocean;0
13603;64;98;255;sea;false;ocean;0
13604;57;106;255;sea;true;ocean;0
13605;103;77;255;sea;true;ocean;0
13606;83;117;255;sea;true;ocean;0
13607;64;113;255;sea;false;ocean;0
13608;82;107;255;sea;true;ocean;0
13609;133;83;255;sea;false;ocean;0
13610;32;37;255;sea;true;ocean;0
13611;44;3;255;sea;true;ocean;0
13612;67;33;255;sea;true;ocean;0
13613;25;11;255;sea;false;ocean;0
13614;54;66;255;sea;true;ocean;0
13615;75;71;255;sea;false;ocean;0
13616;31;3;255;sea;false;ocean;0
13617;46;67;255;sea;true;ocean;0
13618;61;61;255;sea;true;ocean;0
13619;44;19;255;sea;false;ocean;0
13620;37;1;255;sea;false;ocean;0
13621;72;22;255;sea;false;ocean;0
13622;7;44;255;sea;false;ocean;0
13623;65;50;255;sea;false;ocean;0
13624;44;21;255;sea;false;ocean;0
13625;37;47;255;sea;false;ocean;0
13626;22;21;255;sea;false;ocean;0
13627;25;52;255;sea;false;ocean;0
13628;70;53;255;sea;true;ocean;0
13629;7;9;255;sea;true;ocean;0
13630;82;41;255;sea;false;ocean;0
13631;46;12;255;sea;false;ocean;0
13632;50;33;255;sea;false;ocean;0
13633;52;16;255;sea;true;ocean;0
13634;64;44;255;sea;true;ocean;0
13635;50;56;255;sea;true;ocean;0
13636;68;13;255;sea;false;ocean;0
13637;80;31;255;sea;false;ocean;0
13638;81;10;255;sea;false;ocean;0
13639;40;20;255;sea;false;ocean;0
13640;16;20;255;sea;false;ocean;0
13641;53;1;255;sea;true;ocean;0
13642;28;64;255;sea;false;ocean;0
13643;15;59;255;sea;false;ocean;0
13644;33;24;255;sea;false;ocean;0
13645;68;8;255;sea;false;ocean;0
13646;85;6;255;sea;false;ocean;0
13647;83;18;255;sea;false;ocean;0
13648;89;16;255;sea;false;ocean;0
13649;88;36;255;sea;false;ocean;0
13650;73;0;255;sea;false;ocean;0
13651;41;13;255;sea;true;ocean;0
13652;38;7;255;sea;false;ocean;0
13653;50;48;255;sea;false;ocean;0
13654;87;6;255;sea;false;ocean;0
13655;21;6;255;sea;false;ocean;0
13656;51;37;255;sea;false;ocean;0
13657;117;104;255;sea;false;ocean;0
13658;118;37;255;sea;false;ocean;0
13659;123;52;255;sea;true;ocean;0
13660;69;85;255;sea;true;ocean;0
13661;97;88;255;sea;false;ocean;0
13662;118;44;255;sea;true;ocean;0
13663;72;53;255;sea;true;ocean;0
13664;62;96;255;sea;true;ocean;0
13665;72;47;255;sea;true;ocean;0
13666;115;37;255;sea;true;ocean;0
13667;89;32;255;sea;false;ocean;0
13668;103;52;255;sea;false;ocean;0
13669;85;87;255;sea;false;ocean;0
13670;112;72;255;sea;false;ocean;0
13671;61;53;255;sea;true;ocean;0
13672;102;35;255;sea;true;ocean;0
13673;91;87;255;sea;false;ocean;0
13674;66;32;255;sea;false;ocean;0
13675;110;56;255;sea;true;ocean;0
13676;129;46;255;sea;false;ocean;0
13677;43;22;255;sea;false;ocean;0
13678;22;30;255;sea;true;ocean;0
13679;27;34;255;sea;true;ocean;0
13680;7;42;255;sea;true;ocean;0
13681;43;38;255;sea;false;ocean;0
13682;29;37;255;sea;false;ocean;0
13683;57;34;255;sea;false;ocean;0
13684;7;1;255;sea;false;ocean;0
13685;36;38;255;sea;true;ocean;0
13686;0;25;255;sea;false;ocean;0
13687;53;16;255;sea;false;ocean;0
13688;45;15;255;sea;true;ocean;0
13689;48;26;255;sea;false;ocean;0
13690;53;10;255;sea;false;ocean;0
13691;25;23;255;sea;false;ocean;0
13692;60;161;255;sea;false;ocean;0
13693;74;98;255;sea;true;ocean;0
13694;108;114;255;sea;true;ocean;0
13695;85;99;255;sea;false;ocean;0
13696;61;140;255;sea;false;ocean;0
13697;82;112;255;sea;false;ocean;0
13698;114;100;255;sea;false;ocean;0
13699;120;120;255;sea;false;ocean;0
13700;121;135;255;sea;true;ocean;0
13701;98;161;255;sea;false;ocean;0
13702;61;107;255;sea;true;ocean;0
13703;80;153;255;sea;false;ocean;0
13704;117;87;255;sea;true;ocean;0
13705;121;94;255;sea;false;ocean;0
13706;51;89;255;sea;true;ocean;0
13707;118;109;255;sea;true;ocean;0
13708;91;148;255;sea;true;ocean;0
13709;55;128;255;sea;false;ocean;0
13710;121;115;255;sea;false;ocean;0
13711;71;125;255;sea;false;ocean;0
13712;110;124;255;sea;false;ocean;0
13713;21;77;255;sea;false;ocean;0
13714;15;51;255;sea;false;ocean;0
13715;17;91;255;sea;false;ocean;0
13716;23;87;255;sea;false;ocean;0
13717;4;83;255;sea;true;ocean;0
13718;11;95;255;sea;true;ocean;0
13719;39;92;255;sea;true;ocean;0
13720;15;83;255;sea;false;ocean;0
13721;42;54;255;sea;true;ocean;0
13722;25;98;255;sea;false;ocean;0
13723;24;31;255;sea;true;ocean;0
13724;18;43;255;sea;false;ocean;0
13725;9;87;255;sea;false;ocean;0
13726;15;68;255;sea;false;ocean;0
13727;2;78;255;sea;true;ocean;0
13728;31;73;255;sea;false;ocean;0
13729;12;109;255;sea;true;ocean;0
13730;0;106;255;sea;false;ocean;0
13731;6;105;255;sea;false;ocean;0
13732;69;44;255;sea;false;ocean;0
13733;97;66;255;sea;true;ocean;0
13734;93;74;255;sea;true;ocean;0
13735;79;90;255;sea;false;ocean;0
13736;130;97;255;sea;false;ocean;0
13737;105;57;255;sea;false;ocean;0
13738;134;94;255;sea;false;ocean;0
13739;139;66;255;sea;false;ocean;0
13740;123;104;255;sea;true;ocean;0
13741;63;36;255;sea;true;ocean;0
13742;120;56;255;sea;true;ocean;0
13743;140;107;255;sea;true;ocean;0
13744;101;75;255;sea;true;ocean;0
13745;74;109;255;sea;false;ocean;0
13746;135;68;255;sea;false;ocean;0
13747;73;77;255;sea;false;ocean;0
13748;70;96;255;sea;true;ocean;0
13749;96;90;255;sea;false;ocean;0
13750;64;92;255;sea;true;ocean;0
13751;3;1;255;sea;false;ocean;0
13752;25;77;255;sea;true;ocean;0
13753;15;13;255;sea;false;ocean;0
13754;17;72;255;sea;false;ocean;0
13755;24;16;255;sea;false;ocean;0
13756;31;38;255;sea;false;ocean;0
13757;18;25;255;sea;false;ocean;0
13758;19;39;255;sea;false;ocean;0
13759;30;36;255;sea;false;ocean;0
13760;3;53;255;sea;false;ocean;0
13761;28;33;255;sea;false;ocean;0
13762;37;46;255;sea;false;ocean;0
13763;39;65;255;sea;true;ocean;0
13764;24;18;255;sea;false;ocean;0
13765;14;73;255;sea;false;ocean;0
13766;12;35;255;sea;false;ocean;0
13767;43;47;255;sea;false;ocean;0
13768;15;24;255;sea;true;ocean;0
13769;8;27;255;sea;true;ocean;0
13770;36;7;255;sea;false;ocean;0
13771;0;9;255;sea;true;ocean;0
13772;15;5;255;sea;true;ocean;0
13773;33;29;255;sea;true;ocean;0
13774;23;18;255;sea;true;ocean;0
13775;1;26;255;sea;false;ocean;0
13776;32;57;255;sea;true;ocean;0
13777;25;37;255;sea;false;ocean;0
13778;41;46;255;sea;true;ocean;0
13779;44;18;255;sea;false;ocean;0
13780;22;29;255;sea;true;ocean;0
13781;40;13;255;sea;false;ocean;0
13782;14;58;255;sea;false;ocean;0
13783;1;28;255;sea;true;ocean;0
13784;34;11;255;sea;false;ocean;0
13785;132;195;255;sea;true;ocean;0
13786;164;175;255;sea;true;ocean;0
13787;169;176;255;sea;true;ocean;0
13788;129;176;255;sea;false;ocean;0
13789;149;141;255;sea;false;ocean;0
13790;180;197;255;sea;false;ocean;0
13791;167;154;255;sea;false;ocean;0
13792;151;210;255;sea;false;ocean;0
13793;187;158;255;sea;false;ocean;0
13794;150;165;255;sea;false;ocean;0
13795;123;157;255;sea;false;ocean;0
13796;161;204;255;sea;true;ocean;0
13797;162;158;255;sea;false;ocean;0
13798;164;145;255;sea;false;ocean;0
13799;165;161;255;sea;false;ocean;0
13800;143;215;255;sea;true;ocean;0
13801;132;198;255;sea;true;ocean;0
13802;136;155;255;sea;true;ocean;0
13803;110;171;255;sea;false;ocean;0
13804;163;191;255;sea;false;ocean;0
13805;113;180;255;sea;false;ocean;0
13806;156;204;255;sea;true;ocean;0
13807;184;197;255;sea;false;ocean;0
13808;183;142;255;sea;false;ocean;0
13809;178;162;255;sea;false;ocean;0
13810;129;145;255;sea;false;ocean;0
13811;121;141;255;sea;true;ocean;0
13812;186;187;255;sea;false;ocean;0
13813;133;208;255;sea;false;ocean;0
13814;152;105;255;sea;true;ocean;0
13815;170;111;255;sea;false;ocean;0
13816;127;81;255;sea;true;ocean;0
13817;118;107;255;sea;true;ocean;0
13818;154;118;255;sea;false;ocean;0
13819;122;112;255;sea;false;ocean;0
13820;157;94;255;sea;false;ocean;0
13821;167;96;255;sea;false;ocean;0
13822;179;56;255;sea;false;ocean;0
13823;137;79;255;sea;false;ocean;0
13824;128;50;255;sea;true;ocean;0
13825;178;95;255;sea;true;ocean;0
13826;109;122;255;sea;false;ocean;0
13827;114;95;255;sea;true;ocean;0
13828;133;103;255;sea;false;ocean;0
13829;129;86;255;sea;true;ocean;0
13830;181;123;255;sea;false;ocean;0
13831;145;58;255;sea;true;ocean;0
13832;157;50;255;sea;true;ocean;0
13833;171;100;255;sea;true;ocean;0
13834;168;126;255;sea;false;ocean;0
13835;170;85;255;sea;true;ocean;0
13836;142;103;255;sea;true;ocean;0
13837;133;114;255;sea;false;ocean;0
13838;130;118;255;sea;true;ocean;0
13839;116;60;255;sea;false;ocean;0
13840;113;80;255;sea;false;ocean;0
13841;118;87;255;sea;false;ocean;0
13842;74;77;255;sea;false;ocean;0
13843;89;25;255;sea;true;ocean;0
13844;107;47;255;sea;false;ocean;0
13845;78;49;255;sea;false;ocean;0
13846;106;43;255;sea;false;ocean;0
13847;76;40;255;sea;false;ocean;0
13848;85;12;255;sea;false;ocean;0
13849;121;19;255;sea;false;ocean;0
13850;144;76;255;sea;true;ocean;0
13851;111;31;255;sea;false;ocean;0
13852;102;43;255;sea;false;ocean;0
13853;72;81;255;sea;false;ocean;0
13854;75;68;255;sea;false;ocean;0
13855;90;50;255;sea;false;ocean;0
13856;95;33;255;sea;false;ocean;0
13857;133;73;255;sea;false;ocean;0
13858;124;15;255;sea;false;ocean;0
13859;92;59;255;sea;false;ocean;0
13860;148;60;255;sea;false;ocean;0
13861;135;13;255;sea;true;ocean;0
13862;115;39;255;sea;true;ocean;0
13863;84;84;255;sea;false;ocean;0
13864;104;16;255;sea;true;ocean;0
13865;92;89;255;sea;false;ocean;0
13866;108;37;255;sea;false;ocean;0
13867;100;85;255;sea;false;ocean;0
13868;105;78;255;sea;false;ocean;0
13869;72;32;255;sea;false;ocean;0
13870;33;105;255;sea;false;ocean;0
13871;17;113;255;sea;false;ocean;0
13872;28;82;255;sea;false;ocean;0
13873;20;116;255;sea;true;ocean;0
13874;29;126;255;sea;true;ocean;0
13875;43;126;255;sea;true;ocean;0
13876;39;110;255;sea;false;ocean;0
13877;23;81;255;sea;true;ocean;0
13878;38;92;255;sea;true;ocean;0
13879;17;124;255;sea;true;ocean;0
13880;123;153;255;sea;true;ocean;0
13881;105;94;255;sea;true;ocean;0
13882;35;64;255;sea;true;ocean;0
13883;4;31;255;sea;false;ocean;0
13884;50;28;255;sea;false;ocean;0
13885;49;84;255;sea;true;ocean;0
13886;6;32;255;sea;true;ocean;0
13887;21;19;255;sea;true;ocean;0
13888;31;80;255;sea;true;ocean;0
13889;67;34;255;sea;false;ocean;0
13890;56;83;255;sea;true;ocean;0
13891;38;22;255;sea;true;ocean;0
13892;20;25;255;sea;false;ocean;0
13893;56;73;255;sea;false;ocean;0
13894;25;25;255;sea;false;ocean;0
13895;8;81;255;sea;false;ocean;0
13896;55;25;255;sea;false;ocean;0
13897;29;30;255;sea;false;ocean;0
13898;34;33;255;sea;true;ocean;0
13899;80;199;255;sea;true;ocean;0
13900;67;150;255;sea;true;ocean;0
13901;125;126;255;sea;true;ocean;0
13902;79;196;255;sea;false;ocean;0
13903;122;157;255;sea;true;ocean;0
13904;101;192;255;sea;true;ocean;0
13905;135;156;255;sea;false;ocean;0
13906;84;145;255;sea;true;ocean;0
13907;119;157;255;sea;true;ocean;0
13908;94;199;255;sea;true;ocean;0
13909;105;136;255;sea;true;ocean;0
13910;20;128;255;sea;false;ocean;0
13911;74;67;255;sea;true;ocean;0
13912;72;75;255;sea;false;ocean;0
13913;72;61;255;sea;false;ocean;0
13914;18;134;255;sea;true;ocean;0
13915;7;76;255;sea;true;ocean;0
13916;19;67;255;sea;false;ocean;0
13917;40;88;255;sea;false;ocean;0
13918;54;101;255;sea;false;ocean;0
13919;56;75;255;sea;false;ocean;0
13920;24;113;255;sea;true;ocean;0
13921;79;115;255;sea;false;ocean;0
13922;33;82;255;sea;false;ocean;0
13923;38;124;255;sea;false;ocean;0
13924;49;138;255;sea;false;ocean;0
13925;79;136;255;sea;true;ocean;0
13926;35;87;255;sea;false;ocean;0
13927;55;98;255;sea;false;ocean;0
13928;33;131;255;sea;false;ocean;0
13929;73;98;255;sea;false;ocean;0
13930;59;112;255;sea;false;ocean;0
13931;50;62;255;sea;false;ocean;0
13932;20;63;255;sea;false;ocean;0
13933;51;122;255;sea;false;ocean;0
13934;20;70;255;sea;true;ocean;0
13935;81;121;255;sea;false;ocean;0
13936;23;139;255;sea;false;ocean;0
13937;106;41;255;sea;false;ocean;0
13938;143;47;255;sea;false;ocean;0
13939;127;106;255;sea;false;ocean;0
13940;93;48;255;sea;false;ocean;0
13941;148;109;255;sea;true;ocean;0
13942;91;53;255;sea;true;ocean;0
13943;94;66;255;sea;false;ocean;0
13944;121;107;255;sea;false;ocean;0
13945;105;85;255;sea;true;ocean;0
13946;99;58;255;sea;false;ocean;0
13947;116;50;255;sea;true;ocean;0
13948;106;49;255;sea;true;ocean;0
13949;133;119;255;sea;true;ocean;0
13950;96;82;255;sea;false;ocean;0
13951;125;86;255;sea;false;ocean;0
13952;106;108;255;sea;true;ocean;0
13953;109;120;255;sea;false;ocean;0
13954;130;60;255;sea;true;ocean;0
13955;142;97;255;sea;false;ocean;0
13956;122;82;255;sea;false;ocean;0
13957;129;99;255;sea;false;ocean;0
13958;120;113;255;sea;false;ocean;0
13959;160;91;255;sea;false;ocean;0
13960;155;47;255;sea;false;ocean;0
13961;99;43;255;sea;true;ocean;0
13962;102;117;255;sea;false;ocean;0
13963;14;28;255;sea;false;ocean;0
13964;14;22;255;sea;false;ocean;0
13965;24;76;255;sea;false;ocean;0
13966;20;69;255;sea;false;ocean;0
13967;27;38;255;sea;false;ocean;0
13968;15;44;255;sea;false;ocean;0
13969;33;84;255;sea;false;ocean;0
13970;8;23;255;sea;true;ocean;0
13971;36;25;255;sea;false;ocean;0
13972;13;49;255;sea;false;ocean;0
13973;28;97;255;sea;false;ocean;0
13974;11;45;255;sea;false;ocean;0
13975;30;30;255;sea;false;ocean;0
13976;34;70;255;sea;false;ocean;0
13977;21;84;255;sea;false;ocean;0
13978;6;27;255;sea;false;ocean;0
13979;1;67;255;sea;false;ocean;0
13980;22;67;255;sea;false;ocean;0
13981;2;81;255;sea;false;ocean;0
13982;18;70;255;sea;false;ocean;0
13983;36;54;255;sea;false;ocean;0
13984;14;64;255;sea;false;ocean;0
13985;35;95;255;sea;false;ocean;0
13986;9;26;255;sea;false;ocean;0
13987;6;19;255;sea;false;ocean;0
13988;36;49;255;sea;false;ocean;0
13989;29;65;255;sea;false;ocean;0
13990;24;64;255;sea;false;ocean;0
13991;30;37;255;sea;false;ocean;0
13992;29;46;255;sea;false;ocean;0
13993;35;93;255;sea;false;ocean;0
13994;26;27;255;sea;false;ocean;0
13995;35;60;255;sea;false;ocean;0
13996;13;21;255;sea;false;ocean;0
13997;1;69;255;sea;false;ocean;0
13998;35;90;255;sea;false;ocean;0
13999;20;97;255;sea;false;ocean;0
14000;19;53;255;sea;false;ocean;0
14001;24;81;255;sea;false;ocean;0
14002;16;96;255;sea;false;ocean;0
14003;28;55;255;sea;false;ocean;0
14004;11;4;255;sea;true;ocean;0
14005;20;7;255;sea;false;ocean;0
14006;25;67;255;sea;false;ocean;0
14007;35;42;255;sea;true;ocean;0
14008;53;6;255;sea;false;ocean;0
14009;51;130;255;sea;false;ocean;0
14010;3;81;255;sea;false;ocean;0
14011;46;74;255;sea;false;ocean;0
14012;51;113;255;sea;true;ocean;0
14013;41;80;255;sea;false;ocean;0
14014;18;87;255;sea;false;ocean;0
14015;28;58;255;sea;false;ocean;0
14016;49;103;255;sea;true;ocean;0
14017;51;74;255;sea;false;ocean;0
14018;6;73;255;sea;false;ocean;0
14019;40;59;255;sea;true;ocean;0
14020;59;62;255;sea;false;ocean;0
14021;15;126;255;sea;true;ocean;0
14022;63;95;255;sea;false;ocean;0
14023;63;86;255;sea;false;ocean;0
14024;43;103;255;sea;false;ocean;0
14025;142;30;255;sea;false;ocean;0
14026;84;10;255;sea;false;ocean;0
14027;111;36;255;sea;false;ocean;0
14028;119;13;255;sea;false;ocean;0
14029;134;7;255;sea;false;ocean;0
14030;85;17;255;sea;false;ocean;0
14031;86;41;255;sea;false;ocean;0
14032;111;41;255;sea;false;ocean;0
14033;75;35;255;sea;false;ocean;0
14034;125;20;255;sea;false;ocean;0
14035;95;22;255;sea;false;ocean;0
14036;66;46;255;sea;false;ocean;0
14037;67;7;255;sea;false;ocean;0
14038;88;46;255;sea;false;ocean;0
14039;55;88;255;sea;false;ocean;0
14040;27;99;255;sea;true;ocean;0
14041;34;71;255;sea;true;ocean;0
14042;21;110;255;sea;false;ocean;0
14043;5;93;255;sea;false;ocean;0
14044;68;134;255;sea;false;ocean;0
14045;106;179;255;sea;false;ocean;0
14046;120;140;255;sea;false;ocean;0
14047;97;149;255;sea;true;ocean;0
14048;90;162;255;sea;true;ocean;0
14049;116;181;255;sea;false;ocean;0
14050;103;156;255;sea;false;ocean;0
14051;66;110;255;sea;false;ocean;0
14052;123;112;255;sea;false;ocean;0
14053;134;181;255;sea;true;ocean;0
14054;109;111;255;sea;true;ocean;0
14055;105;126;255;sea;false;ocean;0
14056;135;179;255;sea;false;ocean;0
14057;79;182;255;sea;false;ocean;0
14058;89;114;255;sea;true;ocean;0
14059;65;173;255;sea;false;ocean;0
14060;112;135;255;sea;false;ocean;0
14061;100;130;255;sea;false;ocean;0
14062;92;138;255;sea;false;ocean;0
14063;131;179;255;sea;false;ocean;0
14064;74;129;255;sea;false;ocean;0
14065;83;159;255;sea;true;ocean;0
14066;121;143;255;sea;false;ocean;0
14067;80;156;255;sea;true;ocean;0
14068;98;47;255;sea;true;ocean;0
14069;53;2;255;sea;false;ocean;0
14070;34;49;255;sea;false;ocean;0
14071;86;20;255;sea;true;ocean;0
14072;32;48;255;sea;false;ocean;0
14073;96;19;255;sea;true;ocean;0
14074;83;15;255;sea;true;ocean;0
14075;31;47;255;sea;true;ocean;0
14076;35;55;255;sea;true;ocean;0
14077;88;51;255;sea;false;ocean;0
14078;89;48;255;sea;true;ocean;0
14079;39;10;255;sea;true;ocean;0
14080;83;13;255;sea;true;ocean;0
14081;57;2;255;sea;false;ocean;0
14082;56;11;255;sea;false;ocean;0
14083;56;13;255;sea;false;ocean;0
14084;65;25;255;sea;false;ocean;0
14085;52;17;255;sea;false;ocean;0
14086;26;39;255;sea;false;ocean;0
14087;18;37;255;sea;false;ocean;0
14088;35;19;255;sea;true;ocean;0
14089;38;24;255;sea;false;ocean;0
14090;58;16;255;sea;false;ocean;0
14091;21;28;255;sea;false;ocean;0
14092;15;16;255;sea;true;ocean;0
14093;24;25;255;sea;true;ocean;0
14094;61;29;255;sea;false;ocean;0
14095;51;31;255;sea;false;ocean;0
14096;50;29;255;sea;true;ocean;0
14097;75;52;255;sea;true;ocean;0
14098;81;58;255;sea;true;ocean;0
14099;63;8;255;sea;true;ocean;0
14100;72;89;255;sea;false;ocean;0
14101;39;149;255;sea;false;ocean;0
14102;33;137;255;sea;false;ocean;0
14103;72;139;255;sea;false;ocean;0
14104;78;115;255;sea;true;ocean;0
14105;37;165;255;sea;false;ocean;0
14106;37;138;255;sea;false;ocean;0
14107;36;143;255;sea;false;ocean;0
14108;42;147;255;sea;false;ocean;0
14109;34;132;255;sea;true;ocean;0
14110;32;89;255;sea;false;ocean;0
14111;68;141;255;sea;false;ocean;0
14112;52;134;255;sea;true;ocean;0
14113;23;146;255;sea;true;ocean;0
14114;71;127;255;sea;false;ocean;0
14115;24;133;255;sea;false;ocean;0
14116;60;156;255;sea;false;ocean;0
14117;34;153;255;sea;false;ocean;0
14118;72;163;255;sea;false;ocean;0
14119;93;97;255;sea;true;ocean;0
14120;83;136;255;sea;false;ocean;0
14121;94;133;255;sea;false;ocean;0
14122;93;98;255;sea;false;ocean;0
14123;48;142;255;sea;true;ocean;0
14124;51;132;255;sea;false;ocean;0
14125;65;111;255;sea;false;ocean;0
14126;51;125;255;sea;true;ocean;0
14127;79;89;255;sea;false;ocean;0
14128;90;28;255;sea;false;ocean;0
14129;55;68;255;sea;false;ocean;0
14130;68;37;255;sea;false;ocean;0
14131;37;35;255;sea;false;ocean;0
14132;67;63;255;sea;true;ocean;0
14133;68;62;255;sea;true;ocean;0
14134;109;94;255;sea;true;ocean;0
14135;78;72;255;sea;false;ocean;0
14136;98;88;255;sea;true;ocean;0
14137;109;76;255;sea;false;ocean;0
14138;105;90;255;sea;false;ocean;0
14139;48;52;255;sea;true;ocean;0
14140;55;38;255;sea;false;ocean;0
14141;100;45;255;sea;false;ocean;0
14142;102;41;255;sea;true;ocean;0
14143;100;49;255;sea;true;ocean;0
14144;59;70;255;sea;false;ocean;0
14145;75;32;255;sea;false;ocean;0
14146;108;57;255;sea;false;ocean;0
14147;50;30;255;sea;true;ocean;0
14148;85;56;255;sea;false;ocean;0
14149;50;39;255;sea;false;ocean;0
14150;86;45;255;sea;true;ocean;0
14151;84;67;255;sea;true;ocean;0
14152;75;47;255;sea;false;ocean;0
14153;68;76;255;sea;false;ocean;0
14154;74;78;255;sea;false;ocean;0
14155;104;57;255;sea;true;ocean;0
14156;75;167;255;sea;false;ocean;0
14157;65;232;255;sea;true;ocean;0
14158;90;226;255;sea;false;ocean;0
14159;41;224;255;sea;true;ocean;0
14160;39;156;255;sea;false;ocean;0
14161;33;230;255;sea;false;ocean;0
14162;55;212;255;sea;true;ocean;0
14163;92;187;255;sea;true;ocean;0
14164;56;209;255;sea;false;ocean;0
14165;83;173;255;sea;false;ocean;0
14166;56;167;255;sea;true;ocean;0
14167;96;165;255;sea;false;ocean;0
14168;87;180;255;sea;true;ocean;0
14169;85;178;255;sea;false;ocean;0
14170;32;188;255;sea;false;ocean;0
14171;55;211;255;sea;false;ocean;0
14172;51;205;255;sea;true;ocean;0
14173;75;49;255;sea;true;ocean;0
14174;39;27;255;sea;true;ocean;0
14175;54;25;255;sea;true;ocean;0
14176;26;9;255;sea;true;ocean;0
14177;55;2;255;sea;false;ocean;0
14178;69;58;255;sea;true;ocean;0
14179;53;22;255;sea;true;ocean;0
14180;88;8;255;sea;true;ocean;0
14181;81;57;255;sea;true;ocean;0
14182;78;39;255;sea;true;ocean;0
14183;32;5;255;sea;true;ocean;0
14184;69;137;255;sea;true;ocean;0
14185;80;139;255;sea;false;ocean;0
14186;60;88;255;sea;true;ocean;0
14187;86;90;255;sea;true;ocean;0
14188;104;77;255;sea;true;ocean;0
14189;96;136;255;sea;true;ocean;0
14190;56;93;255;sea;true;ocean;0
14191;119;119;255;sea;true;ocean;0
14192;70;79;255;sea;true;ocean;0
14193;62;69;255;sea;true;ocean;0
14194;64;65;255;sea;true;ocean;0
14195;63;92;255;sea;true;ocean;0
14196;71;82;255;sea;false;ocean;0
14197;86;71;255;sea;true;ocean;0
14198;121;84;255;sea;false;ocean;0
14199;90;29;255;sea;true;ocean;0
14200;124;36;255;sea;true;ocean;0
14201;88;41;255;sea;false;ocean;0
14202;123;69;255;sea;false;ocean;0
14203;71;61;255;sea;true;ocean;0
14204;12;60;255;sea;true;ocean;0
14205;19;36;255;sea;true;ocean;0
14206;21;41;255;sea;true;ocean;0
14207;30;56;255;sea;true;ocean;0
14208;36;32;255;sea;false;ocean;0
14209;17;62;255;sea;false;ocean;0
14210;1;34;255;sea;true;ocean;0
14211;32;31;255;sea;false;ocean;0
14212;8;25;255;sea;true;ocean;0
14213;28;51;255;sea;true;ocean;0
14214;11;51;255;sea;true;ocean;0
14215;19;44;255;sea;false;ocean;0
14216;1;27;255;sea;true;ocean;0
14217;13;26;255;sea;true;ocean;0
14218;183;224;255;sea;true;ocean;0
14219;212;154;255;sea;false;ocean;0
14220;208;161;255;sea;false;ocean;0
14221;221;157;255;sea;false;ocean;0
14222;215;186;255;sea;false;ocean;0
14223;230;166;255;sea;false;ocean;0
14224;182;187;255;sea;true;ocean;0
14225;231;181;255;sea;false;ocean;0
14226;192;198;255;sea;false;ocean;0
14227;210;167;255;sea;true;ocean;0
14228;113;61;255;sea;false;ocean;0
14229;87;70;255;sea;false;ocean;0
14230;124;103;255;sea;false;ocean;0
14231;68;94;255;sea;true;ocean;0
14232;91;65;255;sea;false;ocean;0
14233;119;91;255;sea;true;ocean;0
14234;124;101;255;sea;false;ocean;0
14235;106;97;255;sea;false;ocean;0
14236;78;76;255;sea;false;ocean;0
14237;80;105;255;sea;false;ocean;0
14238;56;96;255;sea;false;ocean;0
14239;48;121;255;sea;false;ocean;0
14240;102;54;255;sea;false;ocean;0
14241;58;118;255;sea;true;ocean;0
14242;109;117;255;sea;false;ocean;0
14243;65;103;255;sea;false;ocean;0
14244;118;57;255;sea;false;ocean;0
14245;86;84;255;sea;false;ocean;0
14246;67;90;255;sea;false;ocean;0
14247;64;64;255;sea;false;ocean;0
14248;75;61;255;sea;true;ocean;0
14249;71;48;255;sea;false;ocean;0
14250;127;82;255;sea;false;ocean;0
14251;117;96;255;sea;false;ocean;0
14252;57;77;255;sea;false;ocean;0
14253;86;110;255;sea;true;ocean;0
14254;77;101;255;sea;false;ocean;0
14255;63;125;255;sea;false;ocean;0
14256;70;125;255;sea;false;ocean;0
14257;127;97;255;sea;true;ocean;0
14258;127;72;255;sea;true;ocean;0
14259;52;56;255;sea;false;ocean;0
14260;127;121;255;sea;false;ocean;0
14261;103;99;255;sea;false;ocean;0
14262;71;122;255;sea;false;ocean;0
14263;91;93;255;sea;false;ocean;0
14264;65;102;255;sea;false;ocean;0
14265;54;94;255;sea;false;ocean;0
14266;111;116;255;sea;false;ocean;0
14267;94;71;255;sea;false;ocean;0
14268;90;96;255;sea;false;ocean;0
14269;71;100;255;sea;false;ocean;0
14270;98;93;255;sea;false;ocean;0
14271;46;1;255;sea;true;ocean;0
14272;49;16;255;sea;true;ocean;0
14273;38;35;255;sea;true;ocean;0
14274;2;5;255;sea;true;ocean;0
14275;56;7;255;sea;true;ocean;0
14276;55;39;255;sea;false;ocean;0
14277;41;41;255;sea;false;ocean;0
14278;49;96;255;sea;true;ocean;0
14279;66;109;255;sea;false;ocean;0
14280;78;113;255;sea;false;ocean;0
14281;90;41;255;sea;false;ocean;0
14282;28;75;255;sea;false;ocean;0
14283;85;105;255;sea;false;ocean;0
14284;41;55;255;sea;false;ocean;0
14285;45;66;255;sea;false;ocean;0
14286;63;73;255;sea;false;ocean;0
14287;66;43;255;sea;false;ocean;0
14288;46;97;255;sea;false;ocean;0
14289;83;49;255;sea;false;ocean;0
14290;19;58;255;sea;false;ocean;0
14291;26;42;255;sea;false;ocean;0
14292;40;77;255;sea;false;ocean;0
14293;68;71;255;sea;false;ocean;0
14294;61;111;255;sea;false;ocean;0
14295;26;78;255;sea;false;ocean;0
14296;68;75;255;sea;false;ocean;0
14297;38;41;255;sea;false;ocean;0
14298;79;45;255;sea;false;ocean;0
14299;56;66;255;sea;false;ocean;0
14300;62;115;255;sea;true;ocean;0
14301;91;66;255;sea;false;ocean;0
14302;90;42;255;sea;false;ocean;0
14303;32;65;255;sea;false;ocean;0
14304;88;40;255;sea;false;ocean;0
14305;27;58;255;sea;false;ocean;0
14306;55;110;255;sea;false;ocean;0
14307;87;44;255;sea;false;ocean;0
14308;58;106;255;sea;false;ocean;0
14309;40;42;255;sea;false;ocean;0
14310;91;75;255;sea;true;ocean;0
14311;46;92;255;sea;true;ocean;0
14312;42;50;255;sea;true;ocean;0
14313;42;87;255;sea;true;ocean;0
14314;62;67;255;sea;false;ocean;0
14315;24;47;255;sea;true;ocean;0
14316;92;54;255;sea;true;ocean;0
14317;26;73;255;sea;false;ocean;0
14318;49;120;255;sea;true;ocean;0
14319;17;95;255;sea;true;ocean;0
14320;90;117;255;sea;false;ocean;0
14321;47;97;255;sea;false;ocean;0
14322;196;190;255;sea;true;ocean;0
14323;138;217;255;sea;false;ocean;0
14324;186;180;255;sea;false;ocean;0
14325;197;160;255;sea;false;ocean;0
14326;172;169;255;sea;false;ocean;0
14327;169;164;255;sea;true;ocean;0
14328;133;156;255;sea;true;ocean;0
14329;132;167;255;sea;false;ocean;0
14330;146;185;255;sea;false;ocean;0
14331;192;203;255;sea;true;ocean;0
14332;22;24;255;sea;false;ocean;0
14333;9;2;255;sea;false;ocean;0
14334;33;17;255;sea;false;ocean;0
14335;58;20;255;sea;false;ocean;0
14336;58;13;255;sea;false;ocean;0
14337;14;12;255;sea;false;ocean;0
14338;54;11;255;sea;false;ocean;0
14339;39;23;255;sea;false;ocean;0
14340;58;36;255;sea;false;ocean;0
14341;6;18;255;sea;false;ocean;0
14342;2;29;255;sea;false;ocean;0
14343;35;39;255;sea;false;ocean;0
14344;56;44;255;sea;false;ocean;0
14345;14;13;255;sea;false;ocean;0
14346;24;40;255;sea;false;ocean;0
14347;34;5;255;sea;false;ocean;0
14348;42;29;255;sea;false;ocean;0
14349;49;32;255;sea;false;ocean;0
14350;5;14;255;sea;false;ocean;0
14351;45;27;255;sea;false;ocean;0
14352;47;29;255;sea;false;ocean;0
14353;15;6;255;sea;false;ocean;0
14354;30;12;255;sea;false;ocean;0
14355;39;26;255;sea;false;ocean;0
14356;36;11;255;sea;false;ocean;0
14357;4;16;255;sea;false;ocean;0
14358;2;41;255;sea;false;ocean;0
14359;55;27;255;sea;false;ocean;0
14360;83;57;255;sea;true;ocean;0
14361;66;27;255;sea;true;ocean;0
14362;40;72;255;sea;true;ocean;0
14363;36;30;255;sea;true;ocean;0
14364;29;44;255;sea;true;ocean;0
14365;59;91;255;sea;true;ocean;0
14366;97;33;255;sea;true;ocean;0
14367;70;61;255;sea;true;ocean;0
14368;50;77;255;sea;true;ocean;0
14369;97;43;255;sea;true;ocean;0
14370;63;48;255;sea;true;ocean;0
14371;52;60;255;sea;true;ocean;0
14372;65;62;255;sea;true;ocean;0
14373;88;71;255;sea;true;ocean;0
14374;93;67;255;sea;true;ocean;0
14375;94;40;255;sea;false;ocean;0
14376;65;69;255;sea;false;ocean;0
14377;105;55;255;sea;true;ocean;0
14378;101;27;255;sea;false;ocean;0
14379;76;82;255;sea;true;ocean;0
14380;105;79;255;sea;true;ocean;0
14381;98;98;255;sea;true;ocean;0
14382;50;44;255;sea;true;ocean;0
14383;19;87;255;sea;true;ocean;0
14384;23;111;255;sea;false;ocean;0
14385;13;100;255;sea;true;ocean;0
14386;17;52;255;sea;false;ocean;0
14387;14;103;255;sea;true;ocean;0
14388;7;88;255;sea;false;ocean;0
14389;14;57;255;sea;false;ocean;0
14390;32;124;255;sea;false;ocean;0
14391;16;104;255;sea;true;ocean;0
14392;6;98;255;sea;true;ocean;0
14393;53;73;255;sea;false;ocean;0
14394;17;64;255;sea;false;ocean;0
14395;24;118;255;sea;false;ocean;0
14396;23;75;255;sea;false;ocean;0
14397;8;62;255;sea;true;ocean;0
14398;59;92;255;sea;true;ocean;0
14399;46;80;255;sea;false;ocean;0
14400;55;57;255;sea;true;ocean;0
14401;46;129;255;sea;true;ocean;0
14402;18;66;255;sea;true;ocean;0
14403;53;66;255;sea;false;ocean;0
14404;1;71;255;sea;false;ocean;0
14405;4;89;255;sea;true;ocean;0
14406;38;105;255;sea;true;ocean;0
14407;77;143;255;sea;false;ocean;0
14408;50;126;255;sea;false;ocean;0
14409;56;79;255;sea;true;ocean;0
14410;57;73;255;sea;true;ocean;0
14411;44;133;255;sea;true;ocean;0
14412;72;98;255;sea;true;ocean;0
14413;32;105;255;sea;true;ocean;0
14414;88;88;255;sea;true;ocean;0
14415;92;140;255;sea;true;ocean;0
14416;67;138;255;sea;false;ocean;0
14417;51;141;255;sea;false;ocean;0
14418;56;105;255;sea;false;ocean;0
14419;26;92;255;sea;true;ocean;0
14420;43;104;255;sea;false;ocean;0
14421;42;116;255;sea;true;ocean;0
14422;41;107;255;sea;false;ocean;0
14423;94;72;255;sea;true;ocean;0
14424;73;124;255;sea;true;ocean;0
14425;74;95;255;sea;false;ocean;0
14426;88;140;255;sea;true;ocean;0
14427;62;146;255;sea;true;ocean;0
14428;123;58;255;sea;false;ocean;0
14429;61;60;255;sea;false;ocean;0
14430;91;112;255;sea;false;ocean;0
14431;97;82;255;sea;false;ocean;0
14432;69;122;255;sea;false;ocean;0
14433;113;68;255;sea;false;ocean;0
14434;77;117;255;sea;false;ocean;0
14435;119;99;255;sea;false;ocean;0
14436;64;75;255;sea;false;ocean;0
14437;73;59;255;sea;false;ocean;0
14438;57;83;255;sea;false;ocean;0
14439;132;54;255;sea;false;ocean;0
14440;85;67;255;sea;false;ocean;0
14441;122;74;255;sea;false;ocean;0
14442;98;101;255;sea;false;ocean;0
14443;106;118;255;sea;false;ocean;0
14444;114;117;255;sea;false;ocean;0
14445;58;123;255;sea;false;ocean;0
14446;129;100;255;sea;false;ocean;0
14447;70;113;255;sea;false;ocean;0
14448;108;95;255;sea;false;ocean;0
14449;93;103;255;sea;false;ocean;0
14450;119;89;255;sea;false;ocean;0
14451;57;121;255;sea;false;ocean;0
14452;88;110;255;sea;false;ocean;0
14453;72;67;255;sea;false;ocean;0
14454;59;125;255;sea;false;ocean;0
14455;128;160;255;sea;true;ocean;0
14456;119;206;255;sea;true;ocean;0
14457;122;173;255;sea;true;ocean;0
14458;151;164;255;sea;true;ocean;0
14459;177;214;255;sea;true;ocean;0
14460;168;198;255;sea;true;ocean;0
14461;226;190;255;sea;false;ocean;0
14462;199;157;255;sea;false;ocean;0
14463;203;198;255;sea;true;ocean;0
14464;210;206;255;sea;true;ocean;0
14465;174;201;255;sea;false;ocean;0
14466;213;182;255;sea;false;ocean;0
14467;216;227;255;sea;true;ocean;0
14468;198;222;255;sea;true;ocean;0
14469;211;159;255;sea;false;ocean;0
14470;209;168;255;sea;true;ocean;0
14471;223;170;255;sea;false;ocean;0
14472;15;86;255;sea;false;ocean;0
14473;17;47;255;sea;false;ocean;0
14474;23;79;255;sea;false;ocean;0
14475;38;68;255;sea;true;ocean;0
14476;27;98;255;sea;false;ocean;0
14477;30;82;255;sea;true;ocean;0
14478;46;27;255;sea;false;ocean;0
14479;49;56;255;sea;true;ocean;0
14480;39;83;255;sea;false;ocean;0
14481;29;89;255;sea;false;ocean;0
14482;28;94;255;sea;true;ocean;0
14483;1;31;255;sea;true;ocean;0
14484;11;29;255;sea;false;ocean;0
14485;20;80;255;sea;false;ocean;0
14486;22;100;255;sea;false;ocean;0
14487;50;92;255;sea;true;ocean;0
14488;20;93;255;sea;true;ocean;0
14489;37;98;255;sea;false;ocean;0
14490;14;84;255;sea;false;ocean;0
14491;97;52;255;sea;true;ocean;0
14492;118;26;255;sea;true;ocean;0
14493;101;38;255;sea;true;ocean;0
14494;89;52;255;sea;false;ocean;0
14495;100;10;255;sea;false;ocean;0
14496;130;18;255;sea;false;ocean;0
14497;40;4;255;sea;false;ocean;0
14498;32;46;255;sea;false;ocean;0
14499;61;35;255;sea;false;ocean;0
14500;39;41;255;sea;true;ocean;0
14501;95;34;255;sea;false;ocean;0
14502;90;27;255;sea;false;ocean;0
14503;89;42;255;sea;true;ocean;0
14504;26;22;255;sea;true;ocean;0
14505;73;19;255;sea;false;ocean;0
14506;24;33;255;sea;false;ocean;0
14507;42;1;255;sea;false;ocean;0
14508;97;9;255;sea;false;ocean;0
14509;73;9;255;sea;false;ocean;0
14510;49;25;255;sea;false;ocean;0
14511;100;34;255;sea;false;ocean;0
14512;132;68;255;sea;false;ocean;0
14513;146;49;255;sea;true;ocean;0
14514;130;65;255;sea;true;ocean;0
14515;156;54;255;sea;true;ocean;0
14516;105;73;255;sea;false;ocean;0
14517;125;64;255;sea;false;ocean;0
14518;90;39;255;sea;true;ocean;0
14519;96;49;255;sea;false;ocean;0
14520;141;47;255;sea;true;ocean;0
14521;151;80;255;sea;false;ocean;0
14522;132;27;255;sea;true;ocean;0
14523;87;94;255;sea;false;ocean;0
14524;137;47;255;sea;true;ocean;0
14525;93;76;255;sea;true;ocean;0
14526;141;62;255;sea;true;ocean;0
14527;127;101;255;sea;true;ocean;0
14528;110;97;255;sea;true;ocean;0
14529;83;34;255;sea;true;ocean;0
14530;90;84;255;sea;false;ocean;0
14531;98;55;255;sea;true;ocean;0
14532;116;85;255;sea;true;ocean;0
14533;133;60;255;sea;true;ocean;0
14534;143;57;255;sea;true;ocean;0
14535;123;36;255;sea;true;ocean;0
14536;89;87;255;sea;true;ocean;0
14537;96;29;255;sea;true;ocean;0
14538;125;85;255;sea;false;ocean;0
14539;89;46;255;sea;false;ocean;0
14540;80;73;255;sea;false;ocean;0
14541;106;86;255;sea;true;ocean;0
14542;120;67;255;sea;false;ocean;0
14543;124;76;255;sea;true;ocean;0
14544;109;26;255;sea;false;ocean;0
14545;67;25;255;sea;false;ocean;0
14546;73;83;255;sea;false;ocean;0
14547;88;27;255;sea;false;ocean;0
14548;112;76;255;sea;true;ocean;0
14549;137;24;255;sea;false;ocean;0
14550;81;107;255;sea;false;ocean;0
14551;95;69;255;sea;false;ocean;0
14552;54;108;255;sea;false;ocean;0
14553;50;99;255;sea;false;ocean;0
14554;79;55;255;sea;false;ocean;0
14555;42;63;255;sea;false;ocean;0
14556;67;104;255;sea;false;ocean;0
14557;98;49;255;sea;false;ocean;0
14558;71;80;255;sea;false;ocean;0
14559;59;106;255;sea;false;ocean;0
14560;114;101;255;sea;false;ocean;0
14561;60;95;255;sea;false;ocean;0
14562;71;52;255;sea;false;ocean;0
14563;80;100;255;sea;false;ocean;0
14564;52;102;255;sea;false;ocean;0
14565;119;73;255;sea;false;ocean;0
14566;117;120;255;sea;false;ocean;0
14567;88;99;255;sea;false;ocean;0
14568;62;71;255;sea;false;ocean;0
14569;98;96;255;sea;false;ocean;0
14570;41;103;255;sea;false;ocean;0
14571;106;58;255;sea;false;ocean;0
14572;110;45;255;sea;false;ocean;0
14573;44;79;255;sea;false;ocean;0
14574;114;66;255;sea;false;ocean;0
14575;55;82;255;sea;false;ocean;0
14576;109;97;255;sea;false;ocean;0
14577;110;51;255;sea;false;ocean;0
14578;74;71;255;sea;false;ocean;0
14579;98;56;255;sea;false;ocean;0
14580;68;56;255;sea;false;ocean;0
14581;92;66;255;sea;false;ocean;0
14582;82;95;255;sea;false;ocean;0
14583;55;52;255;sea;false;ocean;0
14584;30;79;255;sea;false;ocean;0
14585;13;25;255;sea;false;ocean;0
14586;21;43;255;sea;false;ocean;0
14587;36;50;255;sea;true;ocean;0
14588;39;87;255;sea;true;ocean;0
14589;25;66;255;sea;true;ocean;0
14590;35;32;255;sea;false;ocean;0
14591;6;64;255;sea;true;ocean;0
14592;18;91;255;sea;false;ocean;0
14593;39;52;255;sea;false;ocean;0
14594;17;69;255;sea;true;ocean;0
14595;13;50;255;sea;false;ocean;0
14596;7;35;255;sea;false;ocean;0
14597;8;72;255;sea;true;ocean;0
14598;35;57;255;sea;false;ocean;0
14599;35;30;255;sea;true;ocean;0
14600;78;75;255;sea;true;ocean;0
14601;73;69;255;sea;true;ocean;0
14602;40;52;255;sea;true;ocean;0
14603;95;15;255;sea;true;ocean;0
14604;80;36;255;sea;true;ocean;0
14605;78;0;255;sea;true;ocean;0
14606;38;34;255;sea;true;ocean;0
14607;77;39;255;sea;false;ocean;0
14608;104;22;255;sea;true;ocean;0
14609;47;24;255;sea;true;ocean;0
14610;46;58;255;sea;true;ocean;0
14611;75;50;255;sea;false;ocean;0
14612;40;60;255;sea;false;ocean;0
14613;99;7;255;sea;true;ocean;0
14614;105;16;255;sea;true;ocean;0
14615;107;19;255;sea;true;ocean;0
14616;78;61;255;sea;true;ocean;0
14617;72;160;255;sea;true;ocean;0
14618;105;107;255;sea;true;ocean;0
14619;68;146;255;sea;true;ocean;0
14620;96;128;255;sea;false;ocean;0
14621;136;138;255;sea;false;ocean;0
14622;134;164;255;sea;true;ocean;0
14623;177;136;255;sea;false;ocean;0
14624;132;197;255;sea;false;ocean;0
14625;131;93;255;sea;true;ocean;0
14626;122;78;255;sea;true;ocean;0
14627;102;101;255;sea;true;ocean;0
14628;149;88;255;sea;true;ocean;0
14629;111;47;255;sea;true;ocean;0
14630;159;113;255;sea;true;ocean;0
14631;130;70;255;sea;true;ocean;0
14632;105;88;255;sea;true;ocean;0
14633;114;83;255;sea;true;ocean;0
14634;141;111;255;sea;true;ocean;0
14635;43;62;255;sea;true;ocean;0
14636;73;27;255;sea;true;ocean;0
14637;22;49;255;sea;true;ocean;0
14638;32;78;255;sea;true;ocean;0
14639;30;24;255;sea;false;ocean;0
14640;45;52;255;sea;true;ocean;0
14641;55;33;255;sea;true;ocean;0
14642;40;79;255;sea;false;ocean;0
14643;15;17;255;sea;true;ocean;0
14644;82;74;255;sea;true;ocean;0
14645;61;54;255;sea;true;ocean;0
14646;11;19;255;sea;true;ocean;0
14647;48;73;255;sea;true;ocean;0
14648;54;122;255;sea;false;ocean;0
14649;64;86;255;sea;false;ocean;0
14650;71;157;255;sea;false;ocean;0
14651;57;142;255;sea;false;ocean;0
14652;52;153;255;sea;false;ocean;0
14653;64;85;255;sea;false;ocean;0
14654;20;110;255;sea;false;ocean;0
14655;13;111;255;sea;true;ocean;0
14656;41;145;255;sea;false;ocean;0
14657;64;104;255;sea;true;ocean;0
14658;19;84;255;sea;false;ocean;0
14659;15;84;255;sea;true;ocean;0
14660;32;146;255;sea;false;ocean;0
14661;19;110;255;sea;false;ocean;0
14662;18;155;255;sea;true;ocean;0
14663;32;118;255;sea;false;ocean;0
14664;52;88;255;sea;false;ocean;0
14665;51;90;255;sea;true;ocean;0
14666;55;85;255;sea;false;ocean;0
14667;55;87;255;sea;false;ocean;0
14668;81;203;255;sea;true;ocean;0
14669;80;155;255;sea;false;ocean;0
14670;94;170;255;sea;true;ocean;0
14671;135;141;255;sea;true;ocean;0
14672;70;28;255;sea;true;ocean;0
14673;42;38;255;sea;true;ocean;0
14674;97;49;255;sea;false;ocean;0
14675;95;8;255;sea;false;ocean;0
14676;68;49;255;sea;false;ocean;0
14677;72;29;255;sea;false;ocean;0
14678;71;40;255;sea;false;ocean;0
14679;65;13;255;sea;false;ocean;0
14680;56;53;255;sea;true;ocean;0
14681;98;21;255;sea;true;ocean;0
14682;110;40;255;sea;false;ocean;0
14683;80;15;255;sea;false;ocean;0
14684;51;46;255;sea;false;ocean;0
14685;89;24;255;sea;false;ocean;0
14686;115;59;255;sea;false;ocean;0
14687;94;49;255;sea;false;ocean;0
14688;77;2;255;sea;false;ocean;0
14689;81;49;255;sea;false;ocean;0
14690;104;25;255;sea;false;ocean;0
14691;82;24;255;sea;false;ocean;0
14692;67;26;255;sea;true;ocean;0
14693;81;11;255;sea;false;ocean;0
14694;93;49;255;sea;false;ocean;0
14695;40;10;255;sea;true;ocean;0
14696;75;19;255;sea;false;ocean;0
14697;109;55;255;sea;false;ocean;0
14698;108;39;255;sea;true;ocean;0
14699;91;31;255;sea;false;ocean;0
14700;92;43;255;sea;false;ocean;0
14701;78;38;255;sea;false;ocean;0
14702;81;27;255;sea;true;ocean;0
14703;96;18;255;sea;true;ocean;0
14704;99;19;255;sea;false;ocean;0
14705;68;15;255;sea;false;ocean;0
14706;65;15;255;sea;true;ocean;0
14707;85;29;255;sea;true;ocean;0
14708;55;89;255;sea;false;ocean;0
14709;11;100;255;sea;true;ocean;0
14710;29;116;255;sea;true;ocean;0
14711;32;125;255;sea;true;ocean;0
14712;70;99;255;sea;false;ocean;0
14713;67;91;255;sea;true;ocean;0
14714;9;61;255;sea;true;ocean;0
14715;46;61;255;sea;true;ocean;0
14716;30;93;255;sea;true;ocean;0
14717;54;58;255;sea;false;ocean;0
14718;52;69;255;sea;true;ocean;0
14719;22;59;255;sea;false;ocean;0
14720;48;68;255;sea;false;ocean;0
14721;62;34;255;sea;true;ocean;0
14722;107;51;255;sea;false;ocean;0
14723;126;67;255;sea;true;ocean;0
14724;84;37;255;sea;true;ocean;0
14725;109;106;255;sea;true;ocean;0
14726;58;43;255;sea;true;ocean;0
14727;93;66;255;sea;true;ocean;0
14728;121;88;255;sea;true;ocean;0
14729;128;91;255;sea;true;ocean;0
14730;72;112;255;sea;false;ocean;0
14731;133;38;255;sea;true;ocean;0
14732;133;41;255;sea;true;ocean;0
14733;106;63;255;sea;true;ocean;0
14734;120;71;255;sea;true;ocean;0
14735;78;60;255;sea;true;ocean;0
14736;84;108;255;sea;true;ocean;0
14737;102;61;255;sea;true;ocean;0
14738;76;92;255;sea;true;ocean;0
14739;103;95;255;sea;true;ocean;0
14740;40;133;255;sea;true;ocean;0
14741;37;149;255;sea;true;ocean;0
14742;21;95;255;sea;true;ocean;0
14743;41;88;255;sea;true;ocean;0
14744;20;150;255;sea;true;ocean;0
14745;7;113;255;sea;false;ocean;0
14746;8;120;255;sea;false;ocean;0
14747;7;123;255;sea;true;ocean;0
14748;45;132;255;sea;true;ocean;0
14749;38;122;255;sea;true;ocean;0
14750;70;78;255;sea;false;ocean;0
14751;43;68;255;sea;false;ocean;0
14752;58;78;255;sea;false;ocean;0
14753;22;76;255;sea;true;ocean;0
14754;21;88;255;sea;false;ocean;0
14755;59;107;255;sea;true;ocean;0
14756;23;119;255;sea;false;ocean;0
14757;55;119;255;sea;false;ocean;0
14758;35;62;255;sea;true;ocean;0
14759;1;77;255;sea;false;ocean;0
14760;63;103;255;sea;true;ocean;0
14761;53;115;255;sea;false;ocean;0
14762;44;108;255;sea;false;ocean;0
14763;60;54;255;sea;false;ocean;0
14764;27;13;255;sea;true;ocean;0
14765;65;26;255;sea;true;ocean;0
14766;44;44;255;sea;true;ocean;0
14767;5;65;255;sea;true;ocean;0
14768;71;27;255;sea;true;ocean;0
14769;29;56;255;sea;true;ocean;0
14770;22;8;255;sea;true;ocean;0
14771;20;5;255;sea;true;ocean;0
14772;71;13;255;sea;true;ocean;0
14773;39;67;255;sea;true;ocean;0
14774;11;55;255;sea;true;ocean;0
14775;47;1;255;sea;true;ocean;0
14776;2;54;255;sea;true;ocean;0
14777;77;44;255;sea;true;ocean;0
14778;18;8;255;sea;true;ocean;0
14779;13;56;255;sea;true;ocean;0
14780;125;156;255;sea;true;ocean;0
14781;85;169;255;sea;false;ocean;0
14782;135;203;255;sea;false;ocean;0
14783;92;210;255;sea;false;ocean;0
14784;157;154;255;sea;true;ocean;0
14785;146;202;255;sea;true;ocean;0
14786;134;192;255;sea;false;ocean;0
14787;148;168;255;sea;false;ocean;0
14788;93;173;255;sea;true;ocean;0
14789;126;148;255;sea;false;ocean;0
14790;43;78;255;sea;true;ocean;0
14791;61;113;255;sea;false;ocean;0
14792;41;118;255;sea;true;ocean;0
14793;45;70;255;sea;true;ocean;0
14794;48;67;255;sea;true;ocean;0
14795;46;89;255;sea;true;ocean;0
14796;65;65;255;sea;false;ocean;0
14797;10;115;255;sea;false;ocean;0
14798;58;72;255;sea;false;ocean;0
14799;58;65;255;sea;true;ocean;0
14800;2;75;255;sea;true;ocean;0
14801;16;72;255;sea;true;ocean;0
14802;10;87;255;sea;true;ocean;0
14803;26;52;255;sea;false;ocean;0
14804;75;87;255;sea;true;ocean;0
14805;29;87;255;sea;true;ocean;0
14806;64;125;255;sea;true;ocean;0
14807;19;79;255;sea;true;ocean;0
14808;17;117;255;sea;true;ocean;0
14809;4;87;255;sea;true;ocean;0
14810;42;68;255;sea;true;ocean;0
14811;70;75;255;sea;true;ocean;0
14812;173;165;255;sea;false;ocean;0
14813;166;191;255;sea;true;ocean;0
14814;161;137;255;sea;true;ocean;0
14815;146;170;255;sea;false;ocean;0
14816;151;183;255;sea;false;ocean;0
14817;131;189;255;sea;false;ocean;0
14818;173;166;255;sea;true;ocean;0
14819;135;131;255;sea;false;ocean;0
14820;108;174;255;sea;true;ocean;0
14821;76;6;255;sea;false;ocean;0
14822;29;13;255;sea;true;ocean;0
14823;14;46;255;sea;true;ocean;0
14824;59;32;255;sea;true;ocean;0
14825;44;54;255;sea;true;ocean;0
14826;33;48;255;sea;false;ocean;0
14827;51;4;255;sea;true;ocean;0
14828;75;39;255;sea;false;ocean;0
14829;57;41;255;sea;true;ocean;0
14830;49;49;255;sea;false;ocean;0
14831;26;87;255;sea;false;ocean;0
14832;60;37;255;sea;false;ocean;0
14833;1;75;255;sea;false;ocean;0
14834;21;80;255;sea;true;ocean;0
14835;16;59;255;sea;true;ocean;0
14836;1;64;255;sea;false;ocean;0
14837;47;85;255;sea;false;ocean;0
14838;41;79;255;sea;false;ocean;0
14839;65;35;255;sea;false;ocean;0
14840;5;87;255;sea;true;ocean;0
14841;34;43;255;sea;false;ocean;0
14842;6;63;255;sea;false;ocean;0
14843;4;20;255;sea;false;ocean;0
14844;41;33;255;sea;false;ocean;0
14845;36;70;255;sea;false;ocean;0
14846;12;75;255;sea;false;ocean;0
14847;47;44;255;sea;false;ocean;0
14848;32;77;255;sea;false;ocean;0
14849;62;82;255;sea;false;ocean;0
14850;0;88;255;sea;false;ocean;0
14851;45;88;255;sea;false;ocean;0
14852;52;27;255;sea;false;ocean;0
14853;65;10;255;sea;false;ocean;0
14854;69;33;255;sea;true;ocean;0
14855;43;88;255;sea;false;ocean;0
14856;1;55;255;sea;false;ocean;0
14857;207;149;255;sea;true;ocean;0
14858;134;180;255;sea;true;ocean;0
14859;17;123;255;sea;false;ocean;0
14860;23;86;255;sea;false;ocean;0
14861;9;126;255;sea;false;ocean;0
14862;6;132;255;sea;false;ocean;0
14863;40;141;255;sea;false;ocean;0
14864;34;130;255;sea;false;ocean;0
14865;27;79;255;sea;false;ocean;0
14866;48;93;255;sea;false;ocean;0
14867;11;105;255;sea;false;ocean;0
14868;37;85;255;sea;true;ocean;0
14869;7;98;255;sea;false;ocean;0
14870;46;139;255;sea;false;ocean;0
14871;29;71;255;sea;false;ocean;0
14872;2;96;255;sea;false;ocean;0
14873;38;84;255;sea;false;ocean;0
14874;14;77;255;sea;false;ocean;0
14875;35;141;255;sea;false;ocean;0
14876;9;129;255;sea;true;ocean;0
14877;24;103;255;sea;false;ocean;0
14878;18;94;255;sea;false;ocean;0
14879;57;68;255;sea;false;ocean;0
14880;37;53;255;sea;false;ocean;0
14881;32;23;255;sea;false;ocean;0
14882;31;56;255;sea;false;ocean;0
14883;36;65;255;sea;false;ocean;0
14884;47;61;255;sea;false;ocean;0
14885;24;36;255;sea;false;ocean;0
14886;19;23;255;sea;false;ocean;0
14887;35;33;255;sea;false;ocean;0
14888;53;18;255;sea;false;ocean;0
14889;33;12;255;sea;false;ocean;0
14890;61;13;255;sea;false;ocean;0
14891;65;27;255;sea;false;ocean;0
14892;11;7;255;sea;false;ocean;0
14893;11;43;255;sea;false;ocean;0
14894;0;13;255;sea;false;ocean;0
14895;13;16;255;sea;false;ocean;0
14896;10;48;255;sea;false;ocean;0
14897;14;0;255;sea;false;ocean;0
14898;75;6;255;sea;false;ocean;0
14899;73;23;255;sea;false;ocean;0
14900;13;40;255;sea;false;ocean;0
14901;39;8;255;sea;false;ocean;0
14902;55;20;255;sea;false;ocean;0
14903;56;48;255;sea;false;ocean;0
14904;172;125;255;sea;false;ocean;0
14905;37;63;255;sea;true;ocean;0
14906;62;108;255;sea;true;ocean;0
14907;41;75;255;sea;true;ocean;0
14908;97;136;255;sea;true;ocean;0
14909;74;127;255;sea;true;ocean;0
14910;71;87;255;sea;true;ocean;0
14911;92;90;255;sea;true;ocean;0
14912;6;121;255;sea;false;ocean;0
14913;21;67;255;sea;true;ocean;0
14914;4;96;255;sea;false;ocean;0
14915;7;120;255;sea;true;ocean;0
14916;12;69;255;sea;true;ocean;0
14917;39;72;255;sea;true;ocean;0
14918;38;108;255;sea;true;ocean;0
14919;12;86;255;sea;true;ocean;0
14920;11;104;255;sea;false;ocean;0
14921;10;105;255;sea;false;ocean;0
14922;22;56;255;sea;false;ocean;0
14923;26;77;255;sea;true;ocean;0
14924;33;96;255;sea;true;ocean;0
14925;15;92;255;sea;true;ocean;0
14926;2;94;255;sea;true;ocean;0
14927;40;118;255;sea;false;ocean;0
14928;19;54;255;sea;false;ocean;0
14929;23;88;255;sea;true;ocean;0
14930;31;92;255;sea;false;ocean;0
14931;138;106;255;sea;true;ocean;0
14932;109;92;255;sea;true;ocean;0
14933;109;151;255;sea;true;ocean;0
14934;153;163;255;sea;true;ocean;0
14935;143;153;255;sea;true;ocean;0
14936;88;106;255;sea;true;ocean;0
14937;139;105;255;sea;false;ocean;0
14938;115;111;255;sea;true;ocean;0
14939;52;126;255;sea;false;ocean;0
14940;83;146;255;sea;false;ocean;0
14941;100;88;255;sea;true;ocean;0
14942;101;72;255;sea;true;ocean;0
14943;118;102;255;sea;true;ocean;0
14944;125;112;255;sea;true;ocean;0
14945;110;76;255;sea;false;ocean;0
14946;83;115;255;sea;true;ocean;0
14947;84;86;255;sea;true;ocean;0
14948;57;124;255;sea;true;ocean;0
14949;141;59;255;sea;true;ocean;0
14950;80;128;255;sea;true;ocean;0
14951;135;71;255;sea;true;ocean;0
14952;124;99;255;sea;true;ocean;0
14953;142;65;255;sea;true;ocean;0
14954;116;101;255;sea;true;ocean;0
14955;108;7;255;sea;false;ocean;0
14956;69;2;255;sea;false;ocean;0
14957;120;8;255;sea;false;ocean;0
14958;72;35;255;sea;false;ocean;0
14959;104;31;255;sea;false;ocean;0
14960;114;24;255;sea;false;ocean;0
14961;58;0;255;sea;false;ocean;0
14962;88;7;255;sea;false;ocean;0
14963;48;56;255;sea;false;ocean;0
14964;53;58;255;sea;false;ocean;0
14965;59;3;255;sea;false;ocean;0
14966;100;30;255;sea;false;ocean;0
14967;83;11;255;sea;false;ocean;0
14968;95;27;255;sea;false;ocean;0
14969;76;37;255;sea;false;ocean;0
14970;97;53;255;sea;false;ocean;0
14971;126;30;255;sea;false;ocean;0
14972;99;14;255;sea;false;ocean;0
14973;50;53;255;sea;false;ocean;0
14974;124;24;255;sea;false;ocean;0
14975;122;58;255;sea;false;ocean;0
14976;112;56;255;sea;false;ocean;0
14977;89;30;255;sea;false;ocean;0
14978;73;43;255;sea;false;ocean;0
14979;63;50;255;sea;false;ocean;0
14980;58;11;255;sea;false;ocean;0
14981;74;51;255;sea;false;ocean;0
14982;101;18;255;sea;false;ocean;0
14983;70;49;255;sea;false;ocean;0
14984;54;14;255;sea;false;ocean;0
14985;68;1;255;sea;false;ocean;0
14986;91;52;255;sea;false;ocean;0
14987;60;18;255;sea;false;ocean;0
14988;59;36;255;sea;false;ocean;0
14989;56;29;255;sea;false;ocean;0
14990;93;3;255;sea;false;ocean;0
14991;121;38;255;sea;false;ocean;0
14992;48;0;255;sea;false;ocean;0
14993;113;25;255;sea;false;ocean;0
14994;52;9;255;sea;false;ocean;0
14995;99;6;255;sea;false;ocean;0
14996;108;26;255;sea;false;ocean;0
14997;74;58;255;sea;false;ocean;0
14998;93;44;255;sea;false;ocean;0
14999;133;207;255;sea;true;ocean;0
15000;133;200;255;sea;true;ocean;0
15001;125;174;255;sea;true;ocean;0
15002;101;5;255;sea;false;ocean;0
15003;116;14;255;sea;true;ocean;0
15004;94;57;255;sea;true;ocean;0
15005;130;73;255;sea;false;ocean;0
15006;141;4;255;sea;false;ocean;0
15007;116;52;255;sea;true;ocean;0
15008;93;11;255;sea;false;ocean;0
15009;145;16;255;sea;false;ocean;0
15010;90;4;255;sea;false;ocean;0
15011;103;49;255;sea;false;ocean;0
15012;80;55;255;sea;false;ocean;0
15013;108;1;255;sea;true;ocean;0
15014;91;72;255;sea;true;ocean;0
15015;82;22;255;sea;true;ocean;0
15016;148;3;255;sea;true;ocean;0
15017;123;39;255;sea;true;ocean;0
15018;133;52;255;sea;false;ocean;0
15019;137;33;255;sea;false;ocean;0
15020;74;68;255;sea;true;ocean;0
15021;74;34;255;sea;false;ocean;0
15022;126;68;255;sea;false;ocean;0
15023;117;41;255;sea;false;ocean;0
15024;138;22;255;sea;false;ocean;0
15025;132;140;255;sea;false;ocean;0
15026;86;114;255;sea;false;ocean;0
15027;98;82;255;sea;false;ocean;0
15028;113;127;255;sea;false;ocean;0
15029;87;97;255;sea;false;ocean;0
15030;106;136;255;sea;false;ocean;0
15031;58;150;255;sea;false;ocean;0
15032;86;115;255;sea;false;ocean;0
15033;93;93;255;sea;false;ocean;0
15034;79;99;255;sea;false;ocean;0
15035;114;104;255;sea;false;ocean;0
15036;81;137;255;sea;false;ocean;0
15037;110;115;255;sea;false;ocean;0
15038;75;138;255;sea;false;ocean;0
15039;87;143;255;sea;false;ocean;0
15040;56;153;255;sea;false;ocean;0
15041;76;113;255;sea;false;ocean;0
15042;56;126;255;sea;false;ocean;0
15043;135;107;255;sea;false;ocean;0
15044;109;79;255;sea;false;ocean;0
15045;57;108;255;sea;false;ocean;0
15046;108;94;255;sea;false;ocean;0
15047;65;126;255;sea;false;ocean;0
15048;129;133;255;sea;false;ocean;0
15049;70;122;255;sea;false;ocean;0
15050;101;152;255;sea;false;ocean;0
15051;121;179;255;sea;true;ocean;0
15052;179;142;255;sea;true;ocean;0
15053;138;184;255;sea;true;ocean;0
15054;187;204;255;sea;true;ocean;0
15055;134;127;255;sea;true;ocean;0
15056;173;182;255;sea;true;ocean;0
15057;148;186;255;sea;true;ocean;0
15058;148;179;255;sea;true;ocean;0
15059;192;188;255;sea;true;ocean;0
15060;193;169;255;sea;false;ocean;0
15061;199;148;255;sea;true;ocean;0
15062;138;157;255;sea;true;ocean;0
15063;169;125;255;sea;true;ocean;0
15064;109;43;255;sea;true;ocean;0
15065;68;18;255;sea;true;ocean;0
15066;54;54;255;sea;true;ocean;0
15067;76;31;255;sea;true;ocean;0
15068;57;49;255;sea;true;ocean;0
15069;107;84;255;sea;true;ocean;0
15070;92;26;255;sea;true;ocean;0
15071;94;61;255;sea;true;ocean;0
15072;101;87;255;sea;true;ocean;0
15073;80;78;255;sea;true;ocean;0
15074;81;21;255;sea;true;ocean;0
15075;114;30;255;sea;true;ocean;0
15076;38;6;255;sea;true;ocean;0
15077;36;44;255;sea;false;ocean;0
15078;38;38;255;sea;false;ocean;0
15079;1;33;255;sea;false;ocean;0
15080;39;7;255;sea;true;ocean;0
15081;52;30;255;sea;true;ocean;0
15082;46;23;255;sea;true;ocean;0
15083;17;7;255;sea;true;ocean;0
15084;36;22;255;sea;true;ocean;0
15085;36;37;255;sea;false;ocean;0
15086;6;11;255;sea;false;ocean;0
15087;1;11;255;sea;false;ocean;0
15088;11;22;255;sea;false;ocean;0
15089;48;11;255;sea;false;ocean;0
15090;42;8;255;sea;true;ocean;0
15091;8;37;255;sea;false;ocean;0
15092;36;43;255;sea;false;ocean;0
15093;24;26;255;sea;false;ocean;0
15094;28;15;255;sea;false;ocean;0
15095;34;12;255;sea;false;ocean;0
15096;59;40;255;sea;false;ocean;0
15097;59;13;255;sea;false;ocean;0
15098;23;24;255;sea;false;ocean;0
15099;48;12;255;sea;true;ocean;0
15100;41;44;255;sea;false;ocean;0
15101;4;36;255;sea;false;ocean;0
15102;43;6;255;sea;false;ocean;0
15103;41;2;255;sea;true;ocean;0
15104;55;12;255;sea;false;ocean;0
15105;37;2;255;sea;true;ocean;0
15106;30;2;255;sea;true;ocean;0
15107;39;20;255;sea;true;ocean;0
15108;8;39;255;sea;false;ocean;0
15109;53;32;255;sea;false;ocean;0
15110;54;48;255;sea;false;ocean;0
15111;7;15;255;sea;false;ocean;0
15112;40;14;255;sea;false;ocean;0
15113;23;29;255;sea;false;ocean;0
15114;20;43;255;sea;true;ocean;0
15115;25;1;255;sea;true;ocean;0
15116;13;36;255;sea;false;ocean;0
15117;53;30;255;sea;false;ocean;0
15118;32;49;255;sea;false;ocean;0
15119;39;38;255;sea;false;ocean;0
15120;3;54;255;sea;false;ocean;0
15121;16;29;255;sea;false;ocean;0
15122;28;40;255;sea;false;ocean;0
15123;7;2;255;sea;false;ocean;0
15124;0;27;255;sea;false;ocean;0
15125;42;12;255;sea;false;ocean;0
15126;63;12;255;sea;false;ocean;0
15127;54;57;255;sea;false;ocean;0
15128;158;139;255;sea;true;ocean;0
15129;92;87;255;sea;false;ocean;0
15130;99;115;255;sea;true;ocean;0
15131;112;110;255;sea;false;ocean;0
15132;100;160;255;sea;false;ocean;0
15133;143;148;255;sea;false;ocean;0
15134;145;108;255;sea;true;ocean;0
15135;133;120;255;sea;true;ocean;0
15136;85;139;255;sea;true;ocean;0
15137;130;124;255;sea;true;ocean;0
15138;156;86;255;sea;true;ocean;0
15139;131;126;255;sea;false;ocean;0
15140;92;86;255;sea;false;ocean;0
15141;128;114;255;sea;false;ocean;0
15142;102;94;255;sea;true;ocean;0
15143;162;152;255;sea;true;ocean;0
15144;131;113;255;sea;false;ocean;0
15145;149;149;255;sea;false;ocean;0
15146;160;118;255;sea;true;ocean;0
15147;62;109;255;sea;true;ocean;0
15148;48;96;255;sea;false;ocean;0
15149;50;94;255;sea;false;ocean;0
15150;60;103;255;sea;false;ocean;0
15151;57;44;255;sea;false;ocean;0
15152;48;60;255;sea;false;ocean;0
15153;61;73;255;sea;true;ocean;0
15154;55;77;255;sea;true;ocean;0
15155;68;90;255;sea;true;ocean;0
15156;79;98;255;sea;false;ocean;0
15157;16;99;255;sea;false;ocean;0
15158;82;84;255;sea;false;ocean;0
15159;48;115;255;sea;false;ocean;0
15160;45;112;255;sea;true;ocean;0
15161;54;98;255;sea;false;ocean;0
15162;45;68;255;sea;false;ocean;0
15163;87;86;255;sea;false;ocean;0
15164;34;50;255;sea;false;ocean;0
15165;22;88;255;sea;false;ocean;0
15166;37;52;255;sea;false;ocean;0
15167;60;111;255;sea;false;ocean;0
15168;66;61;255;sea;false;ocean;0
15169;77;90;255;sea;false;ocean;0
15170;45;76;255;sea;false;ocean;0
15171;62;98;255;sea;false;ocean;0
15172;16;44;255;sea;false;ocean;0
15173;93;91;255;sea;false;ocean;0
15174;53;44;255;sea;false;ocean;0
15175;62;56;255;sea;false;ocean;0
15176;49;101;255;sea;false;ocean;0
15177;30;65;255;sea;false;ocean;0
15178;76;53;255;sea;false;ocean;0
15179;25;54;255;sea;false;ocean;0
15180;74;76;255;sea;false;ocean;0
15181;27;80;255;sea;false;ocean;0
15182;46;82;255;sea;true;ocean;0
15183;20;89;255;sea;false;ocean;0
15184;17;102;255;sea;false;ocean;0
15185;85;46;255;sea;true;ocean;0
15186;93;108;255;sea;false;ocean;0
15187;80;99;255;sea;false;ocean;0
15188;71;68;255;sea;false;ocean;0
15189;78;114;255;sea;true;ocean;0
15190;48;77;255;sea;false;ocean;0
15191;93;58;255;sea;false;ocean;0
15192;87;120;255;sea;false;ocean;0
15193;30;76;255;sea;false;ocean;0
15194;31;44;255;sea;false;ocean;0
15195;68;81;255;sea;false;ocean;0
15196;33;87;255;sea;false;ocean;0
15197;60;48;255;sea;false;ocean;0
15198;60;91;255;sea;false;ocean;0
15199;94;69;255;sea;true;ocean;0
15200;25;116;255;sea;true;ocean;0
15201;94;82;255;sea;true;ocean;0
15202;59;121;255;sea;false;ocean;0
15203;77;68;255;sea;false;ocean;0
15204;43;86;255;sea;false;ocean;0
15205;78;78;255;sea;false;ocean;0
15206;26;117;255;sea;false;ocean;0
15207;108;205;255;sea;true;ocean;0
15208;139;154;255;sea;true;ocean;0
15209;125;138;255;sea;true;ocean;0
15210;102;205;255;sea;true;ocean;0
15211;154;155;255;sea;true;ocean;0
15212;148;153;255;sea;true;ocean;0
15213;126;212;255;sea;true;ocean;0
15214;119;142;255;sea;true;ocean;0
15215;96;163;255;sea;true;ocean;0
15216;120;211;255;sea;true;ocean;0
15217;102;208;255;sea;false;ocean;0
15218;105;182;255;sea;true;ocean;0
15219;119;162;255;sea;true;ocean;0
15220;124;136;255;sea;false;ocean;0
15221;158;194;255;sea;false;ocean;0
15222;123;148;255;sea;false;ocean;0
15223;176;167;255;sea;false;ocean;0
15224;178;160;255;sea;false;ocean;0
15225;163;153;255;sea;true;ocean;0
15226;112;209;255;sea;true;ocean;0
15227;114;137;255;sea;false;ocean;0
15228;112;146;255;sea;true;ocean;0
15229;119;187;255;sea;true;ocean;0
15230;140;151;255;sea;true;ocean;0
15231;171;137;255;sea;false;ocean;0
15232;169;208;255;sea;true;ocean;0
15233;159;191;255;sea;true;ocean;0
15234;136;134;255;sea;true;ocean;0
15235;179;177;255;sea;false;ocean;0
15236;167;142;255;sea;false;ocean;0
15237;174;182;255;sea;false;ocean;0
15238;88;63;255;sea;true;ocean;0
15239;27;4;255;sea;false;ocean;0
15240;15;18;255;sea;false;ocean;0
15241;47;3;255;sea;true;ocean;0
15242;85;50;255;sea;false;ocean;0
15243;91;14;255;sea;false;ocean;0
15244;28;2;255;sea;false;ocean;0
15245;35;6;255;sea;true;ocean;0
15246;34;56;255;sea;false;ocean;0
15247;54;44;255;sea;false;ocean;0
15248;42;31;255;sea;false;ocean;0
15249;48;4;255;sea;false;ocean;0
15250;81;39;255;sea;false;ocean;0
15251;84;3;255;sea;false;ocean;0
15252;65;32;255;sea;false;ocean;0
15253;41;27;255;sea;true;ocean;0
15254;49;6;255;sea;false;ocean;0
15255;37;28;255;sea;false;ocean;0
15256;87;55;255;sea;true;ocean;0
15257;15;49;255;sea;false;ocean;0
15258;30;18;255;sea;false;ocean;0
15259;34;37;255;sea;false;ocean;0
15260;81;37;255;sea;false;ocean;0
15261;87;60;255;sea;false;ocean;0
15262;74;17;255;sea;true;ocean;0
15263;41;63;255;sea;false;ocean;0
15264;90;68;255;sea;false;ocean;0
15265;65;23;255;sea;false;ocean;0
15266;85;60;255;sea;false;ocean;0
15267;29;67;255;sea;false;ocean;0
15268;60;62;255;sea;false;ocean;0
15269;55;13;255;sea;false;ocean;0
15270;132;150;255;sea;false;ocean;0
15271;110;182;255;sea;false;ocean;0
15272;181;171;255;sea;false;ocean;0
15273;138;190;255;sea;false;ocean;0
15274;177;143;255;sea;false;ocean;0
15275;177;153;255;sea;false;ocean;0
15276;169;137;255;sea;false;ocean;0
15277;110;130;255;sea;false;ocean;0
15278;182;173;255;sea;false;ocean;0
15279;163;126;255;sea;false;ocean;0
15280;168;145;255;sea;false;ocean;0
15281;144;142;255;sea;false;ocean;0
15282;156;163;255;sea;false;ocean;0
15283;182;158;255;sea;false;ocean;0
15284;158;125;255;sea;false;ocean;0
15285;142;161;255;sea;false;ocean;0
15286;171;115;255;sea;false;ocean;0
15287;105;175;255;sea;false;ocean;0
15288;120;158;255;sea;false;ocean;0
15289;168;123;255;sea;false;ocean;0
15290;161;154;255;sea;false;ocean;0
15291;132;165;255;sea;false;ocean;0
15292;127;178;255;sea;false;ocean;0
15293;123;134;255;sea;false;ocean;0
15294;117;133;255;sea;false;ocean;0
15295;180;128;255;sea;false;ocean;0
15296;153;176;255;sea;false;ocean;0
15297;135;123;255;sea;false;ocean;0
15298;124;148;255;sea;false;ocean;0
15299;155;138;255;sea;false;ocean;0
15300;175;144;255;sea;false;ocean;0
15301;133;148;255;sea;false;ocean;0
15302;83;97;255;sea;true;ocean;0
15303;88;92;255;sea;true;ocean;0
15304;76;44;255;sea;false;ocean;0
15305;70;77;255;sea;true;ocean;0
15306;43;92;255;sea;true;ocean;0
15307;60;34;255;sea;true;ocean;0
15308;79;66;255;sea;true;ocean;0
15309;39;104;255;sea;false;ocean;0
15310;24;96;255;sea;false;ocean;0
15311;44;76;255;sea;false;ocean;0
15312;77;84;255;sea;false;ocean;0
15313;94;94;255;sea;true;ocean;0
15314;79;110;255;sea;false;ocean;0
15315;43;73;255;sea;false;ocean;0
15316;58;88;255;sea;false;ocean;0
15317;80;102;255;sea;true;ocean;0
15318;34;45;255;sea;false;ocean;0
15319;51;59;255;sea;false;ocean;0
15320;77;80;255;sea;false;ocean;0
15321;51;68;255;sea;true;ocean;0
15322;93;69;255;sea;true;ocean;0
15323;94;45;255;sea;false;ocean;0
15324;44;49;255;sea;true;ocean;0
15325;98;87;255;sea;false;ocean;0
15326;121;131;255;sea;true;ocean;0
15327;58;148;255;sea;true;ocean;0
15328;58;82;255;sea;true;ocean;0
15329;56;123;255;sea;true;ocean;0
15330;66;108;255;sea;true;ocean;0
15331;55;142;255;sea;true;ocean;0
15332;51;133;255;sea;true;ocean;0
15333;60;106;255;sea;true;ocean;0
15334;21;25;255;sea;false;ocean;0
15335;53;20;255;sea;true;ocean;0
15336;46;17;255;sea;true;ocean;0
15337;44;16;255;sea;true;ocean;0
15338;2;15;255;sea;false;ocean;0
15339;9;38;255;sea;true;ocean;0
15340;35;15;255;sea;false;ocean;0
15341;27;17;255;sea;true;ocean;0
15342;11;1;255;sea;false;ocean;0
15343;45;33;255;sea;true;ocean;0
15344;24;3;255;sea;true;ocean;0
15345;15;35;255;sea;true;ocean;0
15346;36;17;255;sea;true;ocean;0
15347;35;4;255;sea;true;ocean;0
15348;50;31;255;sea;true;ocean;0
15349;33;11;255;sea;true;ocean;0
15350;59;26;255;sea;true;ocean;0
15351;21;16;255;sea;true;ocean;0
15352;47;12;255;sea;true;ocean;0
15353;40;3;255;sea;true;ocean;0
15354;55;11;255;sea;false;ocean;0
15355;33;27;255;sea;true;ocean;0
15356;60;33;255;sea;true;ocean;0
15357;57;30;255;sea;true;ocean;0
15358;36;27;255;sea;true;ocean;0
15359;60;12;255;sea;false;ocean;0
15360;3;34;255;sea;false;ocean;0
15361;10;15;255;sea;false;ocean;0
15362;4;19;255;sea;true;ocean;0
15363;29;28;255;sea;false;ocean;0
15364;20;36;255;sea;true;ocean;0
15365;27;32;255;sea;true;ocean;0
15366;114;89;255;sea;true;ocean;0
15367;49;143;255;sea;false;ocean;0
15368;58;95;255;sea;false;ocean;0
15369;73;74;255;sea;false;ocean;0
15370;81;138;255;sea;true;ocean;0
15371;77;131;255;sea;false;ocean;0
15372;86;109;255;sea;false;ocean;0
15373;58;144;255;sea;true;ocean;0
15374;119;86;255;sea;false;ocean;0
15375;94;121;255;sea;false;ocean;0
15376;82;71;255;sea;false;ocean;0
15377;85;131;255;sea;true;ocean;0
15378;96;100;255;sea;true;ocean;0
15379;94;84;255;sea;true;ocean;0
15380;100;141;255;sea;true;ocean;0
15381;86;144;255;sea;false;ocean;0
15382;62;148;255;sea;true;ocean;0
15383;27;131;255;sea;false;ocean;0
15384;12;77;255;sea;false;ocean;0
15385;0;108;255;sea;false;ocean;0
15386;6;103;255;sea;false;ocean;0
15387;5;69;255;sea;false;ocean;0
15388;27;65;255;sea;false;ocean;0
15389;12;72;255;sea;false;ocean;0
15390;8;83;255;sea;false;ocean;0
15391;42;73;255;sea;false;ocean;0
15392;39;97;255;sea;false;ocean;0
15393;27;84;255;sea;false;ocean;0
15394;49;158;255;sea;false;ocean;0
15395;30;145;255;sea;false;ocean;0
15396;73;164;255;sea;false;ocean;0
15397;33;143;255;sea;false;ocean;0
15398;68;167;255;sea;false;ocean;0
15399;41;124;255;sea;false;ocean;0
15400;54;172;255;sea;false;ocean;0
15401;31;163;255;sea;false;ocean;0
15402;69;118;255;sea;false;ocean;0
15403;49;105;255;sea;false;ocean;0
15404;38;120;255;sea;false;ocean;0
15405;90;144;255;sea;false;ocean;0
15406;37;151;255;sea;false;ocean;0
15407;89;179;255;sea;false;ocean;0
15408;27;157;255;sea;false;ocean;0
15409;90;109;255;sea;false;ocean;0
15410;49;181;255;sea;false;ocean;0
15411;31;124;255;sea;false;ocean;0
15412;101;176;255;sea;false;ocean;0
15413;56;132;255;sea;true;ocean;0
15414;17;152;255;sea;true;ocean;0
15415;45;121;255;sea;true;ocean;0
15416;40;119;255;sea;true;ocean;0
15417;65;125;255;sea;true;ocean;0
15418;64;108;255;sea;true;ocean;0
15419;4;81;255;sea;true;ocean;0
15420;22;81;255;sea;false;ocean;0
15421;7;133;255;sea;true;ocean;0
15422;44;84;255;sea;true;ocean;0
15423;12;125;255;sea;true;ocean;0
15424;38;119;255;sea;true;ocean;0
15425;19;80;255;sea;false;ocean;0
15426;39;113;255;sea;false;ocean;0
15427;42;105;255;sea;false;ocean;0
15428;17;122;255;sea;false;ocean;0
15429;54;91;255;sea;false;ocean;0
15430;41;51;255;sea;false;ocean;0
15431;48;108;255;sea;false;ocean;0
15432;38;109;255;sea;false;ocean;0
15433;16;62;255;sea;false;ocean;0
15434;63;76;255;sea;false;ocean;0
15435;71;126;255;sea;false;ocean;0
15436;57;109;255;sea;false;ocean;0
15437;28;78;255;sea;false;ocean;0
15438;55;51;255;sea;false;ocean;0
15439;69;202;128;lake;false;lakes;0
15440;140;153;128;lake;false;lakes;0
15441;145;143;128;lake;false;lakes;0
15442;73;62;128;lake;false;lakes;0
15443;66;123;128;lake;false;lakes;0
15444;32;48;128;lake;false;lakes;0
15445;92;72;128;lake;false;lakes;0
15446;65;103;128;lake;false;lakes;0
15447;82;52;128;lake;false;lakes;0
15448;113;52;128;lake;false;lakes;0
15449;76;129;128;lake;false;lakes;0
15450;81;17;128;lake;false;lakes;0
15451;51;114;128;lake;false;lakes;0
15452;4;60;128;lake;false;lakes;0
15453;129;142;128;lake;false;lakes;0
15454;23;178;128;lake;false;lakes;0
15455;68;121;128;lake;false;lakes;0
15456;132;16;128;lake;false;lakes;0
15457;36;102;128;lake;false;lakes;0
15458;83;129;128;lake;false;lakes;0
15459;131;14;128;lake;false;lakes;0
15460;100;128;128;lake;false;lakes;0
15461;94;12;128;lake;false;lakes;0
15462;107;41;128;lake;false;lakes;0
15463;2;57;128;lake;false;lakes;0
15464;19;16;128;lake;false;lakes;0
15465;141;137;128;lake;false;lakes;0
15466;39;90;128;lake;false;lakes;0
15467;98;100;128;lake;false;lakes;0
15468;86;177;128;lake;false;lakes;0
15469;138;178;128;lake;false;lakes;0
15470;42;81;128;lake;false;lakes;0
15471;20;47;128;lake;false;lakes;0
15472;40;33;128;lake;false;lakes;0
15473;35;133;128;lake;false;lakes;0
15474;15;85;128;lake;false;lakes;0
15475;78;16;128;lake;false;lakes;0
15476;75;2;128;lake;false;lakes;0
15477;113;46;128;lake;false;lakes;0
15478;68;69;128;lake;false;lakes;0
15479;151;9;128;lake;false;lakes;0
15480;37;50;128;lake;false;lakes;0
15481;34;41;128;lake;false;lakes;0
15482;16;47;128;lake;false;lakes;0
15483;46;110;128;lake;false;lakes;0
15484;124;127;128;lake;false;lakes;0
15485;24;113;128;lake;false;lakes;0
15486;112;19;128;lake;false;lakes;0
15487;10;64;128;lake;false;lakes;0
15488;212;232;128;lake;false;lakes;0
15489;88;41;128;lake;false;lakes;0
15490;133;94;128;lake;false;lakes;0
15491;64;100;128;lake;false;lakes;0
15492;124;1;128;lake;false;lakes;0
15493;65;141;173;land;true;plains;7
15494;137;22;43;land;true;plains;6
15495;136;1;112;land;true;plains;7
